timestamp,cpu_utilization,network_bytes_out,failed_login_count,api_calls_per_min,login_hour,unique_ips_per_user,is_anomaly,anomaly_type
2026-01-01 00:00:00,27.980284918067397,39.82257904269167,0,29.43810705438854,0,1,0,normal
2026-01-01 00:01:00,24.170414192972892,45.41750805419521,2,14.151327163939738,0,1,0,normal
2026-01-01 00:02:00,28.886131228604157,41.03928408432286,0,25.857303135243217,0,1,0,normal
2026-01-01 00:03:00,34.13817913844815,51.65627070419179,0,27.185705415951514,0,1,0,normal
2026-01-01 00:04:00,23.595079751659984,67.95767797192869,0,9.054656554472258,0,2,0,normal
2026-01-01 00:05:00,23.595178258304916,38.43436764288193,1,30.423089361180452,0,1,0,normal
2026-01-01 00:06:00,34.47527689304435,65.01230746652621,0,6.811520931512403,0,4,0,normal
2026-01-01 00:07:00,29.604608374917454,38.274918914796686,0,22.98987819628584,0,2,0,normal
2026-01-01 00:08:00,22.183153684390287,37.28559181254674,0,16.249481420918038,0,1,0,normal
2026-01-01 00:09:00,28.25536026151579,62.2789192751482,0,28.098798378036577,0,2,0,normal
2026-01-01 00:10:00,22.21949384312523,63.829045670114255,0,22.63831765755667,0,1,0,normal
2026-01-01 00:11:00,22.205621478578458,62.771149051439814,0,34.32720704893123,0,2,0,normal
2026-01-01 00:12:00,26.451773629396204,30.263038876727883,1,29.093984305961456,0,1,0,normal
2026-01-01 00:13:00,13.520318532053214,43.01073532891924,0,21.054786537816597,0,1,0,normal
2026-01-01 00:14:00,14.650493004921803,62.34482888004982,0,29.64007568249891,0,1,0,normal
2026-01-01 00:15:00,21.626274824554166,50.62312760845842,1,19.174467712578195,0,1,0,normal
2026-01-01 00:16:00,18.923013277993455,33.89460730703804,0,11.286252012482434,0,3,0,normal
2026-01-01 00:17:00,26.885483995571644,56.87476908688163,0,16.3407079217982,0,2,0,normal
2026-01-01 00:18:00,19.551855546872734,39.27789111512794,0,19.08182671304928,0,2,0,normal
2026-01-01 00:19:00,16.526177791988253,76.91787272588319,2,0.0,0,2,0,normal
2026-01-01 00:20:00,33.79389261352932,73.17262193627388,0,31.069316137682446,0,1,0,normal
2026-01-01 00:21:00,23.645342197080787,59.06146139533351,0,19.22393896283325,0,1,0,normal
2026-01-01 00:22:00,25.405169228127544,70.4151005715466,0,27.71232348335188,0,1,0,normal
2026-01-01 00:23:00,16.45151088271926,50.97187025185072,0,21.284161492908005,0,3,0,normal
2026-01-01 00:24:00,21.733703652848902,61.481562415625234,0,7.669629973703088,0,1,0,normal
2026-01-01 00:25:00,25.665535538259196,72.16580442953112,0,20.635386795436915,0,1,0,normal
2026-01-01 00:26:00,18.094038535466183,53.68248022691469,1,19.041202533726445,0,1,0,normal
2026-01-01 00:27:00,27.254188110074033,46.172192427285744,0,14.514407623962114,0,1,0,normal
2026-01-01 00:28:00,21.39616786048717,24.43067062734326,0,16.877610176145136,0,1,0,normal
2026-01-01 00:29:00,23.24983750124034,48.75299711417759,0,20.212108537721857,0,1,0,normal
2026-01-01 00:30:00,21.38976032662362,62.35134776843467,1,0.3659381110445743,0,1,0,normal
2026-01-01 00:31:00,36.113669107053624,64.18450141351444,0,22.88044279409112,0,1,0,normal
2026-01-01 00:32:00,24.919016651572395,57.565475985776146,0,24.83199990836966,0,1,0,normal
2026-01-01 00:33:00,18.6537344262646,41.880513575566404,0,24.007355541328316,0,1,0,normal
2026-01-01 00:34:00,29.935269472619133,20.347676465786144,1,17.748424651012957,0,1,0,normal
2026-01-01 00:35:00,17.67493810017387,42.571773529928976,3,35.71313079164821,0,1,0,normal
2026-01-01 00:36:00,26.25318157002853,45.43482693419073,0,24.087893240968516,0,2,0,normal
2026-01-01 00:37:00,13.241979256721347,45.306065492149784,1,16.657146238694928,0,2,0,normal
2026-01-01 00:38:00,17.030883706609416,59.278345354668865,0,10.089053739409286,0,2,0,normal
2026-01-01 00:39:00,26.18116741521474,79.7851461652226,0,9.080584152255689,0,2,0,normal
2026-01-01 00:40:00,29.430799479972464,51.852938027616396,0,23.198988700234068,0,1,0,normal
2026-01-01 00:41:00,26.028209687139825,46.749023162653074,0,25.77485593288138,0,1,0,normal
2026-01-01 00:42:00,24.306110305670558,46.111672804938614,0,20.994149902250626,0,1,0,normal
2026-01-01 00:43:00,23.193377826464268,51.86577150361571,0,19.547474922269497,0,1,0,normal
2026-01-01 00:44:00,16.128868057795437,37.57559359477402,0,17.2871514183193,0,1,0,normal
2026-01-01 00:45:00,20.68093474963175,51.802978381190826,0,23.941056604415788,0,1,0,normal
2026-01-01 00:46:00,22.236167374241276,56.762185044976995,1,13.792101020633446,0,3,0,normal
2026-01-01 00:47:00,91.48706505374386,53.14529095361732,0,19.843518648486437,0,4,1,crypto_mining
2026-01-01 00:48:00,27.06170973741077,56.86312901007172,0,20.740715354087463,0,1,0,normal
2026-01-01 00:49:00,14.421759067823597,56.50621414022803,0,24.61427169868793,0,3,0,normal
2026-01-01 00:50:00,26.94450381636877,23.421549766303343,0,13.453690851425318,0,2,0,normal
2026-01-01 00:51:00,22.6895063175021,59.553052375931046,0,11.96536376464448,0,3,0,normal
2026-01-01 00:52:00,20.93846799816425,39.934777315063194,0,20.398342574749737,0,2,0,normal
2026-01-01 00:53:00,28.67005773304521,33.562412554940636,0,21.656074643154938,0,3,0,normal
2026-01-01 00:54:00,31.185997134975707,33.433222582175055,0,19.957700556115718,0,2,0,normal
2026-01-01 00:55:00,30.587680714697193,56.50312415708794,1,0.0,0,1,0,normal
2026-01-01 00:56:00,19.964694860664167,46.661376091627204,1,22.66052284935714,0,1,0,normal
2026-01-01 00:57:00,23.144725744892714,24.77046824021884,0,40.54734426951708,0,1,0,normal
2026-01-01 00:58:00,26.987580588421384,57.17056722788425,2,27.345649012159576,0,2,0,normal
2026-01-01 00:59:00,30.853270762734155,28.40587803801759,0,4.351091080360625,0,3,0,normal
2026-01-01 01:00:00,22.12495457292826,52.097320377773165,0,16.756819487370446,1,1,0,normal
2026-01-01 01:01:00,23.886046140017097,53.57748388509581,0,18.43765273744533,1,2,0,normal
2026-01-01 01:02:00,18.36199015596383,63.28365622542567,0,17.432836520741557,1,1,0,normal
2026-01-01 01:03:00,17.822760255515973,76.72527179700278,2,10.088709100635562,1,2,0,normal
2026-01-01 01:04:00,29.875154934365188,29.529855111491877,1,12.85573581661058,1,1,0,normal
2026-01-01 01:05:00,33.13744017142494,49.212892159054256,0,27.470617745818885,1,3,0,normal
2026-01-01 01:06:00,24.567939270517996,45.85497057433674,0,25.97717719589272,1,1,0,normal
2026-01-01 01:07:00,31.021197387352146,56.50624528941444,0,19.10677218787229,1,1,0,normal
2026-01-01 01:08:00,27.169816150285804,53.23503156400428,1,27.584763794815164,1,1,0,normal
2026-01-01 01:09:00,21.129281472369254,44.7118063589507,0,14.745367889007014,1,1,0,normal
2026-01-01 01:10:00,27.168373633050482,43.386467170837165,0,17.257360312562106,1,1,0,normal
2026-01-01 01:11:00,34.228219398795815,33.25323717223929,1,17.082535064207374,1,1,0,normal
2026-01-01 01:12:00,24.78504376534029,64.81792373609764,0,7.588711394721818,1,1,0,normal
2026-01-01 01:13:00,34.387861934884036,56.88806272399294,0,17.953351080433197,1,1,0,normal
2026-01-01 01:14:00,9.281529375461535,63.766522966927056,1,33.10304520039487,1,1,0,normal
2026-01-01 01:15:00,29.931415026251344,45.344057952867296,0,32.22847755073559,1,1,0,normal
2026-01-01 01:16:00,25.522282409429028,40.147467969583545,1,20.937722355173342,1,1,0,normal
2026-01-01 01:17:00,23.205955897204795,33.82527400056158,1,18.250172798267577,1,3,0,normal
2026-01-01 01:18:00,25.550564659213013,55.38376375610989,0,34.15139503209183,1,2,0,normal
2026-01-01 01:19:00,13.074586512394642,34.403101632076485,0,18.026913175784244,1,1,0,normal
2026-01-01 01:20:00,23.68196867297493,77.72994603449825,0,15.852160427897681,1,1,0,normal
2026-01-01 01:21:00,27.14267542907048,501.05939893818623,0,27.656846030846943,1,1,1,data_exfiltration
2026-01-01 01:22:00,33.867364268449094,54.104901788187526,0,6.311181034809078,1,2,0,normal
2026-01-01 01:23:00,21.890378690358116,73.50282060820679,0,19.11231135223165,1,1,0,normal
2026-01-01 01:24:00,20.149038382640875,58.98634638895714,1,19.474742182263242,1,1,0,normal
2026-01-01 01:25:00,21.98945773849278,52.635105687376694,0,24.122562484931084,1,1,0,normal
2026-01-01 01:26:00,30.492412706212445,35.47274529557157,0,15.261751231406027,1,1,0,normal
2026-01-01 01:27:00,26.972506657958107,29.27346217148444,0,18.639594289788782,1,1,0,normal
2026-01-01 01:28:00,21.821438777397766,61.55075163376379,0,20.74836336862635,1,3,0,normal
2026-01-01 01:29:00,28.079604598680135,72.5922086116242,0,17.96431459771653,1,1,0,normal
2026-01-01 01:30:00,25.58246529608824,43.41725014282743,1,18.516173542440658,1,1,0,normal
2026-01-01 01:31:00,30.811869943197337,32.91407738575474,18,26.662168708600255,4,1,1,brute_force_login
2026-01-01 01:32:00,20.787681436735888,13.127458541764724,0,24.64794097676901,1,1,0,normal
2026-01-01 01:33:00,23.03402712041339,35.28852734506194,0,24.144017406545412,1,1,0,normal
2026-01-01 01:34:00,22.647351081207056,48.2951473625144,0,6.851949724094187,1,1,0,normal
2026-01-01 01:35:00,16.21891031120729,73.98684861255101,1,23.438325806137616,1,1,0,normal
2026-01-01 01:36:00,26.776721662387455,60.097005383494526,0,13.275073745508209,1,1,0,normal
2026-01-01 01:37:00,26.566331633079336,54.5762810706013,0,35.93192529297569,1,2,0,normal
2026-01-01 01:38:00,25.030680739854766,43.99820508048303,1,19.926506223322253,1,3,0,normal
2026-01-01 01:39:00,23.59247719974912,41.252514241160654,0,18.43124951273126,1,1,0,normal
2026-01-01 01:40:00,16.507775547697513,71.08471396261945,0,32.15205269104327,1,1,0,normal
2026-01-01 01:41:00,22.476128063407845,53.011078111375845,1,29.668647272344092,1,1,0,normal
2026-01-01 01:42:00,22.943712900839383,18.46098962118467,0,18.10229391197522,1,1,0,normal
2026-01-01 01:43:00,20.186336384670287,39.89690528154136,1,10.586816685463427,1,1,0,normal
2026-01-01 01:44:00,24.032285730003945,37.1267595234256,0,5.890957624493259,1,1,0,normal
2026-01-01 01:45:00,27.42430514088723,41.806039862338025,0,11.620425897354838,1,1,0,normal
2026-01-01 01:46:00,36.31711540726318,58.443659904276274,0,22.56805279470624,1,1,0,normal
2026-01-01 01:47:00,26.047466876991034,48.388326773086256,0,18.818655568354355,1,1,0,normal
2026-01-01 01:48:00,26.545302344336587,48.84701889494507,0,12.50473249866726,1,1,0,normal
2026-01-01 01:49:00,24.553324505402998,69.70209741987856,1,16.862539676350416,1,1,0,normal
2026-01-01 01:50:00,13.48737270820575,39.55308365319967,0,33.73583324248447,1,2,0,normal
2026-01-01 01:51:00,24.8409167473047,77.96299288831024,1,201.06619386865364,1,14,1,credential_stuffing
2026-01-01 01:52:00,25.36138125964616,39.93038612943371,0,34.02159573112226,1,4,0,normal
2026-01-01 01:53:00,39.77945267491172,51.33797294918857,0,14.481520463742783,1,3,0,normal
2026-01-01 01:54:00,23.845834211313264,45.7819460689585,0,26.455688449147875,1,2,0,normal
2026-01-01 01:55:00,26.809284054001676,51.85128700251442,1,25.62598756646964,1,1,0,normal
2026-01-01 01:56:00,24.79172938176854,56.668879926096935,0,31.74688522517304,1,1,0,normal
2026-01-01 01:57:00,17.987931774282806,56.50752860133315,1,20.09256473178129,1,1,0,normal
2026-01-01 01:58:00,31.85693688709012,38.7032400406913,0,13.737925859044957,1,1,0,normal
2026-01-01 01:59:00,29.511598196120644,33.15627983828644,0,12.785942715913198,1,1,0,normal
2026-01-01 02:00:00,92.43712797062865,87.54757686358566,0,19.893568049523033,2,2,1,crypto_mining
2026-01-01 02:01:00,19.543675271231567,42.740234905991706,0,20.61890410938897,2,1,0,normal
2026-01-01 02:02:00,33.4167658656166,60.4881865800798,0,22.181551191058233,2,2,0,normal
2026-01-01 02:03:00,16.588893623246314,25.885380342152047,0,8.83284322912219,2,3,0,normal
2026-01-01 02:04:00,28.52114256280162,45.805809201429845,0,30.35111684675041,2,1,0,normal
2026-01-01 02:05:00,38.142733754859876,48.09200924026336,0,9.177611828392788,2,1,0,normal
2026-01-01 02:06:00,19.05678204921587,57.09222604891749,0,30.325610204298837,2,1,0,normal
2026-01-01 02:07:00,21.602213622383367,9.16318788512092,0,17.416804206133634,2,1,0,normal
2026-01-01 02:08:00,25.597908190525846,52.49210919617496,0,34.76444815195917,2,1,0,normal
2026-01-01 02:09:00,21.979146075302804,32.75387816948161,0,6.033117291564112,2,1,0,normal
2026-01-01 02:10:00,15.696019413603203,54.86518566792386,0,284.36650965035403,2,18,1,credential_stuffing
2026-01-01 02:11:00,25.411377848836164,34.45506204742756,0,11.753547110423202,2,1,0,normal
2026-01-01 02:12:00,18.626177717643372,37.16775956111628,0,11.180809087588168,2,1,0,normal
2026-01-01 02:13:00,27.84155458381109,45.89558584410098,0,33.24897293927381,2,1,0,normal
2026-01-01 02:14:00,19.48345459459718,34.21505795595207,0,26.023307731647513,2,2,0,normal
2026-01-01 02:15:00,34.299606430105236,42.86698329896968,0,8.17724939094758,2,1,0,normal
2026-01-01 02:16:00,20.300480245982577,32.09936347185027,1,21.615274349714785,2,1,0,normal
2026-01-01 02:17:00,23.067630902765945,22.502443224519087,0,31.238322349342287,2,1,0,normal
2026-01-01 02:18:00,29.88110330421802,65.2693557864404,0,24.46735482938372,2,1,0,normal
2026-01-01 02:19:00,17.61481410139627,30.559269607641074,0,20.247321092292268,2,1,0,normal
2026-01-01 02:20:00,26.364759607624777,47.319786685880246,2,29.20701257660296,2,1,0,normal
2026-01-01 02:21:00,32.84285652569457,61.293366222406775,1,22.949282946094776,2,1,0,normal
2026-01-01 02:22:00,15.355100592632635,40.77583846225935,0,6.723061193558708,2,1,0,normal
2026-01-01 02:23:00,26.107803151193824,37.62251150381693,0,20.76840349717702,2,1,0,normal
2026-01-01 02:24:00,26.55929676549054,53.39357133001132,0,23.873800706618802,2,1,0,normal
2026-01-01 02:25:00,29.690937230663863,66.76900734090728,1,21.780382017763454,2,1,0,normal
2026-01-01 02:26:00,17.57829573473151,32.460271023702965,0,16.762299608559758,2,2,0,normal
2026-01-01 02:27:00,17.077260321494343,47.747782519738415,0,23.662690699741255,2,1,0,normal
2026-01-01 02:28:00,28.131649393701387,24.01258107549009,0,21.46899321547686,2,2,0,normal
2026-01-01 02:29:00,26.781908039399116,44.10198494476715,0,4.065290153868784,2,2,0,normal
2026-01-01 02:30:00,26.50295710207526,50.51307026807113,0,9.389887700187124,2,1,0,normal
2026-01-01 02:31:00,27.078689256981853,37.18063037367401,0,22.481234568170215,2,1,0,normal
2026-01-01 02:32:00,20.919851670529056,43.145122492621525,0,25.9659764594473,2,3,0,normal
2026-01-01 02:33:00,26.39352218296602,28.87659847538825,0,13.776867553754665,2,1,0,normal
2026-01-01 02:34:00,26.758434839792088,659.2169533706368,0,25.89644337364457,2,1,1,data_exfiltration
2026-01-01 02:35:00,20.713891491841792,65.83541373324725,0,24.003591731864415,2,1,0,normal
2026-01-01 02:36:00,36.19464706686854,33.542841953443045,0,18.487711338460795,2,1,0,normal
2026-01-01 02:37:00,27.842997525470725,40.65992350171426,0,23.41461697828505,2,1,0,normal
2026-01-01 02:38:00,17.852179016784106,57.538193696812726,0,23.237382022003818,2,1,0,normal
2026-01-01 02:39:00,28.939321651802977,68.18136078984105,0,27.012431096945996,2,3,0,normal
2026-01-01 02:40:00,19.15190997863607,27.60215281686603,0,27.393199049294523,2,1,0,normal
2026-01-01 02:41:00,29.722507622454714,47.46822893876076,0,11.66461555179219,2,1,0,normal
2026-01-01 02:42:00,31.951573474044423,54.246962334792876,0,14.136758564296553,2,1,0,normal
2026-01-01 02:43:00,20.075906089889738,48.469154140567284,1,31.812745315946074,2,1,0,normal
2026-01-01 02:44:00,30.78025677546593,12.848118996843695,1,27.063113033852584,2,1,0,normal
2026-01-01 02:45:00,27.47668556161899,57.51635013963158,0,25.108395541089184,2,1,0,normal
2026-01-01 02:46:00,29.93236095996694,72.79004526635967,0,26.355740006306625,2,1,0,normal
2026-01-01 02:47:00,36.380757895923686,51.74992626754255,1,29.104748938832547,2,1,0,normal
2026-01-01 02:48:00,23.52767130398278,34.53340920058605,0,21.069488026644805,2,4,0,normal
2026-01-01 02:49:00,20.47758301385506,42.303091304535755,0,16.967486417752472,2,1,0,normal
2026-01-01 02:50:00,19.66291342224686,76.5486960148339,0,24.48849100380505,2,1,0,normal
2026-01-01 02:51:00,20.10513829020737,63.64943811290838,1,19.788928228969077,2,1,0,normal
2026-01-01 02:52:00,24.537389743515376,59.60039927576494,0,32.39375941528128,2,2,0,normal
2026-01-01 02:53:00,27.046911848899864,55.34618875301564,0,32.27496355852528,2,3,0,normal
2026-01-01 02:54:00,26.660144795980113,40.08294331713542,1,27.127578453547308,2,1,0,normal
2026-01-01 02:55:00,29.963099494216145,46.99143229016347,0,9.785180948500585,2,1,0,normal
2026-01-01 02:56:00,25.078011351267442,48.831158964822265,1,11.239441186892327,2,4,0,normal
2026-01-01 02:57:00,33.7212044629439,58.24361474096666,0,9.479134209403531,2,2,0,normal
2026-01-01 02:58:00,23.412059000572263,72.63378341400355,0,21.492328551091585,2,1,0,normal
2026-01-01 02:59:00,41.32101499953771,66.77507205189693,0,27.38407585369619,2,3,0,normal
2026-01-01 03:00:00,28.754004086590037,28.70923466305939,0,17.537481034574014,3,1,0,normal
2026-01-01 03:01:00,19.857054661502303,53.35992453351573,16,14.829415227250264,2,1,1,brute_force_login
2026-01-01 03:02:00,18.574645011633326,61.051450177518454,0,20.830322561378566,3,1,0,normal
2026-01-01 03:03:00,27.89483449145911,59.28290495216953,1,13.728688543137878,3,2,0,normal
2026-01-01 03:04:00,23.659223288044895,40.56149354918871,0,22.12686754569593,3,2,0,normal
2026-01-01 03:05:00,29.284002964552553,93.71163823652543,1,18.054086282181675,3,1,0,normal
2026-01-01 03:06:00,27.83942574744127,30.843731565033217,0,14.743550421235522,3,1,0,normal
2026-01-01 03:07:00,24.563026524058763,33.75217330000925,0,20.922321415867575,3,2,0,normal
2026-01-01 03:08:00,19.919237691589572,53.503926218923645,0,27.10022777730081,3,1,0,normal
2026-01-01 03:09:00,15.910916651884811,81.75204582445781,0,7.847202218679536,3,1,0,normal
2026-01-01 03:10:00,22.320910287597872,37.45707723943744,0,21.345030927124807,3,2,0,normal
2026-01-01 03:11:00,30.138392765940836,46.012574515295114,0,3.2082101772795966,3,2,0,normal
2026-01-01 03:12:00,26.284562464781224,66.1594050952354,0,17.962571445847576,3,2,0,normal
2026-01-01 03:13:00,17.525567327728073,49.732067676684,0,25.561643222016002,3,4,0,normal
2026-01-01 03:14:00,26.039085555107093,44.98094218204557,0,28.178499795985495,3,1,0,normal
2026-01-01 03:15:00,90.01607518207801,58.4844935283008,0,15.802079619951467,3,1,1,crypto_mining
2026-01-01 03:16:00,19.696855382793203,54.087769853443895,1,15.716881736071022,3,2,0,normal
2026-01-01 03:17:00,25.92235063567317,65.45658178455187,0,18.160638325304532,3,1,0,normal
2026-01-01 03:18:00,25.349252310676,69.37203333598045,0,11.180543273539339,3,2,0,normal
2026-01-01 03:19:00,18.142178213016262,54.60504590008043,0,21.301202280132724,3,3,0,normal
2026-01-01 03:20:00,27.1467241620897,54.375990880674635,0,11.979337875194265,3,1,0,normal
2026-01-01 03:21:00,28.364707158209406,53.211664734292,1,24.452036997468944,3,1,0,normal
2026-01-01 03:22:00,31.498307459051663,57.33695834973931,26,14.266182528963832,1,1,1,brute_force_login
2026-01-01 03:23:00,31.322812312209418,50.82755956807196,0,17.442708484266507,3,3,0,normal
2026-01-01 03:24:00,16.733983792257455,49.990872765165655,0,23.99500216419911,3,1,0,normal
2026-01-01 03:25:00,19.373049760509264,67.94940681240864,0,25.083688375375555,3,1,0,normal
2026-01-01 03:26:00,28.09021160325196,72.74174270532565,0,24.71981259300916,3,2,0,normal
2026-01-01 03:27:00,28.08271570547325,27.386705830498688,0,22.108956034776458,3,4,0,normal
2026-01-01 03:28:00,28.090286117836285,50.15031727610854,2,11.306843708745262,3,1,0,normal
2026-01-01 03:29:00,48.11638894392833,39.66958349832148,0,19.74818941561205,3,1,0,normal
2026-01-01 03:30:00,28.425343064159,45.335428002708916,0,18.606870614413907,3,3,0,normal
2026-01-01 03:31:00,31.813393841083595,56.037743146029825,0,16.634145005659033,3,1,0,normal
2026-01-01 03:32:00,30.724010580959213,60.041575573137024,0,20.592572529170624,3,1,0,normal
2026-01-01 03:33:00,28.908347507834787,48.318103345829826,0,13.105137744563354,3,2,0,normal
2026-01-01 03:34:00,23.108384532157928,21.29989497915796,0,19.722240630972056,3,1,0,normal
2026-01-01 03:35:00,29.553815322959604,35.52431629135731,0,17.602056128981857,3,2,0,normal
2026-01-01 03:36:00,20.36304871277457,63.44749505300249,2,16.34086615872097,3,2,0,normal
2026-01-01 03:37:00,23.579088359559947,8.893603669476029,1,11.068554136360616,3,2,0,normal
2026-01-01 03:38:00,22.087818713025378,67.81140727523,0,10.8565749778061,3,2,0,normal
2026-01-01 03:39:00,25.491244836317936,57.81844985966812,1,30.738401999820663,3,1,0,normal
2026-01-01 03:40:00,38.887951400041054,69.74264122295034,1,20.91844762587561,3,2,0,normal
2026-01-01 03:41:00,13.796408844449513,47.02146219678559,2,34.498199412062036,3,3,0,normal
2026-01-01 03:42:00,29.11756114224708,19.078918639656425,0,34.894482197990044,3,1,0,normal
2026-01-01 03:43:00,15.32370477286209,56.45543962259747,0,29.837188666918745,3,2,0,normal
2026-01-01 03:44:00,22.1684088052634,69.11979686057512,0,9.7452627107392,3,1,0,normal
2026-01-01 03:45:00,31.533703581804197,63.87082708270131,0,31.28816293817986,3,1,0,normal
2026-01-01 03:46:00,25.385680114572775,40.05962774767947,1,18.988268425928545,3,3,0,normal
2026-01-01 03:47:00,94.28956505140651,51.3014161319397,1,17.778761858893372,3,2,1,crypto_mining
2026-01-01 03:48:00,20.708177744440192,42.007455968301144,0,16.636206507895874,3,1,0,normal
2026-01-01 03:49:00,29.077586493608056,37.711003037159415,0,17.19541694201596,3,2,0,normal
2026-01-01 03:50:00,20.61780020969718,64.33082856769776,0,23.195251454874548,3,1,0,normal
2026-01-01 03:51:00,26.29875153749185,32.03701533102257,0,38.39824658389137,3,1,0,normal
2026-01-01 03:52:00,25.27343103942288,36.59275354127581,0,6.8853136164362905,3,1,0,normal
2026-01-01 03:53:00,98.12270909991487,33.43961549791422,0,35.54725258592943,3,1,1,crypto_mining
2026-01-01 03:54:00,37.863664535951955,27.6462871505143,0,32.07275310430036,3,1,0,normal
2026-01-01 03:55:00,28.803514133908067,52.19621437763905,0,18.578334726945084,3,2,0,normal
2026-01-01 03:56:00,12.849144480054356,67.42254572722965,1,16.018729015494458,3,3,0,normal
2026-01-01 03:57:00,26.118725888616567,47.22684865632102,0,9.223367489845478,3,3,0,normal
2026-01-01 03:58:00,21.029281211389673,27.413782991537502,21,12.735104278072958,3,3,1,brute_force_login
2026-01-01 03:59:00,30.114600008777344,62.59916809613041,0,15.14250109635475,3,2,0,normal
2026-01-01 04:00:00,20.244875569403796,75.28552631052457,1,19.174626243475696,4,1,0,normal
2026-01-01 04:01:00,24.311581351198605,40.30636513780108,0,19.763522568277885,4,1,0,normal
2026-01-01 04:02:00,28.02992367388274,42.82168599923423,0,26.08910462670212,4,4,0,normal
2026-01-01 04:03:00,30.194531165020727,57.734909451250914,0,25.21088039207124,4,1,0,normal
2026-01-01 04:04:00,17.798221557665343,74.32810621677577,0,21.90940145020109,4,1,0,normal
2026-01-01 04:05:00,22.992992584954308,42.20248781412161,0,19.651003740042665,4,1,0,normal
2026-01-01 04:06:00,22.150328133034265,30.013253285026924,25,29.14505685610228,4,1,1,brute_force_login
2026-01-01 04:07:00,21.080024604557728,59.4712790940861,0,26.716304726084733,4,2,0,normal
2026-01-01 04:08:00,35.59272544168658,61.98602109713449,0,23.559730575740616,4,1,0,normal
2026-01-01 04:09:00,27.429890265765735,50.0919717565284,0,16.753984985850796,4,1,0,normal
2026-01-01 04:10:00,17.43469627398973,41.62800110513824,1,28.845180694070812,4,3,0,normal
2026-01-01 04:11:00,30.507171682328657,64.91568096488069,1,26.678964010914783,4,2,0,normal
2026-01-01 04:12:00,37.7329371820758,57.920540068219466,0,18.032343589060808,4,1,0,normal
2026-01-01 04:13:00,31.19479156330688,38.473467246447605,0,4.660070921676704,4,2,0,normal
2026-01-01 04:14:00,15.883780204275919,50.73642096958507,0,20.76004612750595,4,2,0,normal
2026-01-01 04:15:00,22.094595562802493,29.724387019630303,0,14.461499064226,4,1,0,normal
2026-01-01 04:16:00,32.601466895119735,60.2883568465688,0,25.737947685472356,4,1,0,normal
2026-01-01 04:17:00,20.753983206287316,46.06649645925716,1,21.727272592115654,4,1,0,normal
2026-01-01 04:18:00,27.66291656887737,43.464337514228944,0,6.618149086692265,4,2,0,normal
2026-01-01 04:19:00,29.64780432057602,49.506882722713485,1,22.3581355909709,4,1,0,normal
2026-01-01 04:20:00,19.4384171705315,50.604615489953716,0,33.72088893361678,4,1,0,normal
2026-01-01 04:21:00,24.6428478636292,63.42395092348341,0,18.77766928786711,4,1,0,normal
2026-01-01 04:22:00,5.552395959585564,58.86635796987832,0,19.932932415761098,4,2,0,normal
2026-01-01 04:23:00,18.853674151994262,47.65386081810796,0,17.255620650847575,4,1,0,normal
2026-01-01 04:24:00,23.48459109164104,61.45502224578493,0,20.576632320738817,4,1,0,normal
2026-01-01 04:25:00,17.5133009082109,56.0110588053742,0,32.32104535888322,4,1,0,normal
2026-01-01 04:26:00,34.79446782358981,43.60100545570944,0,28.444231841011213,4,1,0,normal
2026-01-01 04:27:00,16.4191517322362,48.12922762645271,0,15.3934869596325,4,1,0,normal
2026-01-01 04:28:00,22.3597330798181,47.77665666735319,0,19.417840963899174,4,1,0,normal
2026-01-01 04:29:00,25.78444346371655,57.578920147613026,0,19.937766636599413,4,2,0,normal
2026-01-01 04:30:00,33.64763973439669,44.494660779175376,0,23.293303735490763,4,1,0,normal
2026-01-01 04:31:00,16.384827092923363,44.1438622036755,1,23.440684797403456,4,1,0,normal
2026-01-01 04:32:00,92.96292413061965,79.53135964150938,0,19.233165689074358,4,1,1,crypto_mining
2026-01-01 04:33:00,25.061398366117523,64.09603222620656,0,10.041155557830619,4,1,0,normal
2026-01-01 04:34:00,19.110948093712295,648.40878089913,1,19.08275686348707,4,1,1,data_exfiltration
2026-01-01 04:35:00,27.772620845579624,58.564114909132975,0,17.100349385177385,4,1,0,normal
2026-01-01 04:36:00,26.19435817344082,51.77525098482766,0,12.820425619715053,4,1,0,normal
2026-01-01 04:37:00,21.398698737047233,55.87326762890141,1,26.307102438581058,4,1,0,normal
2026-01-01 04:38:00,25.418812509940114,52.06011986847657,0,20.153718795633488,4,2,0,normal
2026-01-01 04:39:00,22.68811841882944,67.84463968227854,0,11.738020278797952,4,1,0,normal
2026-01-01 04:40:00,25.681104071507487,55.18430516977169,0,35.8398389229909,4,1,0,normal
2026-01-01 04:41:00,28.97278404712628,49.06866952678569,0,23.33197936437473,4,1,0,normal
2026-01-01 04:42:00,34.51610089687211,65.63285865474526,1,26.33552863559527,4,2,0,normal
2026-01-01 04:43:00,17.573107007038907,53.49927561631808,0,28.38454903000833,4,3,0,normal
2026-01-01 04:44:00,37.7982002479376,51.82217868993587,0,16.51097914143952,4,1,0,normal
2026-01-01 04:45:00,13.28747320286499,54.71033903729172,0,24.349254833461128,4,3,0,normal
2026-01-01 04:46:00,24.0892894297865,48.595864649504506,0,4.5612765301666744,4,1,0,normal
2026-01-01 04:47:00,28.52990323890746,50.13840489493203,0,27.698883199110536,4,1,0,normal
2026-01-01 04:48:00,26.685951206410195,41.19958116857191,0,19.45543466185237,4,1,0,normal
2026-01-01 04:49:00,21.263802881076437,38.73249170564182,0,24.213803813067067,4,1,0,normal
2026-01-01 04:50:00,23.75126649785635,35.021444202763405,0,19.438454949615785,4,1,0,normal
2026-01-01 04:51:00,22.041994392047002,29.120250698043858,1,34.54162059139449,4,1,0,normal
2026-01-01 04:52:00,21.46381145833473,36.804239579231655,1,29.793360338258648,4,2,0,normal
2026-01-01 04:53:00,30.097612582126146,47.38599448299612,0,0.0,4,1,0,normal
2026-01-01 04:54:00,27.142092915790283,51.546763736684554,0,24.422139196671935,4,2,0,normal
2026-01-01 04:55:00,20.842542428436076,45.93055155278539,0,17.743978005355633,4,2,0,normal
2026-01-01 04:56:00,30.397599252599505,14.664447648089634,0,24.73817493267812,4,1,0,normal
2026-01-01 04:57:00,26.843797125259655,507.98819609973395,2,24.627104562603147,4,1,1,data_exfiltration
2026-01-01 04:58:00,29.87717271303376,66.29720184335572,1,14.056119138247645,4,1,0,normal
2026-01-01 04:59:00,28.777773051541672,56.68639776825693,1,19.0736376154017,4,1,0,normal
2026-01-01 05:00:00,20.026029934467566,78.61236008829903,1,11.844853448611113,5,4,0,normal
2026-01-01 05:01:00,21.638913758818184,35.33953823774434,1,31.88840644663471,5,4,0,normal
2026-01-01 05:02:00,93.8130649300302,78.31437680939007,0,22.618282769310234,5,1,1,crypto_mining
2026-01-01 05:03:00,28.66222159260079,35.52178884874178,0,23.459715726759534,5,2,0,normal
2026-01-01 05:04:00,24.87459043621511,53.58106887937035,1,22.43153173903786,5,1,0,normal
2026-01-01 05:05:00,25.703964299852693,30.892440122986933,0,11.521509257912713,5,1,0,normal
2026-01-01 05:06:00,32.66598937473055,50.2204114331655,0,25.062545325895393,5,2,0,normal
2026-01-01 05:07:00,21.45057166698502,55.79249746997583,1,34.28127789074713,5,3,0,normal
2026-01-01 05:08:00,28.282584287020228,47.67964503298168,0,7.5512033845283995,5,1,0,normal
2026-01-01 05:09:00,23.786844085396634,60.708161661352065,1,20.642353826109,5,1,0,normal
2026-01-01 05:10:00,23.69391278063668,51.48521674230886,0,26.07688712831964,5,3,0,normal
2026-01-01 05:11:00,31.592661111923142,42.16377907433736,0,14.011882228865273,5,1,0,normal
2026-01-01 05:12:00,29.952498093928178,41.49780023296491,1,25.858400502181645,5,1,0,normal
2026-01-01 05:13:00,29.881057816003832,62.163706589235446,0,20.359902748608807,5,2,0,normal
2026-01-01 05:14:00,32.83287284292597,40.193869552895485,1,14.299368262581417,5,1,0,normal
2026-01-01 05:15:00,25.126023049796554,63.73104455727405,1,0.0,5,1,0,normal
2026-01-01 05:16:00,29.091717827769784,68.34067689247897,0,19.20525646944968,5,1,0,normal
2026-01-01 05:17:00,23.138399460439263,24.96929206480805,0,19.413440597878047,5,2,0,normal
2026-01-01 05:18:00,26.94499811493065,66.99389580951552,0,30.513764682113152,5,1,0,normal
2026-01-01 05:19:00,24.219141673793892,80.90634047667048,0,22.71068108213609,5,1,0,normal
2026-01-01 05:20:00,25.58197578995631,53.78005641802893,0,15.760362186634348,5,1,0,normal
2026-01-01 05:21:00,28.57094215262148,58.98626277942233,1,7.429259406219028,5,1,0,normal
2026-01-01 05:22:00,20.090675900599166,65.55507986553738,1,26.99637295361233,5,1,0,normal
2026-01-01 05:23:00,37.554323654112764,45.867765272314664,0,20.939492556873454,5,1,0,normal
2026-01-01 05:24:00,18.96389571100179,52.73420335306805,1,16.847802062065796,5,1,0,normal
2026-01-01 05:25:00,17.714868323273606,30.287007055653362,1,15.670722038199386,5,1,0,normal
2026-01-01 05:26:00,31.948665241000406,52.07952542795677,0,29.947560549197604,5,1,0,normal
2026-01-01 05:27:00,29.749976163777617,57.471679934668124,0,31.130334291171952,5,1,0,normal
2026-01-01 05:28:00,98.2069446865344,57.74244534389704,0,14.98620343286761,5,3,1,crypto_mining
2026-01-01 05:29:00,28.77007305558568,65.98137085396371,0,1.613550558769166,5,1,0,normal
2026-01-01 05:30:00,24.926519362918512,38.37796732796706,0,18.29263236521265,5,1,0,normal
2026-01-01 05:31:00,19.616473771085012,42.010898649897555,0,21.808785014368308,5,2,0,normal
2026-01-01 05:32:00,25.454827349162358,78.43261018987033,0,20.579476508127865,5,1,0,normal
2026-01-01 05:33:00,20.93702973092733,47.74507439354435,1,161.38899596629307,5,11,1,credential_stuffing
2026-01-01 05:34:00,30.85071840050651,53.00050680968492,0,32.264429460843644,5,3,0,normal
2026-01-01 05:35:00,24.11765571098717,48.994849374121685,0,5.1165292323022715,5,3,0,normal
2026-01-01 05:36:00,20.04701681924493,37.67478760542467,0,14.00856374718062,5,2,0,normal
2026-01-01 05:37:00,23.07168495008204,74.35293816337709,0,11.824443446707111,5,1,0,normal
2026-01-01 05:38:00,27.477588725653746,42.08447882119091,0,11.40169729351821,5,1,0,normal
2026-01-01 05:39:00,21.617652683176154,33.09071714439605,1,2.539066397256242,5,1,0,normal
2026-01-01 05:40:00,20.06667762660141,43.238895840458724,0,20.48509990587776,5,1,0,normal
2026-01-01 05:41:00,26.462123268951473,19.974409974117,1,31.316246344884,5,3,0,normal
2026-01-01 05:42:00,26.469799426652337,40.23068802525228,1,18.682416377136224,5,1,0,normal
2026-01-01 05:43:00,21.958340947773223,35.4780710322151,0,11.938961446878663,5,1,0,normal
2026-01-01 05:44:00,22.173770166290062,59.26142946390986,1,31.27674753657295,5,2,0,normal
2026-01-01 05:45:00,26.392299624145817,39.898786406601914,0,26.71453313622307,5,1,0,normal
2026-01-01 05:46:00,16.311493951016054,63.317059033682725,0,13.243764979579879,5,1,0,normal
2026-01-01 05:47:00,16.55521735374067,70.97725989603983,1,22.57873308324938,5,1,0,normal
2026-01-01 05:48:00,20.689334672485383,61.717630044313985,0,28.632181122203,5,1,0,normal
2026-01-01 05:49:00,23.719317089728918,46.76917566709885,0,12.768882051391763,5,2,0,normal
2026-01-01 05:50:00,26.86544539358803,52.11671745058389,0,20.973587262894657,5,1,0,normal
2026-01-01 05:51:00,33.85213730169731,27.125225897839105,0,16.89214900142211,5,1,0,normal
2026-01-01 05:52:00,30.145957739212115,47.993309412181404,0,10.459985354236567,5,1,0,normal
2026-01-01 05:53:00,24.040368820219438,37.0934229789975,0,21.329889606231315,5,1,0,normal
2026-01-01 05:54:00,24.885902752583867,60.41489571723948,0,23.458978993622246,5,1,0,normal
2026-01-01 05:55:00,18.984823812173147,88.59128583866712,1,20.352042196586595,5,1,0,normal
2026-01-01 05:56:00,24.88892118404566,57.49732453960714,0,13.470239260858268,5,1,0,normal
2026-01-01 05:57:00,23.26804816647917,20.132897765680003,0,36.80626324747895,5,3,0,normal
2026-01-01 05:58:00,26.936311362028537,44.581547106284404,0,16.083183547710995,5,1,0,normal
2026-01-01 05:59:00,20.036614338686064,51.83736388061682,1,24.467218265100534,5,1,0,normal
2026-01-01 06:00:00,28.116079085447033,51.310361378903956,0,26.458709084221272,6,1,0,normal
2026-01-01 06:01:00,34.196433478015464,39.037803115868705,0,0.07264421565789903,6,2,0,normal
2026-01-01 06:02:00,24.347439109258854,53.67937613955403,1,26.63493810153262,6,3,0,normal
2026-01-01 06:03:00,27.410270332593647,31.36248744620919,0,20.071553141707454,6,1,0,normal
2026-01-01 06:04:00,29.140863950266677,35.826369159723995,0,17.895196921197062,6,1,0,normal
2026-01-01 06:05:00,22.592677168684983,59.686964624055676,1,19.016016984586273,6,1,0,normal
2026-01-01 06:06:00,26.3445548908625,34.76505153680261,1,24.66303783582166,6,1,0,normal
2026-01-01 06:07:00,25.07555440469077,58.07317408238386,0,1.739479770883591,6,2,0,normal
2026-01-01 06:08:00,25.58605659129299,29.45804338015913,1,20.255558018154368,6,1,0,normal
2026-01-01 06:09:00,20.3619412968672,76.47238825687604,0,23.448268886172052,6,4,0,normal
2026-01-01 06:10:00,25.147061045553656,38.38595116393918,1,37.28851431348599,6,1,0,normal
2026-01-01 06:11:00,27.9879897474727,46.64500142294834,34,9.198266181758427,4,2,1,brute_force_login
2026-01-01 06:12:00,33.70686164677025,54.95919891635609,0,23.54717743685834,6,1,0,normal
2026-01-01 06:13:00,30.75562495651124,41.519750712483585,0,16.127980280794947,6,2,0,normal
2026-01-01 06:14:00,37.91909474506934,52.15108941606957,1,23.876008555238673,6,3,0,normal
2026-01-01 06:15:00,20.395914622671704,58.63035086780189,38,26.93310829511382,2,1,1,brute_force_login
2026-01-01 06:16:00,30.23392382032407,64.40919848755227,0,14.118646853897392,6,1,0,normal
2026-01-01 06:17:00,26.10005203443011,61.872461539594354,0,35.641045160200434,6,1,0,normal
2026-01-01 06:18:00,38.13881759930604,47.42284304295989,2,30.57256074519257,6,1,0,normal
2026-01-01 06:19:00,20.150210287869093,47.80052338934597,0,26.305727720653607,6,1,0,normal
2026-01-01 06:20:00,19.961668946915346,85.23662837037548,1,17.14582317849672,6,1,0,normal
2026-01-01 06:21:00,21.403644127335866,64.24833602373938,0,15.563779911601554,6,1,0,normal
2026-01-01 06:22:00,12.256625654141159,36.1726451551968,0,23.516860274177443,6,1,0,normal
2026-01-01 06:23:00,21.845469869915433,51.49982245648328,0,16.846911007630744,6,1,0,normal
2026-01-01 06:24:00,20.445204030677814,44.97285291832711,1,15.81029540686744,6,1,0,normal
2026-01-01 06:25:00,25.902362718857248,47.96998649115336,1,35.32172507697624,6,1,0,normal
2026-01-01 06:26:00,27.050535854662957,31.55757263437868,0,24.38036872039757,6,1,0,normal
2026-01-01 06:27:00,36.257025035295314,43.8211514842107,2,26.58841028750345,6,1,0,normal
2026-01-01 06:28:00,30.702543029116303,77.1733365979087,0,35.01274773431039,6,1,0,normal
2026-01-01 06:29:00,21.538578066025583,58.68614451313255,1,20.664952130625544,6,1,0,normal
2026-01-01 06:30:00,19.609511971909853,12.6325788777281,0,14.940121001783858,6,1,0,normal
2026-01-01 06:31:00,27.951515029039033,68.2508523874692,0,11.438556018075984,6,2,0,normal
2026-01-01 06:32:00,17.078600757876146,66.34444284363742,0,30.83567907465553,6,2,0,normal
2026-01-01 06:33:00,35.98875259512612,44.61072043540375,0,17.01708827358426,6,1,0,normal
2026-01-01 06:34:00,32.076640724327724,60.75895315674823,0,0.0,6,2,0,normal
2026-01-01 06:35:00,22.18494608737177,37.10901183774199,0,0.0,6,1,0,normal
2026-01-01 06:36:00,14.721192825454736,42.946164256004636,0,8.196062311855146,6,1,0,normal
2026-01-01 06:37:00,33.123234244992474,72.4781954100478,0,198.57527273390752,6,12,1,credential_stuffing
2026-01-01 06:38:00,24.31276092848429,45.92404940195438,0,18.187777651492766,6,1,0,normal
2026-01-01 06:39:00,32.42689787184077,21.954025070675133,0,24.208037363446145,6,1,0,normal
2026-01-01 06:40:00,15.433434047233797,49.05045165827995,0,10.904541352224427,6,1,0,normal
2026-01-01 06:41:00,21.403749862277362,48.821174106284644,0,21.747140440743156,6,1,0,normal
2026-01-01 06:42:00,25.0314621983091,67.97552854060189,1,27.072861549033355,6,1,0,normal
2026-01-01 06:43:00,25.28188356258845,50.2150463326364,0,18.84823344771814,6,1,0,normal
2026-01-01 06:44:00,22.29960717112454,43.67626532839561,1,16.282070976918142,6,1,0,normal
2026-01-01 06:45:00,28.73709959408499,65.67584217846809,1,13.06683279334013,6,1,0,normal
2026-01-01 06:46:00,18.594277423704433,51.81185348751666,1,29.167523380820242,6,2,0,normal
2026-01-01 06:47:00,24.145723089872238,38.74965977651424,0,9.040354703624082,6,1,0,normal
2026-01-01 06:48:00,25.721773790271392,67.32496340812426,32,32.61544255436226,1,1,1,brute_force_login
2026-01-01 06:49:00,28.086633004352493,52.90492646775199,0,19.819397040767736,6,1,0,normal
2026-01-01 06:50:00,29.26968926853334,50.04388950019157,1,11.690574667968406,6,2,0,normal
2026-01-01 06:51:00,18.252147448972785,52.66862587117482,0,26.72606871469723,6,1,0,normal
2026-01-01 06:52:00,15.795314975586265,33.93997442875104,0,24.06520449341173,6,2,0,normal
2026-01-01 06:53:00,32.66606093139106,42.08519335732494,1,23.325710294663253,6,2,0,normal
2026-01-01 06:54:00,26.99388407187755,50.05373902749175,0,25.632254424864495,6,3,0,normal
2026-01-01 06:55:00,20.50908078066068,47.0800445746298,0,21.295769050646598,6,1,0,normal
2026-01-01 06:56:00,34.306911853135134,69.08642574224893,0,23.670159342004464,6,1,0,normal
2026-01-01 06:57:00,25.69404780575715,53.26108779090505,0,30.885841227309374,6,3,0,normal
2026-01-01 06:58:00,32.07578310438296,62.82355883954604,0,21.620223965389158,6,1,0,normal
2026-01-01 06:59:00,25.405110888460655,50.14093031863774,0,26.55729223077075,6,3,0,normal
2026-01-01 07:00:00,37.36448754929192,65.84432725619185,2,2.4032643375531677,7,3,0,normal
2026-01-01 07:01:00,35.53204505465923,55.96291634859731,0,22.594200367596343,7,1,0,normal
2026-01-01 07:02:00,23.50621510912556,50.2013072808269,1,40.182785837064344,7,1,0,normal
2026-01-01 07:03:00,30.82942570572613,49.80075366561471,0,5.705923065098414,7,2,0,normal
2026-01-01 07:04:00,28.872255697510887,35.68342060563555,1,36.00318787846104,7,1,0,normal
2026-01-01 07:05:00,33.21178934519409,57.60373580204466,0,25.768393045245944,7,2,0,normal
2026-01-01 07:06:00,19.210459236519373,49.39692898195432,0,6.422553776383321,7,3,0,normal
2026-01-01 07:07:00,29.116308759990638,42.470120597281934,0,20.323584082754483,7,1,0,normal
2026-01-01 07:08:00,31.350546921097525,66.59692656218107,0,23.21739110569028,7,1,0,normal
2026-01-01 07:09:00,14.447563081461315,31.246759611577982,0,27.290444915399803,7,1,0,normal
2026-01-01 07:10:00,17.90044892400535,43.66256156851349,0,16.51743441144232,7,2,0,normal
2026-01-01 07:11:00,12.764606933439396,65.415781231693,1,25.569887473817168,7,1,0,normal
2026-01-01 07:12:00,23.383558993332652,54.7328441138038,0,31.08210082229737,7,1,0,normal
2026-01-01 07:13:00,29.305253534775773,49.28211608520864,0,27.091804493414006,7,1,0,normal
2026-01-01 07:14:00,34.01414231257617,53.765053147252196,0,29.54555379581358,7,1,0,normal
2026-01-01 07:15:00,25.44456868251865,52.69121256573262,0,16.435601988551866,7,1,0,normal
2026-01-01 07:16:00,34.77169327342775,27.25006180571118,0,25.482620033612804,7,1,0,normal
2026-01-01 07:17:00,16.71939125071065,44.761071719780574,0,38.39822294104529,7,1,0,normal
2026-01-01 07:18:00,14.779705363869072,74.24782481770623,0,11.360679555533263,7,2,0,normal
2026-01-01 07:19:00,24.666713806620287,40.110137978342486,0,23.376265709921583,7,1,0,normal
2026-01-01 07:20:00,27.304392693635844,45.22548478843499,0,11.079752911855753,7,1,0,normal
2026-01-01 07:21:00,24.80383151143544,41.875688550362185,0,30.037671666071514,7,1,0,normal
2026-01-01 07:22:00,12.59534739976074,48.69477165022794,0,4.185235436858514,7,1,0,normal
2026-01-01 07:23:00,24.46527976292327,41.253157530135525,2,15.456552919909289,7,1,0,normal
2026-01-01 07:24:00,17.17318299697088,57.3011225323709,1,201.26911236023247,7,11,1,credential_stuffing
2026-01-01 07:25:00,29.01803529298023,52.959701184353996,1,16.043227454997346,7,1,0,normal
2026-01-01 07:26:00,27.19958947658109,61.603214226605274,0,19.511795211420218,7,1,0,normal
2026-01-01 07:27:00,19.36072128203587,34.23588250716559,1,29.971716115172548,7,2,0,normal
2026-01-01 07:28:00,21.91679849597984,508.0684293421885,0,18.890974331474922,7,1,1,data_exfiltration
2026-01-01 07:29:00,18.64471886866629,46.61416052581797,0,3.741305004480811,7,1,0,normal
2026-01-01 07:30:00,24.62392541636097,56.83470365132892,0,11.438039570116059,7,2,0,normal
2026-01-01 07:31:00,30.73085392300743,38.101682041894485,0,30.544925366007025,7,1,0,normal
2026-01-01 07:32:00,19.085643721986738,63.73480706387516,0,31.771687057965615,7,2,0,normal
2026-01-01 07:33:00,28.024279093107065,67.79623385776414,0,3.942591820821839,7,2,0,normal
2026-01-01 07:34:00,21.818454289765356,35.16691478546624,15,12.404064875295731,1,1,1,brute_force_login
2026-01-01 07:35:00,20.242763006425935,42.636906576596516,1,14.621485873494,7,1,0,normal
2026-01-01 07:36:00,24.357817840272652,42.021027375618615,0,16.954211927113533,7,1,0,normal
2026-01-01 07:37:00,18.788546065483757,89.48579307016247,0,12.568771508696514,7,1,0,normal
2026-01-01 07:38:00,21.678104167916906,43.5514984218817,0,20.84729579118652,7,1,0,normal
2026-01-01 07:39:00,17.81273264446691,75.16438163234201,1,15.41596104576198,7,1,0,normal
2026-01-01 07:40:00,36.78835079749834,31.000520073400857,1,16.57171641808981,7,1,0,normal
2026-01-01 07:41:00,25.211581311830372,35.15523550753455,1,10.937786243203716,7,2,0,normal
2026-01-01 07:42:00,20.801646952044486,39.70093202227699,1,26.270064492157047,7,1,0,normal
2026-01-01 07:43:00,26.28387946440533,37.31466032830217,0,8.902613664473913,7,2,0,normal
2026-01-01 07:44:00,24.326031701855023,45.98151898762252,0,23.053933449694473,7,2,0,normal
2026-01-01 07:45:00,23.67418240280066,39.36832695917753,1,28.026436331803843,7,3,0,normal
2026-01-01 07:46:00,28.68500020026055,37.7098761089814,1,35.927460562951495,7,3,0,normal
2026-01-01 07:47:00,29.545046260283833,67.37707994709992,1,24.00390704565103,7,1,0,normal
2026-01-01 07:48:00,21.816993114336835,68.35690433769747,0,21.809630735962575,7,1,0,normal
2026-01-01 07:49:00,21.54509055613192,64.23944747562973,0,6.477208609879973,7,1,0,normal
2026-01-01 07:50:00,23.349689817090137,57.85998433376492,2,31.781859716182268,7,1,0,normal
2026-01-01 07:51:00,11.188473011586492,51.39114598669328,0,21.143615012429166,7,3,0,normal
2026-01-01 07:52:00,15.908853626808686,42.54453964001137,0,22.4748093556748,7,1,0,normal
2026-01-01 07:53:00,33.20124560466715,35.70263742867362,1,23.163390100794437,7,2,0,normal
2026-01-01 07:54:00,34.8698062810077,55.44493555149031,1,20.913994943085594,7,1,0,normal
2026-01-01 07:55:00,23.50578376266173,32.39554411179803,0,20.063218752163085,7,1,0,normal
2026-01-01 07:56:00,28.459341778334597,35.091186062369104,1,17.08344287045017,7,1,0,normal
2026-01-01 07:57:00,26.867500927261215,67.29369884307215,0,25.815935385101152,7,1,0,normal
2026-01-01 07:58:00,43.473284850731424,78.5097356258313,1,7.997713615808227,7,4,0,normal
2026-01-01 07:59:00,31.717449468607462,55.89942707249721,1,7.8267428623256805,7,3,0,normal
2026-01-01 08:00:00,24.2324944511154,66.59685728441966,0,13.222977314376347,8,1,0,normal
2026-01-01 08:01:00,19.266757356397445,46.31227523834025,0,29.989693750456222,8,1,0,normal
2026-01-01 08:02:00,15.361322078454565,29.93488720868474,0,23.5621395876349,8,1,0,normal
2026-01-01 08:03:00,26.22078181520334,59.18257427927876,0,14.922871646188089,8,1,0,normal
2026-01-01 08:04:00,20.46189552829418,58.53933984905096,0,13.59521057207824,8,3,0,normal
2026-01-01 08:05:00,16.466477742413957,51.07502830820366,1,19.364632310681902,8,3,0,normal
2026-01-01 08:06:00,21.12056269454484,46.36436812842333,0,23.20216932762819,8,3,0,normal
2026-01-01 08:07:00,18.51071197831363,64.43315867871647,0,30.887149416941185,8,1,0,normal
2026-01-01 08:08:00,35.12284981043539,35.21400449858788,0,36.422389466609445,8,2,0,normal
2026-01-01 08:09:00,30.289838541696703,38.39329131664013,0,18.992858596032594,8,2,0,normal
2026-01-01 08:10:00,24.952164152100295,34.87840239859358,1,37.61687787913413,8,1,0,normal
2026-01-01 08:11:00,33.87966483334016,51.27459443953741,0,20.637122479810802,8,1,0,normal
2026-01-01 08:12:00,25.46420984588571,33.68160481836112,0,22.41867746586249,8,1,0,normal
2026-01-01 08:13:00,19.832294792030417,39.736367292271346,0,27.83016527711769,8,2,0,normal
2026-01-01 08:14:00,34.13874446361794,39.41366656659203,0,28.99090121088433,8,3,0,normal
2026-01-01 08:15:00,28.233460262107954,46.09087501499063,1,32.60321313318738,8,1,0,normal
2026-01-01 08:16:00,18.77652307404126,27.689383303940346,0,9.714112281820384,8,1,0,normal
2026-01-01 08:17:00,23.85796793149835,51.308074880559005,0,20.977697311276813,8,1,0,normal
2026-01-01 08:18:00,19.746290479691456,68.70955475997016,0,30.04101502989282,8,1,0,normal
2026-01-01 08:19:00,16.703201614213985,52.032370584751426,0,11.455791653046505,8,2,0,normal
2026-01-01 08:20:00,30.55706528518985,73.11981717201981,0,5.0238005995592285,8,1,0,normal
2026-01-01 08:21:00,36.45649984282078,70.00997278815387,0,8.110440628648092,8,1,0,normal
2026-01-01 08:22:00,16.608594557085155,61.66602570871782,0,19.02656335013181,8,1,0,normal
2026-01-01 08:23:00,28.377815420143424,51.12028763955328,0,36.17301312016293,8,1,0,normal
2026-01-01 08:24:00,21.096144585269037,50.337505823681596,0,7.932139152442788,8,1,0,normal
2026-01-01 08:25:00,22.077247697411824,61.4569965854489,0,10.673645935866443,8,5,0,normal
2026-01-01 08:26:00,21.445636454566785,44.12494085743951,1,15.973533417694405,8,1,0,normal
2026-01-01 08:27:00,19.816055381921103,21.762188727988043,1,12.053258296036665,8,1,0,normal
2026-01-01 08:28:00,25.291129767668963,57.380060811544396,0,10.604743093242421,8,2,0,normal
2026-01-01 08:29:00,20.014299301533775,33.03397055097543,0,3.6909076474636535,8,1,0,normal
2026-01-01 08:30:00,26.62274095467903,35.56788157714423,1,15.774414091539228,8,3,0,normal
2026-01-01 08:31:00,24.69857134330518,50.00335921993682,0,35.681394287931035,8,1,0,normal
2026-01-01 08:32:00,23.566311718801543,48.57312683669795,0,24.438260170542506,8,1,0,normal
2026-01-01 08:33:00,19.554618027750415,28.818865905265547,0,29.410374066194404,8,1,0,normal
2026-01-01 08:34:00,21.539372016590004,52.482373461997106,0,15.161387579763366,8,1,0,normal
2026-01-01 08:35:00,29.53234735495454,64.49209491291573,0,13.259701064222325,8,1,0,normal
2026-01-01 08:36:00,28.005503125746284,33.074876446013256,0,24.17137350007024,8,1,0,normal
2026-01-01 08:37:00,19.134668531208693,69.08724996273139,0,20.67115010592582,8,1,0,normal
2026-01-01 08:38:00,25.595993832575356,26.59743762305084,0,19.555454218199703,8,1,0,normal
2026-01-01 08:39:00,29.508322740230735,81.7598621655643,0,33.418281329503614,8,1,0,normal
2026-01-01 08:40:00,14.98356831327177,43.83109354274775,0,13.558659993852864,8,2,0,normal
2026-01-01 08:41:00,28.26016115427961,52.18425495240337,0,12.452834901415414,8,1,0,normal
2026-01-01 08:42:00,21.02425744632492,21.61949641271495,0,26.812754368389754,8,1,0,normal
2026-01-01 08:43:00,28.423592011558956,49.06795900296037,0,25.736183160616665,8,1,0,normal
2026-01-01 08:44:00,20.4204450607449,53.42723266577288,0,11.647477631841992,8,1,0,normal
2026-01-01 08:45:00,14.170707396012887,48.70756843850758,0,20.632267016156167,8,1,0,normal
2026-01-01 08:46:00,15.234745372701024,41.553783844214394,0,5.651927469152358,8,1,0,normal
2026-01-01 08:47:00,25.288509679968293,35.80153222208278,0,22.384130244671297,8,1,0,normal
2026-01-01 08:48:00,26.55833501032889,66.95789929305967,0,16.25375925143859,8,1,0,normal
2026-01-01 08:49:00,19.57410024937355,50.46210702496925,0,18.032845816078037,8,1,0,normal
2026-01-01 08:50:00,28.831554752664243,73.11128564775159,0,10.880547000422618,8,1,0,normal
2026-01-01 08:51:00,15.030879626386241,42.102764678076156,0,29.558146033037367,8,1,0,normal
2026-01-01 08:52:00,24.6035212081161,43.478079599416745,1,22.098818553845366,8,2,0,normal
2026-01-01 08:53:00,17.73390280142526,62.23391366894244,0,27.949093663009133,8,1,0,normal
2026-01-01 08:54:00,21.088983353187047,25.65537556994654,0,19.161089261589623,8,2,0,normal
2026-01-01 08:55:00,25.284392027898484,31.798049597706154,0,29.517836712677,8,1,0,normal
2026-01-01 08:56:00,19.837519808296285,66.46227457029745,2,5.056406704146493,8,1,0,normal
2026-01-01 08:57:00,22.69266673462105,32.420991061652074,1,20.046551896103892,8,1,0,normal
2026-01-01 08:58:00,31.037756855286645,22.714234770461786,0,29.56080261028088,8,1,0,normal
2026-01-01 08:59:00,21.53864878286111,78.02790782109636,1,4.151804988028115,8,1,0,normal
2026-01-01 09:00:00,45.01415267239085,59.09273528188692,1,46.03399435216221,9,1,0,normal
2026-01-01 09:01:00,33.221758872054295,82.76179097492255,0,49.617129993158656,9,1,0,normal
2026-01-01 09:02:00,43.178825067491694,81.03627789086407,1,41.92447330472619,9,1,0,normal
2026-01-01 09:03:00,48.6494117239474,37.84057525072875,0,52.956336007202644,9,1,0,normal
2026-01-01 09:04:00,25.170132999236266,75.99024465248287,0,53.0373478647726,9,1,0,normal
2026-01-01 09:05:00,35.21862846717714,86.72619874218664,0,40.054774858700185,9,1,0,normal
2026-01-01 09:06:00,43.46243276308324,85.31464072278291,1,41.90551599310291,9,3,0,normal
2026-01-01 09:07:00,38.78172768374204,93.55281025705253,0,35.70835556383,9,2,0,normal
2026-01-01 09:08:00,42.226875240227855,74.18763027641849,0,47.54123910820497,9,1,0,normal
2026-01-01 09:09:00,36.37608887970508,90.68756663138241,1,46.61993592515769,9,1,0,normal
2026-01-01 09:10:00,40.519538724837396,69.66006397879892,0,45.018673979937155,9,1,0,normal
2026-01-01 09:11:00,39.06593658764752,58.84298875380837,0,45.80537344341323,9,1,0,normal
2026-01-01 09:12:00,47.00669236995884,60.53407436478151,1,38.14243996069006,9,1,0,normal
2026-01-01 09:13:00,41.52652505980728,58.06834317206878,0,33.56908287903633,9,1,0,normal
2026-01-01 09:14:00,42.02561597245121,95.14378951836791,0,48.55360596713489,9,1,0,normal
2026-01-01 09:15:00,37.52873820326519,57.28139736412165,1,43.414964637702084,9,3,0,normal
2026-01-01 09:16:00,37.07436265556504,84.11058260973955,1,36.751214209005965,9,1,0,normal
2026-01-01 09:17:00,37.404650873082275,76.0111370889135,0,39.19979242384588,9,1,0,normal
2026-01-01 09:18:00,42.36671285426978,78.46027139824052,0,52.3483504585864,9,2,0,normal
2026-01-01 09:19:00,37.474093115078425,100.45410942799549,1,51.89157352041611,9,1,0,normal
2026-01-01 09:20:00,41.738649141378474,73.4235894917709,0,50.30356777325913,9,1,0,normal
2026-01-01 09:21:00,52.45240479187263,89.17402342324525,0,44.66983504802589,9,1,0,normal
2026-01-01 09:22:00,45.22674822059015,80.56345027071667,1,39.54370298237056,9,1,0,normal
2026-01-01 09:23:00,38.04385880699295,77.71971641550954,0,55.578271530683736,9,1,0,normal
2026-01-01 09:24:00,47.207283532983666,114.4995368657971,0,42.412827480891536,9,2,0,normal
2026-01-01 09:25:00,37.551547761870694,58.37987381426946,0,47.164749886088465,9,1,0,normal
2026-01-01 09:26:00,27.771252788932877,99.33697753156167,0,38.19565753461992,9,2,0,normal
2026-01-01 09:27:00,33.95148213449558,89.84609848234959,0,43.09396340836932,9,2,0,normal
2026-01-01 09:28:00,28.775248473844865,72.80712508052324,0,23.668094065797295,9,1,0,normal
2026-01-01 09:29:00,37.890919095752146,104.43977776162419,0,39.96998720607736,9,1,0,normal
2026-01-01 09:30:00,40.11051027513731,52.27834831417195,2,32.8112941086422,9,1,0,normal
2026-01-01 09:31:00,50.0586238736517,72.17350014051392,0,46.73787042936395,9,1,0,normal
2026-01-01 09:32:00,41.96156424258498,61.87276693596385,0,286.4001750427334,9,12,1,credential_stuffing
2026-01-01 09:33:00,38.68539682714682,86.18125197307191,0,42.58683735978193,9,2,0,normal
2026-01-01 09:34:00,44.976433487100934,63.30403848219234,0,62.04285678822204,9,2,0,normal
2026-01-01 09:35:00,26.73318814595269,86.49595920111979,0,36.82889989859052,9,1,0,normal
2026-01-01 09:36:00,41.41368734865139,77.20345376267669,0,45.97530530819573,9,1,0,normal
2026-01-01 09:37:00,44.6251911633218,72.80969086015874,0,46.75510907712434,9,1,0,normal
2026-01-01 09:38:00,31.12848252532095,85.82970869049966,0,37.40147676038819,9,2,0,normal
2026-01-01 09:39:00,46.862524259241574,75.97067564092904,0,53.82784271275233,9,3,0,normal
2026-01-01 09:40:00,42.030978444966486,63.670477354114425,0,58.17063060050006,9,1,0,normal
2026-01-01 09:41:00,37.50827251659519,122.02059484452468,0,54.595829423393276,9,1,0,normal
2026-01-01 09:42:00,43.79669119663771,72.69249225456284,0,37.36926871061422,9,4,0,normal
2026-01-01 09:43:00,53.62415714682638,46.73586379771978,0,39.377353770511164,9,1,0,normal
2026-01-01 09:44:00,41.09119753035097,67.36851965417917,0,28.785160662727378,9,3,0,normal
2026-01-01 09:45:00,41.48932351780201,60.99084967440905,0,43.54638438194033,9,1,0,normal
2026-01-01 09:46:00,37.24383460275853,92.39218424060773,0,44.1187957026387,9,1,0,normal
2026-01-01 09:47:00,34.90093378321125,84.82478989387378,1,51.23558411354325,9,1,0,normal
2026-01-01 09:48:00,44.98201489926547,85.98069202685517,0,59.10669591984289,9,3,0,normal
2026-01-01 09:49:00,34.8634970445468,74.44966301244133,1,34.92951327453551,9,1,0,normal
2026-01-01 09:50:00,40.42939742331635,75.80974629414618,0,46.10765630891184,9,2,0,normal
2026-01-01 09:51:00,37.1340553194093,74.43603344588497,0,43.19274860179556,9,1,0,normal
2026-01-01 09:52:00,42.87387895447835,78.78210223796795,0,43.7889394581153,9,1,0,normal
2026-01-01 09:53:00,42.00197263172169,92.53000153047253,0,57.514250955446954,9,3,0,normal
2026-01-01 09:54:00,46.22523966554739,85.04113118758019,0,45.765713656741674,9,1,0,normal
2026-01-01 09:55:00,36.939901606871516,87.501692444313,0,49.39800916941701,9,1,0,normal
2026-01-01 09:56:00,38.380750388239775,87.49338362373804,0,48.7919370207909,9,1,0,normal
2026-01-01 09:57:00,34.12741770530616,93.26663656072607,0,46.7446285835584,9,1,0,normal
2026-01-01 09:58:00,37.33424043954333,84.32225062310383,1,38.86333698305381,9,1,0,normal
2026-01-01 09:59:00,42.26380295826911,85.38272109018378,0,59.97352997792189,9,3,0,normal
2026-01-01 10:00:00,44.54193169987211,97.83209361789736,0,44.727939793584724,10,2,0,normal
2026-01-01 10:01:00,34.46700805493425,70.02431122995333,0,49.249019586040106,10,4,0,normal
2026-01-01 10:02:00,45.21763552063396,67.16386130072739,0,47.03047310591793,10,1,0,normal
2026-01-01 10:03:00,48.13382715282971,62.21117601219716,0,28.107208662103883,10,1,0,normal
2026-01-01 10:04:00,42.48060941934221,82.74371845430385,0,36.66272234626801,10,3,0,normal
2026-01-01 10:05:00,51.260774875348396,52.194016381713155,1,45.911792844735295,10,1,0,normal
2026-01-01 10:06:00,35.35726480537856,86.93231144089516,0,38.20354521271345,10,1,0,normal
2026-01-01 10:07:00,32.532071780131496,78.36210358249171,0,48.22423396842277,10,1,0,normal
2026-01-01 10:08:00,29.32767850657433,97.01959549731585,0,37.71867987131965,10,3,0,normal
2026-01-01 10:09:00,48.9762658689351,69.92124034302515,0,45.135229524453074,10,2,0,normal
2026-01-01 10:10:00,43.92619393812435,76.9502257187374,1,31.340128981761723,10,1,0,normal
2026-01-01 10:11:00,39.66649197453727,96.83304999940053,1,51.687278185103416,10,2,0,normal
2026-01-01 10:12:00,41.67981175791892,100.74703470167228,0,48.607906673866616,10,1,0,normal
2026-01-01 10:13:00,33.24706571620974,69.7977145137227,0,48.98133541286084,10,2,0,normal
2026-01-01 10:14:00,54.67451187770096,82.7267184888074,0,44.27461041127912,10,1,0,normal
2026-01-01 10:15:00,40.775327091851366,84.41628466526072,0,39.42310290376018,10,2,0,normal
2026-01-01 10:16:00,40.65636876762936,85.60480108431723,0,57.623645000446515,10,2,0,normal
2026-01-01 10:17:00,44.35459974339215,76.06136511026567,0,58.33193414713313,10,3,0,normal
2026-01-01 10:18:00,42.88605539042028,99.22075097185453,1,44.42853609005079,10,1,0,normal
2026-01-01 10:19:00,41.343304145674786,51.65444774567682,0,40.42918418562581,10,1,0,normal
2026-01-01 10:20:00,35.25715326732813,73.68304647798374,0,31.172375692622772,10,2,0,normal
2026-01-01 10:21:00,42.828810142815975,86.7189609915942,0,46.801277547712004,10,2,0,normal
2026-01-01 10:22:00,51.2921469788502,86.85837217924015,0,39.65209216092474,10,1,0,normal
2026-01-01 10:23:00,48.072520276929865,100.29138545922144,0,41.16300572390035,10,1,0,normal
2026-01-01 10:24:00,49.55911975983638,97.9733808980193,0,52.71209881104972,10,1,0,normal
2026-01-01 10:25:00,36.93270594141289,75.71687562039165,0,37.30118135989875,10,1,0,normal
2026-01-01 10:26:00,34.062371078448514,99.49806865295906,1,60.350739378047955,10,1,0,normal
2026-01-01 10:27:00,39.24527847940211,69.28937384333818,0,36.86357764216944,10,1,0,normal
2026-01-01 10:28:00,40.33434947373217,93.96331074187756,0,28.624390747684796,10,3,0,normal
2026-01-01 10:29:00,46.56514911082569,107.1578371763149,1,39.73542347183463,10,1,0,normal
2026-01-01 10:30:00,29.845212221711083,98.22416160282454,0,47.85429714457767,10,1,0,normal
2026-01-01 10:31:00,49.17730191676368,81.58655575286186,0,46.09293149410633,10,1,0,normal
2026-01-01 10:32:00,39.051952608526065,75.02331842341816,0,46.46401846053591,10,1,0,normal
2026-01-01 10:33:00,37.43871358031548,57.0711305561107,0,42.783498558408624,10,2,0,normal
2026-01-01 10:34:00,33.927373748438995,84.65809456871307,0,40.99107053283328,10,4,0,normal
2026-01-01 10:35:00,30.070859968805383,63.27174158043621,0,35.083623020493675,10,1,0,normal
2026-01-01 10:36:00,44.93902350377149,68.10298004579094,0,46.035758028911886,10,2,0,normal
2026-01-01 10:37:00,40.439907803130424,62.13881298894992,1,53.45408491082292,10,2,0,normal
2026-01-01 10:38:00,32.26023460155368,73.09411501015018,0,45.11325197565502,10,1,0,normal
2026-01-01 10:39:00,32.2295273676183,79.58045878269526,1,38.913638066009625,10,1,0,normal
2026-01-01 10:40:00,37.985291804259234,84.10421871748558,0,46.167673528792164,10,1,0,normal
2026-01-01 10:41:00,50.014129151736356,70.99240046879055,0,197.39733629516635,10,19,1,credential_stuffing
2026-01-01 10:42:00,38.44245189181837,96.03925559592776,1,43.36781007934258,10,1,0,normal
2026-01-01 10:43:00,30.981142281291362,76.8769211301505,0,35.10715680537665,10,2,0,normal
2026-01-01 10:44:00,38.525541615484336,68.18416350101721,1,46.758522519524895,10,1,0,normal
2026-01-01 10:45:00,38.363658581513974,83.39438400865154,36,49.71682721345958,3,1,1,brute_force_login
2026-01-01 10:46:00,23.81868014235057,109.45329250315724,0,51.93776557033192,10,1,0,normal
2026-01-01 10:47:00,39.67423080089313,85.02740849802677,1,50.57780712986128,10,1,0,normal
2026-01-01 10:48:00,38.61439281874793,74.5571655893959,0,46.328724314133126,10,1,0,normal
2026-01-01 10:49:00,44.17723818888051,57.08807965821944,0,38.329917228807666,10,1,0,normal
2026-01-01 10:50:00,51.093736569672075,76.70881518541894,0,37.13382278383082,10,1,0,normal
2026-01-01 10:51:00,46.75939017728655,83.52392187632174,1,42.295003830022424,10,1,0,normal
2026-01-01 10:52:00,38.38666785667102,74.18628663116645,0,49.922043680555774,10,3,0,normal
2026-01-01 10:53:00,33.36084454754998,55.01923042638501,1,39.79558232188813,10,1,0,normal
2026-01-01 10:54:00,55.44015881949916,67.2415191574485,0,41.07497361123238,10,3,0,normal
2026-01-01 10:55:00,40.35531060408693,101.81807691331636,0,37.91686571389601,10,1,0,normal
2026-01-01 10:56:00,40.083575751477674,101.51001505595691,1,57.48635902309749,10,3,0,normal
2026-01-01 10:57:00,39.85524947733998,66.70041246193102,0,43.22320359033836,10,1,0,normal
2026-01-01 10:58:00,41.18850856460713,90.09135180799133,0,50.373099570648044,10,1,0,normal
2026-01-01 10:59:00,39.13383752845635,62.321408228447396,0,57.6423640645487,10,2,0,normal
2026-01-01 11:00:00,36.55802795871858,101.06474422992429,19,37.386619040084305,3,1,1,brute_force_login
2026-01-01 11:01:00,36.71884635255765,83.67853771841355,1,51.071826972194145,11,1,0,normal
2026-01-01 11:02:00,39.80348037870401,94.24462247924801,0,44.25483384480372,11,3,0,normal
2026-01-01 11:03:00,36.73945137319741,54.27359979226192,0,56.24541170863867,11,1,0,normal
2026-01-01 11:04:00,35.72292530393702,90.16455652887332,0,38.66145636872135,11,3,0,normal
2026-01-01 11:05:00,40.63858136615138,79.88488904473245,0,46.71425704035662,11,1,0,normal
2026-01-01 11:06:00,38.47013669547487,92.77893606186264,1,50.07513583288074,11,3,0,normal
2026-01-01 11:07:00,49.02395793149613,93.72301697146774,0,39.52364507641028,11,1,0,normal
2026-01-01 11:08:00,24.094181149641926,80.98677034212125,0,43.33884396029206,11,2,0,normal
2026-01-01 11:09:00,46.54904111153477,70.98755541356128,1,43.87444237294254,11,1,0,normal
2026-01-01 11:10:00,47.47651115498577,91.69544273269241,3,53.750482565698334,11,1,0,normal
2026-01-01 11:11:00,27.559658605551103,79.09768250892309,0,62.7437931410348,11,1,0,normal
2026-01-01 11:12:00,37.943874435517905,66.90822569708536,1,57.61521743848565,11,2,0,normal
2026-01-01 11:13:00,37.77135480402525,66.19771652813472,1,56.50500539923693,11,4,0,normal
2026-01-01 11:14:00,31.554929831693073,57.84253375531428,0,11.5108199674426,11,1,0,normal
2026-01-01 11:15:00,35.333099874454746,72.34563260655405,0,46.061494839236,11,1,0,normal
2026-01-01 11:16:00,33.336544927205026,96.54038069111567,1,246.0267277910798,11,18,1,credential_stuffing
2026-01-01 11:17:00,50.513622660541735,82.66744699558151,0,51.40562535568666,11,1,0,normal
2026-01-01 11:18:00,45.61407035888477,72.05348441115439,1,33.47322436687733,11,1,0,normal
2026-01-01 11:19:00,47.62933056996495,92.0728390727012,0,50.80221253419639,11,2,0,normal
2026-01-01 11:20:00,44.33003238425941,67.51285067414916,0,28.317320475157157,11,1,0,normal
2026-01-01 11:21:00,33.22568937269662,81.43025411499168,0,53.21952786954121,11,2,0,normal
2026-01-01 11:22:00,36.85287840232136,77.30554440911727,0,31.81302700869571,11,1,0,normal
2026-01-01 11:23:00,42.93624736736751,91.68695938382528,1,54.7990553269139,11,1,0,normal
2026-01-01 11:24:00,32.66723314664833,56.34157443620749,0,54.39836747997967,11,1,0,normal
2026-01-01 11:25:00,44.27799058103433,67.24703381278016,0,42.32996429766963,11,1,0,normal
2026-01-01 11:26:00,38.55804761105119,55.42631511358199,1,48.50692109863112,11,1,0,normal
2026-01-01 11:27:00,37.75107515470241,76.10604917286095,0,44.974419852425044,11,1,0,normal
2026-01-01 11:28:00,44.26575980922095,98.17141255448647,0,33.17059889918161,11,1,0,normal
2026-01-01 11:29:00,42.66557986891624,72.4182918551971,1,49.50190734075765,11,1,0,normal
2026-01-01 11:30:00,37.83420300508552,72.33974092706524,0,54.498051919464785,11,3,0,normal
2026-01-01 11:31:00,46.955978820185486,93.07586636276204,0,42.42024220679572,11,1,0,normal
2026-01-01 11:32:00,33.51362003440062,96.0282433768295,0,50.10928512068327,11,2,0,normal
2026-01-01 11:33:00,43.69561364166558,78.67143399096815,0,37.98372832131398,11,2,0,normal
2026-01-01 11:34:00,43.558607547810304,90.27072281074838,0,52.34499869578643,11,2,0,normal
2026-01-01 11:35:00,38.142721364116056,63.8456818868308,0,45.08135686694508,11,1,0,normal
2026-01-01 11:36:00,41.95679813345271,100.66961500888121,0,44.880648753544676,11,3,0,normal
2026-01-01 11:37:00,32.49331854168818,112.23059440905577,1,48.75342773632227,11,2,0,normal
2026-01-01 11:38:00,45.544162115241406,87.81823686783088,0,57.233402698664406,11,3,0,normal
2026-01-01 11:39:00,38.89058718134206,48.735025679858,0,49.21213333668976,11,1,0,normal
2026-01-01 11:40:00,36.863661876885764,71.62654606403323,0,36.341960563213604,11,1,0,normal
2026-01-01 11:41:00,46.294055355021335,89.19237982503982,0,39.254817959448225,11,1,0,normal
2026-01-01 11:42:00,35.773937856743444,73.67775504250456,0,44.42438655017174,11,2,0,normal
2026-01-01 11:43:00,31.54923222181864,99.08297831375147,0,48.9694381259311,11,1,0,normal
2026-01-01 11:44:00,30.660224958856578,88.82235896653798,1,35.70662387844445,11,1,0,normal
2026-01-01 11:45:00,43.63605970807384,69.40286748851305,0,47.79451037962952,11,1,0,normal
2026-01-01 11:46:00,32.3174238850223,80.48397216156879,1,52.11316735053234,11,3,0,normal
2026-01-01 11:47:00,50.52876509190619,66.59250169041366,0,40.9980952656021,11,1,0,normal
2026-01-01 11:48:00,27.508423552697668,77.26122682381337,0,60.76767334672515,11,1,0,normal
2026-01-01 11:49:00,50.17873820974023,71.68110139351172,0,39.05898839062546,11,1,0,normal
2026-01-01 11:50:00,41.26610480321571,97.62142700349557,1,46.61200361718391,11,1,0,normal
2026-01-01 11:51:00,39.41972132877765,111.74018085246493,0,28.291565978691544,11,1,0,normal
2026-01-01 11:52:00,36.7304854791463,58.53217500146372,0,42.465854164222314,11,1,0,normal
2026-01-01 11:53:00,42.39481668611243,51.15175570685372,1,43.80927304984924,11,1,0,normal
2026-01-01 11:54:00,39.77419178545091,76.32241367222922,0,41.57719734298031,11,1,0,normal
2026-01-01 11:55:00,46.61981129209913,57.22376451756976,0,39.10326372136697,11,1,0,normal
2026-01-01 11:56:00,40.68536589197224,80.69317405506376,0,40.86171923873741,11,1,0,normal
2026-01-01 11:57:00,40.90181056877127,91.2340417070889,0,50.06913487924098,11,1,0,normal
2026-01-01 11:58:00,37.81832672671686,102.41212845900237,0,29.65363179161193,11,1,0,normal
2026-01-01 11:59:00,39.65832625767359,83.02091838072921,0,30.117281662495103,11,1,0,normal
2026-01-01 12:00:00,41.84681061335235,77.10267162725631,0,41.067823381328495,12,5,0,normal
2026-01-01 12:01:00,29.738989644060247,50.324226251403736,0,44.02346312633672,12,1,0,normal
2026-01-01 12:02:00,31.910887467365722,80.39277723778697,0,38.73895132771343,12,2,0,normal
2026-01-01 12:03:00,44.45958456413629,81.06930890824192,0,45.506047844413956,12,4,0,normal
2026-01-01 12:04:00,41.02519262876765,89.58435221319118,1,49.96166842501913,12,1,0,normal
2026-01-01 12:05:00,38.89609998188393,69.37267847706363,0,52.83044669825571,12,2,0,normal
2026-01-01 12:06:00,40.11060359839236,73.4742109964621,0,55.58597196963191,12,1,0,normal
2026-01-01 12:07:00,42.085490232170024,57.82996617043723,0,34.40491878083173,12,1,0,normal
2026-01-01 12:08:00,36.76144191814383,45.63060789673902,0,38.829355367138305,12,1,0,normal
2026-01-01 12:09:00,35.33017164758613,63.37254363804825,1,37.982601838230686,12,1,0,normal
2026-01-01 12:10:00,41.17507153058609,56.44511278620475,0,53.088078562858634,12,1,0,normal
2026-01-01 12:11:00,34.12976333430981,85.05068443130916,0,39.938572373480085,12,1,0,normal
2026-01-01 12:12:00,42.44951653428683,72.22798914999714,0,47.45643788995803,12,2,0,normal
2026-01-01 12:13:00,29.78449837457296,71.92644304887816,1,33.68023506456535,12,1,0,normal
2026-01-01 12:14:00,46.174933823953864,65.23380430737183,2,39.85082055808409,12,1,0,normal
2026-01-01 12:15:00,42.83558489447826,31.511518512313494,0,37.8250367439706,12,1,0,normal
2026-01-01 12:16:00,41.536178405883255,102.62466123121325,0,50.467299217243664,12,1,0,normal
2026-01-01 12:17:00,45.89614590367309,64.99594215834817,1,35.02650804903833,12,2,0,normal
2026-01-01 12:18:00,49.99284666677546,73.8136989522514,0,59.27712512486177,12,1,0,normal
2026-01-01 12:19:00,46.086220390108785,58.17661752066034,0,46.72441914716436,12,2,0,normal
2026-01-01 12:20:00,28.954754612010127,94.5789551516095,0,39.17420268594321,12,4,0,normal
2026-01-01 12:21:00,32.32253819958579,82.15143405555986,1,47.73042440535122,12,1,0,normal
2026-01-01 12:22:00,36.25108853382593,67.60452072101197,0,38.490531662511565,12,1,0,normal
2026-01-01 12:23:00,40.156546301265,74.11655582983964,0,36.50128449456524,12,1,0,normal
2026-01-01 12:24:00,43.10595412281474,105.17269883187305,0,50.58623062237622,12,1,0,normal
2026-01-01 12:25:00,35.64553712107921,78.90545852178083,0,55.95141453937322,12,1,0,normal
2026-01-01 12:26:00,41.12060058686247,77.27399693576142,0,48.04790992107146,12,1,0,normal
2026-01-01 12:27:00,35.46770240588006,65.87927770791103,0,35.16904656110458,12,1,0,normal
2026-01-01 12:28:00,36.330893182048314,51.581282742915455,0,38.47078563439339,12,1,0,normal
2026-01-01 12:29:00,31.560033418910667,77.59941989630984,0,57.23230120193767,12,1,0,normal
2026-01-01 12:30:00,34.46060052333458,84.88227668486927,0,51.35488129566696,12,1,0,normal
2026-01-01 12:31:00,31.889892366302,96.49376696491504,1,35.97991919238112,12,1,0,normal
2026-01-01 12:32:00,34.14476048213601,46.27255198250517,0,39.29268337358312,12,1,0,normal
2026-01-01 12:33:00,46.321850779647036,63.12355509465456,0,46.49943004280339,12,1,0,normal
2026-01-01 12:34:00,34.30360666700834,71.28888364165324,1,43.848754557861994,12,1,0,normal
2026-01-01 12:35:00,55.79429238902435,79.94778727140198,2,61.712075740701664,12,1,0,normal
2026-01-01 12:36:00,90.67335757828857,77.82449462707366,0,39.14724210005424,12,1,1,crypto_mining
2026-01-01 12:37:00,41.109016742169246,78.17466971469096,0,49.794669486156955,12,1,0,normal
2026-01-01 12:38:00,34.84985331891272,86.12144087854917,0,47.37856498947589,12,3,0,normal
2026-01-01 12:39:00,44.201859276453945,66.45060333831336,2,31.722198240222397,12,3,0,normal
2026-01-01 12:40:00,36.54617304257336,94.01212163350542,0,25.854309887004604,12,3,0,normal
2026-01-01 12:41:00,40.73205888787217,86.50178662549222,0,41.92237993219915,12,2,0,normal
2026-01-01 12:42:00,55.360507229612764,75.20251603807881,0,48.347313126684654,12,4,0,normal
2026-01-01 12:43:00,39.4236406016521,104.01361987833373,0,57.718620166770016,12,1,0,normal
2026-01-01 12:44:00,46.89563995771405,103.3462405335765,1,38.73896641718102,12,1,0,normal
2026-01-01 12:45:00,35.78094144924468,93.99343032790713,0,48.79679301990271,12,1,0,normal
2026-01-01 12:46:00,39.79006905701823,34.72164844148311,0,42.67828470698433,12,1,0,normal
2026-01-01 12:47:00,50.62480381381306,103.68417639076964,0,58.81906634971109,12,2,0,normal
2026-01-01 12:48:00,36.238197653273396,91.921377837079,0,44.68000906855712,12,2,0,normal
2026-01-01 12:49:00,50.874691347981575,110.09612956569404,0,41.48111369556883,12,1,0,normal
2026-01-01 12:50:00,44.24651161273285,98.56196887600308,0,46.36338329505847,12,2,0,normal
2026-01-01 12:51:00,36.625199344634396,103.67514016245929,1,46.54269975732518,12,2,0,normal
2026-01-01 12:52:00,43.794446434333125,93.17982275270569,0,56.1709603304879,12,1,0,normal
2026-01-01 12:53:00,45.83532669776038,100.23039797968268,1,45.04061684360796,12,1,0,normal
2026-01-01 12:54:00,43.73085977330318,109.91185611101659,0,48.44245641575375,12,1,0,normal
2026-01-01 12:55:00,30.57865168065726,83.24832107567309,0,31.767549554933865,12,1,0,normal
2026-01-01 12:56:00,35.63717694505079,56.41654183882805,1,35.75705915846016,12,1,0,normal
2026-01-01 12:57:00,38.514888186690975,75.38808649977287,0,41.98850550428324,12,1,0,normal
2026-01-01 12:58:00,39.553399425399725,85.84918399075156,0,45.83003386306762,12,3,0,normal
2026-01-01 12:59:00,43.724032585304066,81.12331376557337,0,38.90664414782084,12,1,0,normal
2026-01-01 13:00:00,41.066206005599525,61.3015705076086,0,47.26826572727017,13,1,0,normal
2026-01-01 13:01:00,31.98793384773939,55.53398562207532,0,40.81353946700755,13,1,0,normal
2026-01-01 13:02:00,42.28118710603578,68.88255997047756,1,58.58638716847402,13,3,0,normal
2026-01-01 13:03:00,43.66351447170294,92.11609333976227,1,43.3463913854213,13,1,0,normal
2026-01-01 13:04:00,43.358742687586236,103.70509656234454,0,48.446600866075116,13,2,0,normal
2026-01-01 13:05:00,46.48468435332773,93.74851420666552,1,43.25394353702316,13,1,0,normal
2026-01-01 13:06:00,45.00353292729342,95.86140930671205,0,44.255874607383824,13,1,0,normal
2026-01-01 13:07:00,42.75508047537062,78.78776640254664,0,49.37080742497095,13,1,0,normal
2026-01-01 13:08:00,39.57900573124812,53.86876313441054,0,46.10391043151048,13,2,0,normal
2026-01-01 13:09:00,30.03423439890405,73.17169128675943,0,40.826409860042574,13,1,0,normal
2026-01-01 13:10:00,42.57770931479551,76.11853382191431,0,47.68021606287968,13,1,0,normal
2026-01-01 13:11:00,41.246126122978666,72.54421269746477,1,43.73213555225204,13,2,0,normal
2026-01-01 13:12:00,41.62947302317224,80.8204229806194,2,49.660992713789156,13,2,0,normal
2026-01-01 13:13:00,32.33950854507815,86.62129639839426,0,54.18097696147625,13,3,0,normal
2026-01-01 13:14:00,33.513660757550426,92.79522782365247,0,52.93626013048893,13,1,0,normal
2026-01-01 13:15:00,46.31891711999742,75.82820203450498,0,36.50272969583219,13,1,0,normal
2026-01-01 13:16:00,39.76266907686007,51.4436089153311,0,20.77023906001115,13,1,0,normal
2026-01-01 13:17:00,44.08900418423575,724.6962680331316,0,63.06096510040331,13,1,1,data_exfiltration
2026-01-01 13:18:00,40.169910256782764,80.65565595487976,0,49.19694812443278,13,1,0,normal
2026-01-01 13:19:00,40.17853683697447,98.34211883200112,0,48.01859793239798,13,1,0,normal
2026-01-01 13:20:00,45.62970283585599,71.48288236723842,0,207.97829665165557,13,19,1,credential_stuffing
2026-01-01 13:21:00,36.90373163069576,87.68815442599103,0,28.599706689276942,13,1,0,normal
2026-01-01 13:22:00,40.5767246616459,84.35131849453148,0,28.976207288521593,13,2,0,normal
2026-01-01 13:23:00,37.226348267769744,80.65850799685083,0,42.30169211026826,13,2,0,normal
2026-01-01 13:24:00,37.393022635406105,93.95799978986886,0,271.7015104850776,13,14,1,credential_stuffing
2026-01-01 13:25:00,38.144967259188164,70.08738204871129,1,58.48179295362894,13,1,0,normal
2026-01-01 13:26:00,41.33280262980227,71.37220325534726,0,46.94550696748813,13,2,0,normal
2026-01-01 13:27:00,37.127508270019135,79.82148765358657,0,50.35792500529825,13,1,0,normal
2026-01-01 13:28:00,47.534536753441124,70.3978024235945,0,40.73902316028461,13,1,0,normal
2026-01-01 13:29:00,34.632356186682976,87.620184365819,0,41.33760809935505,13,1,0,normal
2026-01-01 13:30:00,38.87877013503184,570.0877532390666,0,33.21347011181188,13,1,1,data_exfiltration
2026-01-01 13:31:00,37.361613650354954,83.39456311617701,1,35.17369949124013,13,1,0,normal
2026-01-01 13:32:00,48.6818673061224,78.49740846819866,0,35.094978888832365,13,2,0,normal
2026-01-01 13:33:00,41.17932865906945,83.22388947165058,0,42.09280886548454,13,1,0,normal
2026-01-01 13:34:00,46.19106723681181,73.10387907405442,0,256.39562749950915,13,8,1,credential_stuffing
2026-01-01 13:35:00,31.086637761778167,74.9136755820976,1,38.50981814239251,13,1,0,normal
2026-01-01 13:36:00,41.60230159521555,81.44013901995575,1,44.68670321850725,13,1,0,normal
2026-01-01 13:37:00,45.33778477374062,83.03111759241969,0,25.775907830579676,13,1,0,normal
2026-01-01 13:38:00,40.49370393565255,79.93697126913266,0,56.8576336682454,13,1,0,normal
2026-01-01 13:39:00,46.392882250392105,573.2455361939103,0,59.252075576756496,13,2,1,data_exfiltration
2026-01-01 13:40:00,36.896269299397765,65.13894621888073,1,53.26364572547564,13,2,0,normal
2026-01-01 13:41:00,48.45608464111348,79.0369430757093,0,48.1350420161045,13,2,0,normal
2026-01-01 13:42:00,53.7933887417155,56.39556466824523,1,47.608351517423806,13,2,0,normal
2026-01-01 13:43:00,37.822968637362045,85.5812221800108,0,49.2516038010363,13,2,0,normal
2026-01-01 13:44:00,37.32698487159537,63.27130195434779,0,45.68895477335244,13,1,0,normal
2026-01-01 13:45:00,48.72030686270621,75.82534616185136,0,46.45598262817869,13,2,0,normal
2026-01-01 13:46:00,49.47743287438428,74.41903512003012,0,31.711218901746086,13,3,0,normal
2026-01-01 13:47:00,36.86283983708039,84.21336689901757,0,45.92927450822191,13,1,0,normal
2026-01-01 13:48:00,37.47887909742486,71.7081362368223,1,48.989208521121455,13,1,0,normal
2026-01-01 13:49:00,38.309292346836955,71.07041453459027,1,47.70639301966758,13,4,0,normal
2026-01-01 13:50:00,31.933296933794338,101.53784696128847,0,54.18462404949097,13,1,0,normal
2026-01-01 13:51:00,34.48808832109481,84.2685018571179,0,56.754513549252984,13,3,0,normal
2026-01-01 13:52:00,33.97515539948759,71.58423721966598,1,40.79713955977049,13,1,0,normal
2026-01-01 13:53:00,35.39321460937523,76.23749492283153,0,35.92667486930153,13,1,0,normal
2026-01-01 13:54:00,39.79189067567931,104.68032428406117,0,55.04669140380763,13,1,0,normal
2026-01-01 13:55:00,41.405288395219124,76.47252682623355,2,50.32207221397383,13,1,0,normal
2026-01-01 13:56:00,49.30300295688446,69.66085065271419,0,40.41819722485832,13,1,0,normal
2026-01-01 13:57:00,34.00987575556725,69.7250577481041,0,43.2130867157156,13,1,0,normal
2026-01-01 13:58:00,45.9059343908595,71.76310278515633,1,42.56832548838662,13,1,0,normal
2026-01-01 13:59:00,38.716066934646946,71.08253416359916,0,47.16659479163747,13,1,0,normal
2026-01-01 14:00:00,39.7032177420854,60.80528227476135,1,56.493223808490775,14,1,0,normal
2026-01-01 14:01:00,44.04891695299962,63.13699854579533,0,37.83530811409862,14,1,0,normal
2026-01-01 14:02:00,33.26366787062621,67.56019438457945,0,47.34112796208771,14,2,0,normal
2026-01-01 14:03:00,42.29445847710431,88.87356527679647,0,47.047852614655994,14,1,0,normal
2026-01-01 14:04:00,40.99871324927834,74.28144069090689,0,29.104398275306472,14,1,0,normal
2026-01-01 14:05:00,42.9547075840489,76.8925746635894,0,65.03868869394759,14,1,0,normal
2026-01-01 14:06:00,41.73501186344691,99.05132037882345,0,46.67550656734673,14,2,0,normal
2026-01-01 14:07:00,54.731800839465365,99.42510724907628,0,54.25229490554092,14,1,0,normal
2026-01-01 14:08:00,36.1735600944921,75.76812585293398,0,32.05712017609276,14,2,0,normal
2026-01-01 14:09:00,36.81401826998909,70.53704733974887,1,60.417520097731554,14,1,0,normal
2026-01-01 14:10:00,36.26115684145142,67.03354529489692,0,42.1807613456158,14,2,0,normal
2026-01-01 14:11:00,36.66713728503847,90.39163654562357,0,26.57330094144471,14,1,0,normal
2026-01-01 14:12:00,36.175677236160894,76.92939149716568,0,33.62169945624319,14,2,0,normal
2026-01-01 14:13:00,47.13409918664531,74.20257664515815,1,35.17084728556756,14,1,0,normal
2026-01-01 14:14:00,48.52302548793913,67.7950313729367,0,38.81285247310445,14,1,0,normal
2026-01-01 14:15:00,36.575522237503144,68.45500386482917,1,34.681462930191856,14,1,0,normal
2026-01-01 14:16:00,35.00586656137463,84.80087287239867,0,51.48361094298631,14,1,0,normal
2026-01-01 14:17:00,42.828493338318424,60.26842601169107,1,46.432127780872214,14,1,0,normal
2026-01-01 14:18:00,36.68666173431417,94.92303040681908,0,49.09020593264608,14,1,0,normal
2026-01-01 14:19:00,43.79759090653307,71.99233034277623,0,48.4403346924788,14,1,0,normal
2026-01-01 14:20:00,41.2175381251078,77.75546083622311,1,43.03949834918594,14,1,0,normal
2026-01-01 14:21:00,30.90553531001661,59.945330627891686,0,32.52477128238023,14,2,0,normal
2026-01-01 14:22:00,49.28503120798037,79.81451092636453,1,32.909593027219024,14,1,0,normal
2026-01-01 14:23:00,50.77526603857313,75.0751858596416,0,33.24947834696479,14,1,0,normal
2026-01-01 14:24:00,36.32326785709368,79.248791017153,0,36.26427327771207,14,1,0,normal
2026-01-01 14:25:00,37.6737906403841,102.07563347542836,0,58.54735055743025,14,4,0,normal
2026-01-01 14:26:00,41.71519234434943,82.6654706868536,0,33.03332490312804,14,2,0,normal
2026-01-01 14:27:00,42.00674073992215,68.08011223781294,1,56.82534361785246,14,1,0,normal
2026-01-01 14:28:00,43.95126563603698,69.33020134180148,0,36.566582083782386,14,3,0,normal
2026-01-01 14:29:00,52.0612272325981,88.92696778870653,0,34.158696036446344,14,1,0,normal
2026-01-01 14:30:00,38.938316635035704,99.48039936490136,0,48.3725610073881,14,1,0,normal
2026-01-01 14:31:00,35.21021653276928,84.22877031126575,0,55.13783966064979,14,1,0,normal
2026-01-01 14:32:00,31.724084631912838,90.33069116832155,0,32.00569489062253,14,1,0,normal
2026-01-01 14:33:00,35.61441976034848,89.14606585005058,0,44.282786719749986,14,2,0,normal
2026-01-01 14:34:00,39.801238162757215,101.28596620036282,1,54.49688360138368,14,1,0,normal
2026-01-01 14:35:00,50.76734718110673,50.75614740910951,39,52.2871102498367,4,2,1,brute_force_login
2026-01-01 14:36:00,36.89433220578297,517.0906708294859,0,32.6407996566831,14,1,1,data_exfiltration
2026-01-01 14:37:00,41.34272770983339,94.75604065855346,2,43.360634853917446,14,1,0,normal
2026-01-01 14:38:00,39.90146262356349,59.9191444079664,0,32.12756998850931,14,1,0,normal
2026-01-01 14:39:00,47.1303596406885,66.71497723990376,0,47.99302921948376,14,1,0,normal
2026-01-01 14:40:00,55.161594555241734,67.2382587705777,0,46.32418068089095,14,2,0,normal
2026-01-01 14:41:00,36.81478736247808,69.06814705433925,1,49.52062436426142,14,1,0,normal
2026-01-01 14:42:00,37.06336334489067,72.7742442359671,0,37.359771696228755,14,2,0,normal
2026-01-01 14:43:00,46.264965262414435,83.63904219582412,0,39.40778553801804,14,1,0,normal
2026-01-01 14:44:00,44.09134893775787,92.98511976751055,0,52.907967759827685,14,1,0,normal
2026-01-01 14:45:00,51.080243954416204,96.21975436652805,0,53.24781598240136,14,1,0,normal
2026-01-01 14:46:00,43.503569111955784,67.43265408248327,0,58.37813132688534,14,1,0,normal
2026-01-01 14:47:00,37.844247455277646,67.32945501945525,0,56.36864474450374,14,1,0,normal
2026-01-01 14:48:00,43.54392898415386,99.73732760024335,0,31.810362235165673,14,1,0,normal
2026-01-01 14:49:00,46.65222148349745,89.70115903127967,0,54.79291119781152,14,1,0,normal
2026-01-01 14:50:00,44.922893087184185,81.24297262803495,0,44.72429540725628,14,1,0,normal
2026-01-01 14:51:00,43.04364418664379,87.1000501333245,0,50.819894977934986,14,1,0,normal
2026-01-01 14:52:00,46.400048137534924,79.55294327222839,0,42.295211574173926,14,1,0,normal
2026-01-01 14:53:00,47.01577354267404,87.86877024571422,2,37.68017016596667,14,3,0,normal
2026-01-01 14:54:00,48.29295394622516,74.9589995524139,0,42.72230371155474,14,1,0,normal
2026-01-01 14:55:00,43.89225932553786,84.03207401658847,0,45.51659482100516,14,1,0,normal
2026-01-01 14:56:00,38.997291518098876,57.34180924445755,0,47.32091394237569,14,2,0,normal
2026-01-01 14:57:00,40.880282118599936,69.68323557761853,0,52.78905303870713,14,1,0,normal
2026-01-01 14:58:00,47.23905379905014,69.84483234814485,0,36.698191937048264,14,3,0,normal
2026-01-01 14:59:00,35.098385974076585,74.38414950189629,0,36.00195994302066,14,1,0,normal
2026-01-01 15:00:00,42.21203985323741,66.10230117830378,2,31.962129137288365,15,2,0,normal
2026-01-01 15:01:00,37.639967126035835,71.99684561265377,0,43.223107101204405,15,1,0,normal
2026-01-01 15:02:00,40.172468937608905,57.28378906402819,0,38.00313929395926,15,1,0,normal
2026-01-01 15:03:00,47.67071117564379,88.2305071459235,0,42.35118116084091,15,2,0,normal
2026-01-01 15:04:00,97.99989603944248,78.76229721632909,1,45.19715937755282,15,1,1,crypto_mining
2026-01-01 15:05:00,40.278619288936895,54.42188588335975,0,30.739040454138223,15,1,0,normal
2026-01-01 15:06:00,31.840863154120484,67.47755134179991,0,40.55597013209605,15,1,0,normal
2026-01-01 15:07:00,44.477521396163326,85.0490214134325,0,47.90151456453232,15,2,0,normal
2026-01-01 15:08:00,43.87290508684645,71.85467080421316,1,45.55042853245605,15,2,0,normal
2026-01-01 15:09:00,52.97952833983276,69.54587809792855,0,42.007245592492275,15,1,0,normal
2026-01-01 15:10:00,38.153330590281996,78.88110984487885,1,44.715121422732174,15,1,0,normal
2026-01-01 15:11:00,41.31490196598364,85.15396302767324,1,42.82461396703422,15,1,0,normal
2026-01-01 15:12:00,41.49630210226453,58.454713144412594,0,37.02922203160075,15,1,0,normal
2026-01-01 15:13:00,49.46471967858085,88.2519272182682,0,35.679354353571895,15,2,0,normal
2026-01-01 15:14:00,39.428226805678285,67.99560077588936,1,66.4984993172832,15,1,0,normal
2026-01-01 15:15:00,41.67412915462204,79.73108047625301,1,50.02924451211092,15,1,0,normal
2026-01-01 15:16:00,43.64737905829924,79.46869788962735,1,53.650463942986676,15,1,0,normal
2026-01-01 15:17:00,41.11965473893815,72.09400822640339,0,49.83002122560653,15,1,0,normal
2026-01-01 15:18:00,37.32139831269683,64.64510380803928,0,56.14392246811176,15,1,0,normal
2026-01-01 15:19:00,41.16453995738985,75.71470177861605,0,49.58634444932172,15,2,0,normal
2026-01-01 15:20:00,46.44179049915863,104.37995463612792,0,28.160831495191765,15,1,0,normal
2026-01-01 15:21:00,33.84090820353364,59.57487454304554,1,38.29379717883934,15,2,0,normal
2026-01-01 15:22:00,40.797818044881254,105.38469528657313,0,46.89011149565067,15,1,0,normal
2026-01-01 15:23:00,35.79927511036496,76.10418243385202,0,46.67189027622042,15,1,0,normal
2026-01-01 15:24:00,47.170279773549055,80.53057125632958,0,46.051328913763854,15,1,0,normal
2026-01-01 15:25:00,30.860878571297352,63.699337829229094,0,36.074011916968175,15,1,0,normal
2026-01-01 15:26:00,36.646468916370466,68.43095874983779,0,40.509355387015944,15,1,0,normal
2026-01-01 15:27:00,42.26327125038713,72.45635524942972,1,46.98047643877845,15,1,0,normal
2026-01-01 15:28:00,49.39314417540604,64.31457543683132,1,45.2904017245938,15,1,0,normal
2026-01-01 15:29:00,39.605498433562076,76.86623063943692,0,51.2037327928538,15,1,0,normal
2026-01-01 15:30:00,36.66880283984081,717.9080428409691,0,36.40144502366742,15,1,1,data_exfiltration
2026-01-01 15:31:00,95.18158034549909,107.761717136536,0,48.88716522188803,15,1,1,crypto_mining
2026-01-01 15:32:00,31.311916597502538,62.510387214793084,0,40.41687581963748,15,2,0,normal
2026-01-01 15:33:00,26.807164260279507,81.54035775122881,1,42.15137589871432,15,2,0,normal
2026-01-01 15:34:00,42.64008670032,83.71769422852738,0,44.553745723021706,15,1,0,normal
2026-01-01 15:35:00,36.98767465388433,63.945191770222436,1,31.148450786157373,15,1,0,normal
2026-01-01 15:36:00,33.87260309721572,90.30241243179258,1,46.01703218722106,15,1,0,normal
2026-01-01 15:37:00,44.25013868379612,692.7154719966395,1,55.06161567720385,15,2,1,data_exfiltration
2026-01-01 15:38:00,41.46280428262719,42.61415522625399,0,35.27143745133452,15,3,0,normal
2026-01-01 15:39:00,36.61552821557963,89.89774418156847,0,59.86209484375185,15,1,0,normal
2026-01-01 15:40:00,32.318173607974636,63.24588673846454,0,39.819724917543724,15,1,0,normal
2026-01-01 15:41:00,45.23474396968087,64.28337580791352,0,49.712242842831884,15,1,0,normal
2026-01-01 15:42:00,43.90120706775197,90.31853124338598,1,34.41439634197683,15,3,0,normal
2026-01-01 15:43:00,39.4049448173237,74.79257776372326,0,62.273264712133866,15,1,0,normal
2026-01-01 15:44:00,51.079821976286,93.7665822582725,1,36.51836341744755,15,1,0,normal
2026-01-01 15:45:00,33.57949140204308,98.15249143047978,30,46.65681930960127,3,1,1,brute_force_login
2026-01-01 15:46:00,30.846848974451568,70.32607309516553,1,40.71198829140278,15,1,0,normal
2026-01-01 15:47:00,35.84855158071253,91.89893743932546,0,44.600805844919755,15,2,0,normal
2026-01-01 15:48:00,39.72648390186701,68.66808797910677,0,45.89677647344975,15,1,0,normal
2026-01-01 15:49:00,41.460036695936154,113.49673875698265,0,42.39047886615247,15,2,0,normal
2026-01-01 15:50:00,38.55258365286202,69.60564493203177,0,39.5616597364339,15,1,0,normal
2026-01-01 15:51:00,42.11233237908578,95.39131161440005,0,44.62231409735533,15,2,0,normal
2026-01-01 15:52:00,32.49076345485734,92.65685038822363,0,44.44822589846115,15,1,0,normal
2026-01-01 15:53:00,48.66258762443955,84.74131733163401,1,47.59071123102468,15,1,0,normal
2026-01-01 15:54:00,39.507092929644585,69.94185257874975,1,48.87574279091734,15,1,0,normal
2026-01-01 15:55:00,46.70377498952877,77.72903762087886,1,51.4879716876007,15,1,0,normal
2026-01-01 15:56:00,42.05635207826622,47.69617830583172,1,49.49315088980879,15,2,0,normal
2026-01-01 15:57:00,42.7405193149227,83.36630057573376,0,46.05779199033013,15,1,0,normal
2026-01-01 15:58:00,43.41860368139322,85.24422996542577,16,42.94797600587787,4,1,1,brute_force_login
2026-01-01 15:59:00,42.68625136010389,82.00249128592057,0,32.736692831234365,15,2,0,normal
2026-01-01 16:00:00,43.85633655920526,35.40040743061164,0,218.42320546189904,16,9,1,credential_stuffing
2026-01-01 16:01:00,47.97491518079459,61.015453323652835,0,53.75578570274921,16,2,0,normal
2026-01-01 16:02:00,41.179127018208824,68.77863525727005,0,38.863699786009455,16,3,0,normal
2026-01-01 16:03:00,44.25402254553107,84.3748839978357,0,39.65483856185877,16,1,0,normal
2026-01-01 16:04:00,39.46158583427664,84.34008358464477,0,55.443620610541736,16,1,0,normal
2026-01-01 16:05:00,48.64070329269684,77.44664312043231,0,289.0639126211008,16,11,1,credential_stuffing
2026-01-01 16:06:00,35.94164618764438,89.52868304905935,0,38.32099514937278,16,1,0,normal
2026-01-01 16:07:00,50.805642597464896,64.6063643704565,0,65.41195371742629,16,1,0,normal
2026-01-01 16:08:00,39.75905229613394,89.15352508540994,0,48.33993693717171,16,1,0,normal
2026-01-01 16:09:00,31.415349387291712,87.12113157259836,1,52.38764753173913,16,1,0,normal
2026-01-01 16:10:00,40.76862648946474,85.66332099256866,1,42.18288536427632,16,4,0,normal
2026-01-01 16:11:00,35.91369005515072,77.26939353371516,15,47.06523639264554,1,2,1,brute_force_login
2026-01-01 16:12:00,45.043861293932345,107.46115737246893,0,48.40662023016717,16,1,0,normal
2026-01-01 16:13:00,36.08425612418566,87.39793532734818,0,37.803721877231645,16,1,0,normal
2026-01-01 16:14:00,37.32289940071132,65.47496205119661,1,58.227983292405284,16,1,0,normal
2026-01-01 16:15:00,28.662755614326812,83.72458213603976,0,211.49802851386843,16,13,1,credential_stuffing
2026-01-01 16:16:00,37.28616208450554,91.28725065611327,0,40.999214695298384,16,2,0,normal
2026-01-01 16:17:00,25.45672404022626,71.17837101613536,0,284.24473540214126,16,19,1,credential_stuffing
2026-01-01 16:18:00,30.49658305908566,96.33908370396648,0,49.498823309782644,16,1,0,normal
2026-01-01 16:19:00,44.562487936865786,85.73050558574016,0,47.047099858609776,16,2,0,normal
2026-01-01 16:20:00,44.71480095190499,44.862824935019795,0,37.19482549003058,16,2,0,normal
2026-01-01 16:21:00,42.552745370709786,84.4950796600689,2,46.120716363409265,16,1,0,normal
2026-01-01 16:22:00,34.19814314122472,73.90956268380927,0,48.903221902203065,16,1,0,normal
2026-01-01 16:23:00,39.71373186314812,88.05769721812604,0,41.840166859546684,16,3,0,normal
2026-01-01 16:24:00,39.97838476545659,94.16322260377721,0,47.988320819048226,16,1,0,normal
2026-01-01 16:25:00,33.04981186484474,82.92743070712727,0,45.03785988506116,16,1,0,normal
2026-01-01 16:26:00,49.02038981060291,104.97878350917043,0,43.243073774808146,16,1,0,normal
2026-01-01 16:27:00,45.26417374345403,77.31939673154757,2,37.32004312417872,16,2,0,normal
2026-01-01 16:28:00,38.674214957022016,89.37226734580813,0,46.592404797163624,16,1,0,normal
2026-01-01 16:29:00,40.161315033967185,92.0741386045602,22,28.407703250981047,4,3,1,brute_force_login
2026-01-01 16:30:00,41.25029684768531,78.53981046660901,22,56.50481712345163,2,1,1,brute_force_login
2026-01-01 16:31:00,27.749590789454256,91.68161461966673,0,54.49812994697997,16,1,0,normal
2026-01-01 16:32:00,38.51693570487642,71.07990519256747,0,36.80392931565093,16,2,0,normal
2026-01-01 16:33:00,35.90809451201321,73.66147371468172,0,33.488720394010734,16,1,0,normal
2026-01-01 16:34:00,33.99027994063051,60.312669644955314,0,54.35381038625769,16,2,0,normal
2026-01-01 16:35:00,38.31339824268427,83.6211367455507,1,43.67102180588232,16,1,0,normal
2026-01-01 16:36:00,50.78611916109713,84.87877513781515,0,45.47870509762279,16,3,0,normal
2026-01-01 16:37:00,43.84505716760206,97.68894737868844,0,45.19107557488369,16,1,0,normal
2026-01-01 16:38:00,36.57292606130322,91.86710006533825,1,34.48764618237024,16,1,0,normal
2026-01-01 16:39:00,43.43549668813695,75.7280666502885,0,51.283670360573765,16,1,0,normal
2026-01-01 16:40:00,48.39613261951601,62.32730468998585,1,48.59101233926591,16,3,0,normal
2026-01-01 16:41:00,45.54780209747661,86.49275603779961,0,45.15018177073045,16,3,0,normal
2026-01-01 16:42:00,40.35778221952104,96.66129758621963,0,26.848817572850738,16,1,0,normal
2026-01-01 16:43:00,36.118379333766555,91.32777460705915,0,49.028879509343405,16,2,0,normal
2026-01-01 16:44:00,44.18933988168154,96.26716287285932,0,48.02562713571048,16,1,0,normal
2026-01-01 16:45:00,42.360912312530495,76.82165703202637,1,183.3213300054614,16,17,1,credential_stuffing
2026-01-01 16:46:00,45.37115932016639,73.00071547736532,0,52.72201692570319,16,2,0,normal
2026-01-01 16:47:00,43.811030810091815,68.94647971652302,0,54.031636126511415,16,2,0,normal
2026-01-01 16:48:00,46.29731629191601,79.16155300079606,0,47.68548905725801,16,2,0,normal
2026-01-01 16:49:00,36.78858873063659,78.8211380604677,0,32.903344223107936,16,1,0,normal
2026-01-01 16:50:00,47.904364393805956,83.10016442808674,1,34.87737171022556,16,2,0,normal
2026-01-01 16:51:00,41.1855976281544,78.06053814446739,1,39.418307840911936,16,1,0,normal
2026-01-01 16:52:00,52.451565235751595,77.99558405409843,0,43.01130952364862,16,2,0,normal
2026-01-01 16:53:00,35.86487309146259,68.34958920541784,0,51.732307834602636,16,1,0,normal
2026-01-01 16:54:00,50.415782818991495,94.12428520327236,1,47.63557603166519,16,1,0,normal
2026-01-01 16:55:00,41.187464700775884,81.14777093365566,0,43.6739543629214,16,1,0,normal
2026-01-01 16:56:00,36.09149197831331,77.38334098572076,0,50.031829432152215,16,1,0,normal
2026-01-01 16:57:00,37.09668499567407,68.78856120126193,0,38.79685690518233,16,1,0,normal
2026-01-01 16:58:00,38.07791615083408,60.02130334413371,0,50.015393263462215,16,3,0,normal
2026-01-01 16:59:00,42.544995678411496,99.61946288824015,0,46.82191526645757,16,1,0,normal
2026-01-01 17:00:00,43.137012928213,88.31958062197711,0,49.18568797919673,17,1,0,normal
2026-01-01 17:01:00,36.55779997636853,55.64123236145049,1,51.769985809658095,17,1,0,normal
2026-01-01 17:02:00,39.8538724464341,91.44713451064486,0,44.61937204451135,17,1,0,normal
2026-01-01 17:03:00,52.85362215167118,93.83721755349664,1,29.071453576622417,17,1,0,normal
2026-01-01 17:04:00,50.36525902060427,81.86564183451394,0,39.72711885474034,17,1,0,normal
2026-01-01 17:05:00,42.61794201804419,103.97166343627639,1,51.25318874944529,17,1,0,normal
2026-01-01 17:06:00,40.2280208690092,83.25079463184325,27,40.481109172973404,2,3,1,brute_force_login
2026-01-01 17:07:00,40.720187960309566,58.74764708076215,0,39.6844477786941,17,1,0,normal
2026-01-01 17:08:00,43.6811078363825,85.47753501572481,0,45.497954938861426,17,1,0,normal
2026-01-01 17:09:00,33.863244608809566,83.67345952569094,0,53.747076414214895,17,1,0,normal
2026-01-01 17:10:00,38.45574077545993,70.95054726832768,0,48.66410512915845,17,1,0,normal
2026-01-01 17:11:00,29.988495556734463,88.60338255316138,0,58.926240934519285,17,1,0,normal
2026-01-01 17:12:00,42.395338735631675,54.98502100713707,0,48.21208191949791,17,1,0,normal
2026-01-01 17:13:00,43.88317563821644,94.85850241164184,0,47.90289483531363,17,1,0,normal
2026-01-01 17:14:00,37.100881226203754,66.82817444591821,0,43.130400791483005,17,1,0,normal
2026-01-01 17:15:00,49.443920579740194,65.22580812324452,0,32.58889104769573,17,1,0,normal
2026-01-01 17:16:00,32.64540602198595,78.29262841538785,0,46.17838454772678,17,1,0,normal
2026-01-01 17:17:00,31.21375071874108,86.49459392065454,0,45.33212568012419,17,1,0,normal
2026-01-01 17:18:00,41.346710911359835,82.45886095390145,0,50.308509292189406,17,2,0,normal
2026-01-01 17:19:00,46.28258981567293,68.86011251341432,0,47.438940838487405,17,1,0,normal
2026-01-01 17:20:00,50.10356614874721,72.40866063212167,0,47.15393459998942,17,1,0,normal
2026-01-01 17:21:00,37.24669442278636,63.00436478933807,0,54.084509993612706,17,3,0,normal
2026-01-01 17:22:00,46.472085000587775,76.62980147555194,0,42.91097459829245,17,1,0,normal
2026-01-01 17:23:00,39.768949182995755,96.12531821766365,1,51.70882393834976,17,1,0,normal
2026-01-01 17:24:00,38.96423620035508,79.93605593534186,0,55.30797009197755,17,1,0,normal
2026-01-01 17:25:00,45.30195962492003,92.8912138213918,0,40.57119602458586,17,1,0,normal
2026-01-01 17:26:00,98.55404795703271,101.83102006589287,1,41.73513409995062,17,1,1,crypto_mining
2026-01-01 17:27:00,30.541647058094505,71.17972221444549,39,38.85519629064197,3,3,1,brute_force_login
2026-01-01 17:28:00,48.859242098355374,77.20140120416953,0,34.14003872515933,17,1,0,normal
2026-01-01 17:29:00,48.28054812488471,112.56789291593742,0,59.750753058579,17,1,0,normal
2026-01-01 17:30:00,36.24662379094282,101.66515117969918,2,70.48075585727875,17,1,0,normal
2026-01-01 17:31:00,42.37482120062445,54.91393211281471,0,46.6838329906888,17,1,0,normal
2026-01-01 17:32:00,42.964181117696434,85.8072247409136,1,42.35495548707511,17,2,0,normal
2026-01-01 17:33:00,41.564042594943444,80.00839988509543,0,58.903068145743774,17,1,0,normal
2026-01-01 17:34:00,36.69816907692748,92.39679666288143,0,49.808196663925564,17,1,0,normal
2026-01-01 17:35:00,35.97025979237169,68.82531848772418,0,38.966584894371834,17,1,0,normal
2026-01-01 17:36:00,39.846675574051325,67.40587441938992,1,37.974227351292605,17,1,0,normal
2026-01-01 17:37:00,47.036374115556185,69.85893927059585,0,51.55100316048895,17,1,0,normal
2026-01-01 17:38:00,43.26160092756659,71.42107180702351,0,48.065062475782014,17,2,0,normal
2026-01-01 17:39:00,37.776314007483364,92.2298625021352,1,53.97859346559965,17,2,0,normal
2026-01-01 17:40:00,44.630192263890066,62.2819824027668,0,50.630136398844186,17,1,0,normal
2026-01-01 17:41:00,22.908744276219547,70.66079150061022,1,35.23502855006427,17,1,0,normal
2026-01-01 17:42:00,46.89259420223262,53.16481414247838,0,38.81097657726552,17,2,0,normal
2026-01-01 17:43:00,29.5617173273314,95.1067673511856,0,37.97730703676787,17,1,0,normal
2026-01-01 17:44:00,37.825354351581204,99.06545149146712,0,46.73615442236926,17,1,0,normal
2026-01-01 17:45:00,33.28198063224313,75.0938985370432,0,44.01392775328786,17,1,0,normal
2026-01-01 17:46:00,32.231911145674566,75.53075952780165,0,41.35464156038896,17,2,0,normal
2026-01-01 17:47:00,46.964960724271116,86.79832853424345,1,42.512174965982084,17,1,0,normal
2026-01-01 17:48:00,37.193792792128654,102.11723011067383,1,50.39221404215067,17,1,0,normal
2026-01-01 17:49:00,42.07902329038429,86.12916121345876,1,43.55273638368742,17,3,0,normal
2026-01-01 17:50:00,39.7184765267249,69.53687086287329,0,39.55168422627527,17,1,0,normal
2026-01-01 17:51:00,42.86224496333873,55.7176614202034,0,34.55804631291758,17,2,0,normal
2026-01-01 17:52:00,40.460931346361534,63.27310606004768,0,37.776743815851376,17,2,0,normal
2026-01-01 17:53:00,32.30204665486858,81.09829175468698,0,53.54545952622692,17,1,0,normal
2026-01-01 17:54:00,45.97760091668284,70.17008715198808,0,39.65445324840417,17,1,0,normal
2026-01-01 17:55:00,37.03746050103212,82.92451558986139,0,59.50996660301988,17,1,0,normal
2026-01-01 17:56:00,30.660508608041493,71.7061397564565,0,50.03653305975873,17,1,0,normal
2026-01-01 17:57:00,37.431309034204524,64.12780353058383,0,38.468032939322796,17,2,0,normal
2026-01-01 17:58:00,49.004558743805866,62.34452552820393,1,40.09895809846999,17,2,0,normal
2026-01-01 17:59:00,45.101330452680955,103.43531764059844,0,28.12994580430407,17,1,0,normal
2026-01-01 18:00:00,37.908087193552845,93.33481623775465,0,41.48186962705264,18,1,0,normal
2026-01-01 18:01:00,37.904453774089426,105.95776927741937,0,60.588208339566506,18,2,0,normal
2026-01-01 18:02:00,38.070189692695706,88.09926351132654,2,58.06569932783105,18,1,0,normal
2026-01-01 18:03:00,52.46048790136504,73.55012887077741,0,57.86722017850422,18,1,0,normal
2026-01-01 18:04:00,42.29161271338932,99.85011383734907,0,209.04807685048831,18,19,1,credential_stuffing
2026-01-01 18:05:00,42.580249883146415,79.50397997957349,0,43.576672324386216,18,3,0,normal
2026-01-01 18:06:00,46.18170072419105,83.31262655435529,0,45.782451606807854,18,2,0,normal
2026-01-01 18:07:00,41.43273495415908,79.35763431386721,0,49.35772400487614,18,2,0,normal
2026-01-01 18:08:00,38.44574712507578,35.79643671073978,0,44.86972993334301,18,1,0,normal
2026-01-01 18:09:00,38.82190090549013,104.0710251844228,0,38.71132582041653,18,1,0,normal
2026-01-01 18:10:00,39.570392443515615,87.3650591893663,1,44.42438427887742,18,1,0,normal
2026-01-01 18:11:00,39.77666658094095,657.7582337926278,0,34.177955170274274,18,1,1,data_exfiltration
2026-01-01 18:12:00,44.365777261821876,79.07335906594159,0,49.757997678835544,18,1,0,normal
2026-01-01 18:13:00,40.3116753148438,82.45141730579196,0,37.729172000964795,18,1,0,normal
2026-01-01 18:14:00,44.395840463293474,71.04081596230628,1,49.55739663374863,18,2,0,normal
2026-01-01 18:15:00,39.515700519348506,89.24869028460907,0,36.35861721862273,18,1,0,normal
2026-01-01 18:16:00,40.471811141896545,60.393524834013014,0,43.66980629449493,18,1,0,normal
2026-01-01 18:17:00,28.010795892807355,82.7910264870582,0,47.199962656283176,18,1,0,normal
2026-01-01 18:18:00,92.33809865851022,88.42360205856657,0,43.687976656362814,18,3,1,crypto_mining
2026-01-01 18:19:00,42.07893085538796,77.01996299265646,0,50.11840070353704,18,1,0,normal
2026-01-01 18:20:00,45.98806065915791,85.56301688706537,0,48.581553050849294,18,1,0,normal
2026-01-01 18:21:00,22.622467730837865,65.12998411648624,0,41.62578950322977,18,2,0,normal
2026-01-01 18:22:00,52.530248228684364,65.51259843656054,0,40.28034207429407,18,1,0,normal
2026-01-01 18:23:00,39.16246223106896,83.5507568153959,0,39.710662276006644,18,1,0,normal
2026-01-01 18:24:00,46.6490969004251,90.17824481931578,0,38.56081238557541,18,2,0,normal
2026-01-01 18:25:00,33.76056443724681,51.87701516747434,0,61.776917134608276,18,1,0,normal
2026-01-01 18:26:00,43.67664343037542,87.8303095266615,0,39.954986722954075,18,1,0,normal
2026-01-01 18:27:00,33.679506620958065,71.85197749435494,0,53.73684351806781,18,1,0,normal
2026-01-01 18:28:00,36.257386235825166,77.10790869038881,0,46.309884960646905,18,1,0,normal
2026-01-01 18:29:00,51.48418812320072,59.90723114652444,0,42.1570259077584,18,2,0,normal
2026-01-01 18:30:00,38.85590559541992,67.22574139719939,0,46.553226199836786,18,1,0,normal
2026-01-01 18:31:00,41.30459723907834,94.49187988295466,0,47.03700561501029,18,2,0,normal
2026-01-01 18:32:00,45.220406384132524,80.4929506097032,0,30.9374183841576,18,3,0,normal
2026-01-01 18:33:00,42.97409132783563,74.25832397435663,0,44.37836916483914,18,1,0,normal
2026-01-01 18:34:00,40.90251343086146,78.25267471053448,1,45.05113972584915,18,1,0,normal
2026-01-01 18:35:00,42.18976601479735,87.33817736996451,1,42.367393883007004,18,1,0,normal
2026-01-01 18:36:00,54.420493511429655,86.60741744245007,1,28.016813844016088,18,1,0,normal
2026-01-01 18:37:00,39.65428721779849,78.87459499404798,2,42.34340864762557,18,1,0,normal
2026-01-01 18:38:00,41.206594280289806,96.39438666345002,0,57.90812319572745,18,1,0,normal
2026-01-01 18:39:00,46.30392637604567,94.55693955359999,0,49.4043200760985,18,1,0,normal
2026-01-01 18:40:00,46.6331555977479,86.20058043695593,0,36.57901475459455,18,2,0,normal
2026-01-01 18:41:00,47.12218183336228,80.81917674365106,0,52.14550022903196,18,1,0,normal
2026-01-01 18:42:00,43.83238133217511,89.85981642679309,0,36.14278844228235,18,1,0,normal
2026-01-01 18:43:00,33.1419705236171,84.71401132701774,1,47.15118996383587,18,2,0,normal
2026-01-01 18:44:00,49.80058919380657,95.91200107708922,1,47.21831602491065,18,4,0,normal
2026-01-01 18:45:00,33.12192764188787,93.49342065107462,0,42.063531378319624,18,1,0,normal
2026-01-01 18:46:00,41.8158127914342,64.72619147873408,0,53.33797077679529,18,1,0,normal
2026-01-01 18:47:00,35.47434489988385,63.7105524388744,0,51.02938938646814,18,1,0,normal
2026-01-01 18:48:00,39.61516992044204,69.48125683393886,0,38.797403097136865,18,1,0,normal
2026-01-01 18:49:00,41.972574461820884,94.64208035100381,0,42.67939466036148,18,2,0,normal
2026-01-01 18:50:00,41.92814329270164,56.35536504843132,0,38.146239968730725,18,1,0,normal
2026-01-01 18:51:00,42.53152452541171,85.9213608366199,1,40.412257839499894,18,4,0,normal
2026-01-01 18:52:00,49.682267614351886,85.43814636639442,1,50.201007814788426,18,1,0,normal
2026-01-01 18:53:00,42.72120580908388,97.4397208802929,0,44.89210146094879,18,2,0,normal
2026-01-01 18:54:00,38.53506018825611,82.70508035995832,0,53.2354519524629,18,1,0,normal
2026-01-01 18:55:00,45.784523009730144,59.85185914124149,1,32.35440138200464,18,2,0,normal
2026-01-01 18:56:00,47.13682293354785,65.60967559027816,2,47.20800577917393,18,1,0,normal
2026-01-01 18:57:00,93.9287534792,62.27006717153263,0,51.649464342907216,18,1,1,crypto_mining
2026-01-01 18:58:00,43.58440041909915,71.93084050500289,1,45.81120343182291,18,1,0,normal
2026-01-01 18:59:00,44.20703645386539,77.2564764886411,0,34.0965343636075,18,1,0,normal
2026-01-01 19:00:00,23.214618979840047,32.51837710668414,0,11.600029338425244,19,2,0,normal
2026-01-01 19:01:00,33.25424087986971,72.05992985978435,1,27.268305658617358,19,3,0,normal
2026-01-01 19:02:00,24.09966647780484,30.120779420713387,0,15.736315186112513,19,1,0,normal
2026-01-01 19:03:00,25.753458720829254,70.19155135793721,0,13.763743892656386,19,1,0,normal
2026-01-01 19:04:00,23.96156905429678,67.77744547159011,1,17.289447699287297,19,1,0,normal
2026-01-01 19:05:00,25.093474285488806,63.47453824533553,0,17.974052852417717,19,1,0,normal
2026-01-01 19:06:00,18.42234947862879,39.59350088754874,0,29.48962855768015,19,3,0,normal
2026-01-01 19:07:00,16.359694704434233,55.13676318765352,2,6.038656419555764,19,1,0,normal
2026-01-01 19:08:00,34.56703037934983,30.83943299674073,0,24.60664293992778,19,2,0,normal
2026-01-01 19:09:00,19.918231910090032,63.66360552550624,0,31.68575358060089,19,1,0,normal
2026-01-01 19:10:00,19.051645903262155,48.890228276955966,0,27.562611133288254,19,1,0,normal
2026-01-01 19:11:00,95.14080142092571,43.86019678119972,0,38.5903126771352,19,1,1,crypto_mining
2026-01-01 19:12:00,21.166229513862987,31.643827300155962,0,16.341569347657224,19,4,0,normal
2026-01-01 19:13:00,17.06146123955501,12.837408220564747,0,27.137435748862053,19,2,0,normal
2026-01-01 19:14:00,34.85209096081822,34.42188714446366,0,19.311995549673625,19,1,0,normal
2026-01-01 19:15:00,31.058902536055804,66.6919729341936,1,15.848898237121698,19,1,0,normal
2026-01-01 19:16:00,20.871097928933658,43.95749857287794,0,2.239507988922192,19,2,0,normal
2026-01-01 19:17:00,38.51461483206585,47.46006714327429,0,16.28188068125086,19,4,0,normal
2026-01-01 19:18:00,30.890592921949565,59.83331537432679,1,28.520684772123403,19,1,0,normal
2026-01-01 19:19:00,23.051011698948265,77.08503317174397,0,6.2746932248564935,19,2,0,normal
2026-01-01 19:20:00,10.003565710758561,69.87506982418458,0,36.78113856992151,19,2,0,normal
2026-01-01 19:21:00,38.74565543554445,35.414974942757176,1,23.278440374407708,19,1,0,normal
2026-01-01 19:22:00,16.662565199418424,20.861441428438905,0,11.156336681986572,19,1,0,normal
2026-01-01 19:23:00,15.12760751825865,85.39421388650155,0,21.829098160124694,19,1,0,normal
2026-01-01 19:24:00,31.135422592057843,84.0348741748918,0,25.4941673431247,19,3,0,normal
2026-01-01 19:25:00,39.638514438035635,52.82680394643924,1,16.088943300294265,19,1,0,normal
2026-01-01 19:26:00,33.30563691106311,30.942676316272674,0,15.008361902675812,19,2,0,normal
2026-01-01 19:27:00,28.38345472031416,64.44839800840909,0,35.79335850904051,19,1,0,normal
2026-01-01 19:28:00,28.568526049991718,48.380244709810846,1,17.280927707797083,19,1,0,normal
2026-01-01 19:29:00,30.120493352681848,48.30528315340084,0,18.850975506596935,19,1,0,normal
2026-01-01 19:30:00,29.55357153872059,63.41688264657694,0,30.58703583120448,19,2,0,normal
2026-01-01 19:31:00,26.687148543816257,55.01562120309948,0,19.417160748727607,19,1,0,normal
2026-01-01 19:32:00,25.625206623711257,32.212776334775825,0,26.116223471422444,19,1,0,normal
2026-01-01 19:33:00,24.624441232602866,45.12887097377039,0,16.22563900203825,19,1,0,normal
2026-01-01 19:34:00,20.476212466799943,59.9172939299202,0,14.418196675034988,19,1,0,normal
2026-01-01 19:35:00,23.315949538799355,57.65378333607528,0,23.047033473522525,19,4,0,normal
2026-01-01 19:36:00,14.842259114827687,53.93024861537714,0,12.152085006243148,19,2,0,normal
2026-01-01 19:37:00,24.4099622392315,64.00134431713796,0,23.257087753782887,19,1,0,normal
2026-01-01 19:38:00,19.068453357094494,44.57424518274103,0,12.658365294486853,19,1,0,normal
2026-01-01 19:39:00,18.378464096705375,52.68004662828608,0,23.18070099070165,19,1,0,normal
2026-01-01 19:40:00,26.079364906920873,0.0,0,29.88030021000298,19,3,0,normal
2026-01-01 19:41:00,33.352013718067596,43.25524709235779,0,4.052382147432279,19,1,0,normal
2026-01-01 19:42:00,30.509899636013877,61.458543628634665,0,16.71066627658199,19,1,0,normal
2026-01-01 19:43:00,15.576996378260938,44.14408299324286,0,4.322275666361271,19,1,0,normal
2026-01-01 19:44:00,19.062231180577974,43.00658912424332,0,17.65341155674894,19,2,0,normal
2026-01-01 19:45:00,30.644627127929297,34.37820572337772,1,22.689957626418096,19,1,0,normal
2026-01-01 19:46:00,19.105075638770142,65.05048839093718,0,17.279919305880988,19,1,0,normal
2026-01-01 19:47:00,23.65220110001785,58.22694910310856,0,2.872549136906084,19,2,0,normal
2026-01-01 19:48:00,28.30031259414731,62.38121896734627,0,27.19055217469424,19,1,0,normal
2026-01-01 19:49:00,19.189933270818187,24.106790570631656,0,8.322140054581217,19,1,0,normal
2026-01-01 19:50:00,25.63225303687576,47.59324935101549,1,26.684982756417213,19,1,0,normal
2026-01-01 19:51:00,96.42820132841324,45.79833488374991,0,14.025680151968551,19,4,1,crypto_mining
2026-01-01 19:52:00,21.391794136292717,45.791424401021715,1,13.037300164923302,19,2,0,normal
2026-01-01 19:53:00,26.918691604855223,40.75958684423066,0,20.08674604542239,19,1,0,normal
2026-01-01 19:54:00,15.442037598809984,44.80843592329977,0,28.529938249497437,19,1,0,normal
2026-01-01 19:55:00,27.642848427762395,62.74467174059978,0,35.64468397254089,19,1,0,normal
2026-01-01 19:56:00,24.882173206439912,21.30722969978256,0,16.718595453777425,19,1,0,normal
2026-01-01 19:57:00,28.314939726502885,76.6594215204568,0,9.584108462444556,19,1,0,normal
2026-01-01 19:58:00,26.34348480438797,57.25761687539692,0,22.76657052966873,19,1,0,normal
2026-01-01 19:59:00,33.184842579843064,49.36502156509681,2,9.286398487887437,19,1,0,normal
2026-01-01 20:00:00,25.751347015887443,63.602512195593896,1,25.949969950855312,20,1,0,normal
2026-01-01 20:01:00,22.423566753248483,28.222478822473473,0,23.54849461740019,20,1,0,normal
2026-01-01 20:02:00,25.733785018193704,40.02948642273479,0,30.838150326552004,20,1,0,normal
2026-01-01 20:03:00,93.3515253674964,48.18386851414169,1,28.42826453708897,20,1,1,crypto_mining
2026-01-01 20:04:00,25.293160421954227,70.48340555648267,0,21.11660739467474,20,1,0,normal
2026-01-01 20:05:00,25.243550147223296,670.6091816146709,1,20.2494139362192,20,1,1,data_exfiltration
2026-01-01 20:06:00,20.788049873159466,56.75082006777719,1,271.8356815393003,20,9,1,credential_stuffing
2026-01-01 20:07:00,21.02259449469431,41.156315060958086,0,12.742214944187943,20,1,0,normal
2026-01-01 20:08:00,16.58436836920184,57.302631034512366,0,19.669850287242685,20,2,0,normal
2026-01-01 20:09:00,35.49746045912164,75.15859389461686,0,11.382463736786999,20,2,0,normal
2026-01-01 20:10:00,17.53682058765229,64.93290037511171,0,17.85749005821012,20,1,0,normal
2026-01-01 20:11:00,20.842568813224556,48.778160183331806,0,16.235741767709772,20,1,0,normal
2026-01-01 20:12:00,20.689556406584813,60.13236270898204,0,24.740451239229245,20,1,0,normal
2026-01-01 20:13:00,95.01518974150943,58.662754319108174,0,19.820583480676284,20,1,1,crypto_mining
2026-01-01 20:14:00,23.230301930247833,57.598815075459136,0,27.95996097497953,20,2,0,normal
2026-01-01 20:15:00,32.486452436042406,66.67930041290613,1,17.58582178309531,20,1,0,normal
2026-01-01 20:16:00,20.95905625453679,66.56716555756199,0,10.645420559865734,20,1,0,normal
2026-01-01 20:17:00,26.673964973342812,48.09262104687674,0,24.392500978666682,20,1,0,normal
2026-01-01 20:18:00,19.987917680441456,59.62818592216654,0,19.00778747827747,20,1,0,normal
2026-01-01 20:19:00,37.87089476664033,748.186213270486,0,17.839435376661186,20,1,1,data_exfiltration
2026-01-01 20:20:00,17.874409485822923,36.153914055266334,0,16.623141848655873,20,2,0,normal
2026-01-01 20:21:00,26.858924261362166,45.9575936644402,1,19.907895153643445,20,2,0,normal
2026-01-01 20:22:00,28.802661285592592,48.85582772390626,1,17.836997033597157,20,2,0,normal
2026-01-01 20:23:00,27.48279458470899,25.07628516233012,0,24.134519616241512,20,1,0,normal
2026-01-01 20:24:00,23.88827404673375,62.904988391250804,0,25.919482292559476,20,3,0,normal
2026-01-01 20:25:00,24.221075801599444,8.49011866096403,1,17.036733771576035,20,1,0,normal
2026-01-01 20:26:00,25.26286883187466,90.72225409229483,0,35.9973088090749,20,1,0,normal
2026-01-01 20:27:00,24.117987990229068,72.52818700694479,0,15.437367558892003,20,1,0,normal
2026-01-01 20:28:00,30.783274700769457,46.084869137415296,0,20.14413410657351,20,2,0,normal
2026-01-01 20:29:00,38.26313800954811,50.141395408456596,0,7.021392600654696,20,1,0,normal
2026-01-01 20:30:00,21.655049289953,54.54457810380925,0,19.1642298528843,20,1,0,normal
2026-01-01 20:31:00,16.781182122525532,41.16259418016587,0,18.371476885948958,20,1,0,normal
2026-01-01 20:32:00,24.47030770989247,52.889287213804046,0,19.603075994185424,20,1,0,normal
2026-01-01 20:33:00,40.478256025925916,47.840000334475086,0,27.815769279111365,20,1,0,normal
2026-01-01 20:34:00,20.177952592181615,48.58590924153551,0,33.43537704179006,20,1,0,normal
2026-01-01 20:35:00,34.8347008326644,52.72191595220958,0,28.864380599279244,20,1,0,normal
2026-01-01 20:36:00,35.06620488445864,30.297083024690085,1,19.1783829607608,20,3,0,normal
2026-01-01 20:37:00,21.67847054975203,50.593545862004724,0,21.57436388663929,20,1,0,normal
2026-01-01 20:38:00,28.41389847511165,52.45171619926216,0,32.18504005768572,20,1,0,normal
2026-01-01 20:39:00,34.770379738771226,51.93274432033871,0,11.990970677659364,20,1,0,normal
2026-01-01 20:40:00,22.72523355407508,46.76253866845768,1,26.279157642218205,20,1,0,normal
2026-01-01 20:41:00,23.77851783938583,67.06786663954057,0,12.895783277405336,20,2,0,normal
2026-01-01 20:42:00,21.509914516308136,44.69521167677673,0,29.1449116710749,20,1,0,normal
2026-01-01 20:43:00,18.911459615842798,53.409888602347856,0,18.92916136900391,20,1,0,normal
2026-01-01 20:44:00,21.104334729603956,69.45946300888319,0,12.962838318955008,20,1,0,normal
2026-01-01 20:45:00,17.65635839942646,48.809357899695314,2,14.73813760633303,20,1,0,normal
2026-01-01 20:46:00,25.204500809555356,53.216949012013266,0,16.00826461763216,20,1,0,normal
2026-01-01 20:47:00,20.38016061364815,48.554230455276546,1,27.623551214101525,20,2,0,normal
2026-01-01 20:48:00,26.402715470744486,68.560546903454,0,30.715590146030692,20,3,0,normal
2026-01-01 20:49:00,15.664626122778236,46.13413157620557,0,16.78462961021353,20,1,0,normal
2026-01-01 20:50:00,26.98528139328674,69.25031865932309,0,13.020371158623874,20,1,0,normal
2026-01-01 20:51:00,30.001173769653548,48.44618158029403,0,255.55355321018055,20,13,1,credential_stuffing
2026-01-01 20:52:00,13.037586144571268,37.10810414827975,0,26.552100753296415,20,1,0,normal
2026-01-01 20:53:00,27.24433941908543,60.19059755861181,1,13.797363453528888,20,1,0,normal
2026-01-01 20:54:00,32.36601395483975,45.42998249366516,1,22.876000057061255,20,1,0,normal
2026-01-01 20:55:00,17.742153887852766,59.307513486487444,0,16.701935431492153,20,2,0,normal
2026-01-01 20:56:00,35.035434321026216,9.05893422614399,0,9.71862171763866,20,1,0,normal
2026-01-01 20:57:00,27.51411405619627,50.0780789284242,0,17.519613004545057,20,1,0,normal
2026-01-01 20:58:00,20.769928865449547,43.105920518637795,0,9.034655045551567,20,1,0,normal
2026-01-01 20:59:00,24.665385534053765,34.05111970203083,1,16.15566313830967,20,1,0,normal
2026-01-01 21:00:00,28.349961475130335,41.701384972403005,0,16.905892139761345,21,2,0,normal
2026-01-01 21:01:00,25.45603234847447,41.394452835610224,0,15.682199664060725,21,1,0,normal
2026-01-01 21:02:00,28.232535954678216,49.280213077241285,1,27.287632024427626,21,1,0,normal
2026-01-01 21:03:00,19.4759584415238,29.490103080725664,0,23.23462180928273,21,1,0,normal
2026-01-01 21:04:00,98.40685636077251,54.7441067038957,1,14.886012385612267,21,3,1,crypto_mining
2026-01-01 21:05:00,16.51771301857012,70.49322177808682,0,22.581519858433516,21,1,0,normal
2026-01-01 21:06:00,24.3326436319078,54.2139274542174,0,30.44764787838372,21,1,0,normal
2026-01-01 21:07:00,19.576554151211262,62.13482913843514,0,13.360551039247508,21,1,0,normal
2026-01-01 21:08:00,20.5868203444614,66.41843681920693,1,9.487351058005805,21,2,0,normal
2026-01-01 21:09:00,32.416559051262624,68.54734268276265,0,11.323632720791098,21,1,0,normal
2026-01-01 21:10:00,31.547860723565613,78.05208039231958,1,23.01214382480758,21,1,0,normal
2026-01-01 21:11:00,28.65482872544306,42.51197002586105,1,31.918618761384177,21,1,0,normal
2026-01-01 21:12:00,18.44612341196453,39.222740222583255,0,26.78252735564621,21,1,0,normal
2026-01-01 21:13:00,23.101549301831188,61.75198472487102,0,30.279395826202414,21,1,0,normal
2026-01-01 21:14:00,32.2785861998751,60.623993294860995,1,2.40529379402739,21,2,0,normal
2026-01-01 21:15:00,25.850301481839427,61.63512949423534,1,13.333292009083985,21,1,0,normal
2026-01-01 21:16:00,38.91597723989017,78.33923681375379,0,11.057427561533201,21,1,0,normal
2026-01-01 21:17:00,27.35990703636623,50.17054863197741,0,24.468947143551258,21,4,0,normal
2026-01-01 21:18:00,26.15229469894019,56.392348394692775,0,18.40526339848073,21,1,0,normal
2026-01-01 21:19:00,23.145301214784993,35.294176227747876,0,0.0,21,1,0,normal
2026-01-01 21:20:00,25.801245428693694,82.02981685963937,1,26.077520223504294,21,1,0,normal
2026-01-01 21:21:00,24.085180981716736,44.95182618186333,0,29.344647858331626,21,1,0,normal
2026-01-01 21:22:00,29.24865206013154,45.37676107758755,1,36.0754701402883,21,2,0,normal
2026-01-01 21:23:00,30.740213900767504,44.79875163487636,1,21.32037535996717,21,1,0,normal
2026-01-01 21:24:00,20.284063236952303,40.326562120334934,0,196.6429758127623,21,19,1,credential_stuffing
2026-01-01 21:25:00,17.012602278653333,39.05844426728526,0,10.869755146600049,21,2,0,normal
2026-01-01 21:26:00,13.98276776138022,42.144435756657124,0,6.866629208625874,21,2,0,normal
2026-01-01 21:27:00,28.047947961475263,662.9180503021005,0,29.94804546470303,21,4,1,data_exfiltration
2026-01-01 21:28:00,18.379800362956757,38.22023119605143,2,24.3766082937023,21,1,0,normal
2026-01-01 21:29:00,12.082656442285103,79.2344466717143,1,29.98943896797456,21,2,0,normal
2026-01-01 21:30:00,27.331471627185785,61.03482715462053,1,17.954074707522434,21,2,0,normal
2026-01-01 21:31:00,39.95799710459674,63.88856265091577,0,38.96055180528111,21,1,0,normal
2026-01-01 21:32:00,24.96357453076064,67.65813181125372,0,22.504684911520783,21,1,0,normal
2026-01-01 21:33:00,30.03094464670985,77.51201846543586,0,13.971180378452779,21,2,0,normal
2026-01-01 21:34:00,25.49097615128539,23.42866172834234,0,17.45639512810884,21,1,0,normal
2026-01-01 21:35:00,24.406662080853145,31.55175327070189,0,7.169044772526918,21,1,0,normal
2026-01-01 21:36:00,30.514458897926612,37.944145086579724,0,12.461280753638682,21,4,0,normal
2026-01-01 21:37:00,23.25835273486809,42.954053052656036,0,235.3580567634928,21,10,1,credential_stuffing
2026-01-01 21:38:00,26.60435388443142,45.49145914122126,1,32.39829702925891,21,2,0,normal
2026-01-01 21:39:00,91.52671385368951,43.295336707909385,0,19.47341016228277,21,1,1,crypto_mining
2026-01-01 21:40:00,20.99145727814171,53.289633696980815,0,28.674941500009247,21,2,0,normal
2026-01-01 21:41:00,30.952254097219136,50.52943086117824,0,19.20112450452299,21,1,0,normal
2026-01-01 21:42:00,23.95024145982755,39.157478072326256,0,11.791272891596755,21,1,0,normal
2026-01-01 21:43:00,20.46552904304293,17.36676834518645,1,24.364023338839317,21,3,0,normal
2026-01-01 21:44:00,28.21905906142242,35.106969419319526,0,13.241594729721701,21,1,0,normal
2026-01-01 21:45:00,19.609192109253776,41.76142020031137,1,16.823656467357807,21,1,0,normal
2026-01-01 21:46:00,25.16908694421477,46.29380844788421,0,36.25275901144519,21,2,0,normal
2026-01-01 21:47:00,24.94528602013478,33.054988110341945,0,24.836099178327263,21,1,0,normal
2026-01-01 21:48:00,31.515373394989467,42.6379030025537,0,13.437530714873231,21,4,0,normal
2026-01-01 21:49:00,27.848189397279718,33.0351891727162,0,25.85685668651256,21,1,0,normal
2026-01-01 21:50:00,24.849838247529135,48.112709726775,1,12.497765218924245,21,2,0,normal
2026-01-01 21:51:00,29.906597795201723,33.903630074560766,0,5.9674481976784595,21,1,0,normal
2026-01-01 21:52:00,33.34124529410388,37.26643015444303,0,28.73995802033057,21,2,0,normal
2026-01-01 21:53:00,28.346861838111174,30.369738035162914,0,22.358674416821565,21,1,0,normal
2026-01-01 21:54:00,25.062115719060284,47.69748956645324,0,18.42202390215534,21,1,0,normal
2026-01-01 21:55:00,17.128982605899044,37.00328345071402,0,6.676573234057274,21,1,0,normal
2026-01-01 21:56:00,18.609318021547764,63.60176400013144,0,17.477379323069382,21,1,0,normal
2026-01-01 21:57:00,23.168651773871993,56.08775400039349,0,21.537812839068966,21,1,0,normal
2026-01-01 21:58:00,21.342926787044302,48.95222197724536,0,10.675400560389972,21,1,0,normal
2026-01-01 21:59:00,23.878172182087326,38.03771753984317,0,20.338075007025154,21,1,0,normal
2026-01-01 22:00:00,25.339899549382643,793.6461343285971,0,32.40255801545404,22,2,1,data_exfiltration
2026-01-01 22:01:00,28.178156526140384,60.36051334022956,0,21.81293949967942,22,1,0,normal
2026-01-01 22:02:00,24.577007331645454,52.140326183024456,0,24.67470622268336,22,1,0,normal
2026-01-01 22:03:00,27.91900986295721,74.05552783200396,0,16.481346445341774,22,1,0,normal
2026-01-01 22:04:00,25.386846488860723,56.89455977112224,0,11.591262665145047,22,1,0,normal
2026-01-01 22:05:00,13.147200601876772,63.70410826352051,1,15.50769453558203,22,1,0,normal
2026-01-01 22:06:00,19.363987637087476,52.00348123303967,0,28.439462055006906,22,1,0,normal
2026-01-01 22:07:00,24.13547466567031,60.13496679885465,0,19.221825892165487,22,1,0,normal
2026-01-01 22:08:00,17.741831542953356,38.04828150996237,0,18.38206352505167,22,1,0,normal
2026-01-01 22:09:00,28.599572379977225,43.12402455180809,0,15.955200057856866,22,1,0,normal
2026-01-01 22:10:00,34.18450499406218,55.24045330223569,0,9.828374558116733,22,2,0,normal
2026-01-01 22:11:00,32.312571110183896,55.13149222336072,0,30.93896846566011,22,3,0,normal
2026-01-01 22:12:00,23.719342774418752,57.614177344148715,0,18.335437605076685,22,3,0,normal
2026-01-01 22:13:00,33.94435682109971,66.50589338418094,0,15.747703249285369,22,2,0,normal
2026-01-01 22:14:00,99.77192136569413,28.625432422768817,2,20.63777528752402,22,3,1,crypto_mining
2026-01-01 22:15:00,22.977484173291764,35.38321178584556,0,15.76354963217796,22,1,0,normal
2026-01-01 22:16:00,21.319584018754362,53.4435896161138,0,22.503104294369294,22,1,0,normal
2026-01-01 22:17:00,23.18518188107123,39.13454552294809,0,14.523360973819365,22,2,0,normal
2026-01-01 22:18:00,22.670939088752625,100.66652361934044,1,20.98876663430895,22,2,0,normal
2026-01-01 22:19:00,26.022497334252925,57.73579428755204,0,19.57944790442073,22,1,0,normal
2026-01-01 22:20:00,25.96344388629919,48.825037266047644,2,34.84376173943413,22,1,0,normal
2026-01-01 22:21:00,25.018276120920486,42.267960903742114,1,35.28371117977001,22,1,0,normal
2026-01-01 22:22:00,27.6216290184781,42.79756575210433,0,26.299793676262617,22,1,0,normal
2026-01-01 22:23:00,32.143877648718046,50.45210991972766,0,19.29363853812327,22,1,0,normal
2026-01-01 22:24:00,30.697324812647942,51.67972898931887,0,26.42452190628947,22,2,0,normal
2026-01-01 22:25:00,16.09061218930058,43.149512829597306,0,26.16967950693241,22,1,0,normal
2026-01-01 22:26:00,9.676473190588272,45.902716302201476,1,16.238384599053596,22,2,0,normal
2026-01-01 22:27:00,30.60591946743564,70.16426862851895,0,6.802859804836164,22,1,0,normal
2026-01-01 22:28:00,16.798727809507476,70.76757443976551,0,4.77582972881889,22,1,0,normal
2026-01-01 22:29:00,23.6514075886439,53.780509699023156,0,19.047860662875145,22,1,0,normal
2026-01-01 22:30:00,17.979321843643845,29.881104091448936,1,15.960284411668034,22,1,0,normal
2026-01-01 22:31:00,14.188117374519882,58.07754734958565,0,15.646997348434446,22,2,0,normal
2026-01-01 22:32:00,28.24877636922873,73.31423662416539,0,13.562725501621529,22,1,0,normal
2026-01-01 22:33:00,97.70416713194754,70.54671652943568,0,13.215295332722969,22,2,1,crypto_mining
2026-01-01 22:34:00,21.540937595639683,61.01638779214501,1,206.61148027197243,22,9,1,credential_stuffing
2026-01-01 22:35:00,9.45374624713054,71.33634432928733,3,0.0,22,3,0,normal
2026-01-01 22:36:00,21.722533310485105,50.80076408718533,1,24.706139682651813,22,1,0,normal
2026-01-01 22:37:00,27.35082403241528,59.421544547505576,2,17.791679232065306,22,1,0,normal
2026-01-01 22:38:00,16.126530587355226,39.7883665051223,1,31.52594155582964,22,1,0,normal
2026-01-01 22:39:00,26.100159518674936,54.383981842335686,0,22.130554788127455,22,1,0,normal
2026-01-01 22:40:00,24.90814090496203,69.94301365955786,0,6.135249176131806,22,1,0,normal
2026-01-01 22:41:00,28.47574899760653,41.15864882769664,1,5.027574098401129,22,2,0,normal
2026-01-01 22:42:00,25.71748221048492,37.0783485580357,0,10.860659061927374,22,1,0,normal
2026-01-01 22:43:00,19.161586354710668,51.46233408535545,0,22.11711759259053,22,1,0,normal
2026-01-01 22:44:00,32.17942900998695,46.60006694414,0,6.297023618924602,22,1,0,normal
2026-01-01 22:45:00,24.04882256183818,59.737215816056306,1,20.882952035137816,22,1,0,normal
2026-01-01 22:46:00,24.836172762940407,43.20110711079437,1,25.619305015999007,22,3,0,normal
2026-01-01 22:47:00,19.400392245560823,75.77659423404072,1,15.77647421953229,22,1,0,normal
2026-01-01 22:48:00,22.34030649285094,30.654858530584164,0,12.895767281667535,22,1,0,normal
2026-01-01 22:49:00,19.691183715838594,68.80602179329603,1,2.7923044640064134,22,3,0,normal
2026-01-01 22:50:00,23.962323640459463,643.0494077954975,0,32.08076958857425,22,1,1,data_exfiltration
2026-01-01 22:51:00,35.270250880854064,23.06025898123965,0,34.61416000081752,22,1,0,normal
2026-01-01 22:52:00,16.768593142411863,53.56812734523301,0,29.75859812964081,22,2,0,normal
2026-01-01 22:53:00,15.318631612739553,46.180880209791745,0,17.78697063750249,22,1,0,normal
2026-01-01 22:54:00,33.82702196496165,33.35585948145454,0,19.570713219505787,22,1,0,normal
2026-01-01 22:55:00,23.744057937088805,24.77934662427104,0,25.484828385747086,22,1,0,normal
2026-01-01 22:56:00,20.9855635680405,49.87458819092815,0,21.173098067393298,22,2,0,normal
2026-01-01 22:57:00,31.23942812437646,64.63755337435727,0,0.0,22,2,0,normal
2026-01-01 22:58:00,21.366306761578816,58.77430239629666,0,27.34499677282765,22,1,0,normal
2026-01-01 22:59:00,35.956058281281614,50.85059973258898,1,29.751531903182965,22,1,0,normal
2026-01-01 23:00:00,29.067555228035616,57.18271359826603,1,28.574277880899707,23,1,0,normal
2026-01-01 23:01:00,22.072531551125785,49.591788014332145,0,23.618236860476358,23,1,0,normal
2026-01-01 23:02:00,37.943849279593024,28.554136354544433,0,27.66454175671701,23,1,0,normal
2026-01-01 23:03:00,21.36571046197997,28.686590221648352,0,8.697123229161226,23,2,0,normal
2026-01-01 23:04:00,29.452572232055843,46.95247206522982,0,19.25150691050205,23,2,0,normal
2026-01-01 23:05:00,26.795755482438953,764.4518052204098,0,14.65080900785203,23,1,1,data_exfiltration
2026-01-01 23:06:00,32.81044773639279,62.764740177601475,1,31.611161401136926,23,4,0,normal
2026-01-01 23:07:00,34.369067180361114,61.35956335662121,2,21.471741753281883,23,1,0,normal
2026-01-01 23:08:00,25.1920248943946,59.07699523638424,0,18.7277662028614,23,1,0,normal
2026-01-01 23:09:00,20.4794927779229,45.79575930384229,0,11.856789896443855,23,4,0,normal
2026-01-01 23:10:00,27.7598328576347,29.290217448347907,0,11.525647332532888,23,2,0,normal
2026-01-01 23:11:00,20.933707781487364,56.18106705599036,0,10.971215188342974,23,1,0,normal
2026-01-01 23:12:00,37.08032348515974,57.87753969893252,2,25.961209515486903,23,2,0,normal
2026-01-01 23:13:00,25.819211986496423,14.172028062834713,0,24.783657482723708,23,1,0,normal
2026-01-01 23:14:00,22.808070692127348,37.484927201260064,0,22.0008348827715,23,1,0,normal
2026-01-01 23:15:00,26.108081835189452,39.63418433909156,0,26.329194239522884,23,1,0,normal
2026-01-01 23:16:00,16.917242262821823,51.77525301685154,0,13.555843229166605,23,1,0,normal
2026-01-01 23:17:00,19.170315768936092,37.94959350851459,0,5.250655820354506,23,1,0,normal
2026-01-01 23:18:00,32.20248344766655,820.9268430408297,0,25.466476053207245,23,1,1,data_exfiltration
2026-01-01 23:19:00,21.058634326171624,46.84197589470512,1,19.549985574804516,23,1,0,normal
2026-01-01 23:20:00,18.71853410390836,47.61275792693408,0,229.19185764185104,23,14,1,credential_stuffing
2026-01-01 23:21:00,28.219916515163717,39.25408559448881,1,23.408705668687613,23,1,0,normal
2026-01-01 23:22:00,32.11422492797798,40.41522418899984,0,19.41176945709686,23,1,0,normal
2026-01-01 23:23:00,29.3137198639904,33.79599410328961,2,21.64468977254895,23,1,0,normal
2026-01-01 23:24:00,30.9762861148349,55.70101160860748,0,31.27271176449137,23,1,0,normal
2026-01-01 23:25:00,20.459229468583235,58.56653942887053,1,17.67904494534483,23,2,0,normal
2026-01-01 23:26:00,16.46913599954894,38.44073074811992,0,25.894095118983735,23,1,0,normal
2026-01-01 23:27:00,34.00800191173292,72.80960144025568,0,22.47268795179264,23,2,0,normal
2026-01-01 23:28:00,23.063920966947187,45.28097828836927,1,6.602670254291999,23,2,0,normal
2026-01-01 23:29:00,23.495001901269717,746.286366043119,1,9.487594175352529,23,2,1,data_exfiltration
2026-01-01 23:30:00,32.96916485109435,40.36809239252595,0,19.683092346456117,23,1,0,normal
2026-01-01 23:31:00,28.33738005640396,19.601333351008467,1,16.018433600119337,23,2,0,normal
2026-01-01 23:32:00,27.735326632489645,56.03296737368527,0,12.399334613535581,23,1,0,normal
2026-01-01 23:33:00,37.990014069406506,53.72817657678481,0,28.56591873779927,23,1,0,normal
2026-01-01 23:34:00,21.13889061771914,50.51590692961375,1,8.036749999703758,23,2,0,normal
2026-01-01 23:35:00,30.567040768487423,40.36651282334016,0,18.41087494958477,23,1,0,normal
2026-01-01 23:36:00,25.34207874938251,49.48141661771272,0,13.00797387568754,23,1,0,normal
2026-01-01 23:37:00,26.611553673179543,42.33110813195709,0,31.862248681451355,23,2,0,normal
2026-01-01 23:38:00,34.17081055847519,45.46475650502374,0,40.14013566188217,23,2,0,normal
2026-01-01 23:39:00,28.04701453773774,62.624483836476124,0,17.510210364019667,23,1,0,normal
2026-01-01 23:40:00,28.229776474297797,52.763258442951404,0,26.788957293008,23,1,0,normal
2026-01-01 23:41:00,31.435044023858815,59.14927080997966,0,30.158002353712142,23,1,0,normal
2026-01-01 23:42:00,22.810283622742688,46.52197240061315,0,27.1898019449491,23,2,0,normal
2026-01-01 23:43:00,19.964741995965962,44.86973981292837,1,26.328368606672743,23,2,0,normal
2026-01-01 23:44:00,18.7311448358738,32.69776203667035,0,5.817321717611305,23,3,0,normal
2026-01-01 23:45:00,13.201860463743989,44.44945081147704,0,29.410442574147254,23,1,0,normal
2026-01-01 23:46:00,37.33724277964193,0.18328166616291952,0,22.87419937108006,23,1,0,normal
2026-01-01 23:47:00,99.80890078128816,41.14667050541548,0,18.167647701528693,23,1,1,crypto_mining
2026-01-01 23:48:00,23.67247825848537,48.77188734213741,0,19.37518658965452,23,1,0,normal
2026-01-01 23:49:00,23.339120200666475,58.45510481405234,1,22.062814585086734,23,1,0,normal
2026-01-01 23:50:00,26.844440186854605,45.969831837125646,1,17.96796008668074,23,3,0,normal
2026-01-01 23:51:00,29.89442327523578,55.215103133674994,0,17.160698899410825,23,1,0,normal
2026-01-01 23:52:00,30.162840930158474,17.30317007914632,0,12.178507556842131,23,2,0,normal
2026-01-01 23:53:00,21.501535368586367,49.147447216895756,1,24.08134989730547,23,2,0,normal
2026-01-01 23:54:00,23.99726971728153,24.80745810629895,0,18.7074150624088,23,2,0,normal
2026-01-01 23:55:00,26.6954797029298,871.0889568249625,0,13.656755802875136,23,2,1,data_exfiltration
2026-01-01 23:56:00,23.50785324289872,47.192516782042084,0,20.78218140336296,23,1,0,normal
2026-01-01 23:57:00,34.644073456119955,69.14395981810331,0,20.34262496303806,23,1,0,normal
2026-01-01 23:58:00,27.94584970982951,55.56810145205088,0,24.046557834307933,23,1,0,normal
2026-01-01 23:59:00,29.409266716298905,50.27346495705676,0,19.76094955625475,23,3,0,normal
2026-01-02 00:00:00,95.53791305127106,49.707044157993465,0,24.93458467658045,0,4,1,crypto_mining
2026-01-02 00:01:00,32.040843144911946,39.29556660193299,2,17.81525265968501,0,1,0,normal
2026-01-02 00:02:00,26.08612935222224,41.84024879940975,0,18.39087350020259,0,2,0,normal
2026-01-02 00:03:00,17.21900831226492,56.41064068206196,0,22.220486763967163,0,3,0,normal
2026-01-02 00:04:00,92.13725239969264,29.219592223332583,0,23.09717325415267,0,1,1,crypto_mining
2026-01-02 00:05:00,21.091858637249025,58.89581075424532,0,29.69293583130937,0,2,0,normal
2026-01-02 00:06:00,21.82829990950146,44.172393993217206,0,28.381772106931248,0,2,0,normal
2026-01-02 00:07:00,28.51818411253056,62.383356123043484,1,19.65118527308454,0,1,0,normal
2026-01-02 00:08:00,32.42969842860181,64.41640185848125,0,8.718850326990507,0,2,0,normal
2026-01-02 00:09:00,25.12762946041637,24.9037398124139,0,25.472165045844125,0,2,0,normal
2026-01-02 00:10:00,26.85299807559378,41.27628855159173,0,24.222520607410218,0,3,0,normal
2026-01-02 00:11:00,35.213289667811424,37.167084680890646,1,21.736191418676242,0,1,0,normal
2026-01-02 00:12:00,26.44451907693141,22.809080523902857,1,26.185601733725925,0,1,0,normal
2026-01-02 00:13:00,40.61009868508237,34.51200085685884,0,17.051355290078977,0,1,0,normal
2026-01-02 00:14:00,28.393057873789264,86.6188376789801,1,7.239804987561698,0,1,0,normal
2026-01-02 00:15:00,14.435423445065094,59.1426484431866,0,224.91709097185947,0,14,1,credential_stuffing
2026-01-02 00:16:00,29.520049726627196,78.75931952908631,1,0.0,0,2,0,normal
2026-01-02 00:17:00,27.286950309296667,62.436476600275036,0,23.550688368325087,0,1,0,normal
2026-01-02 00:18:00,32.738516524496475,38.87235258487287,0,19.47179644630897,0,3,0,normal
2026-01-02 00:19:00,29.03908810761975,44.27343204988935,0,26.885618843208725,0,2,0,normal
2026-01-02 00:20:00,24.169264096097358,58.82654270360461,0,26.028481235200115,0,1,0,normal
2026-01-02 00:21:00,17.654210582263808,56.562593052095544,1,16.081540212949943,0,1,0,normal
2026-01-02 00:22:00,23.74586045628385,41.339869764374995,0,13.403883457576164,0,2,0,normal
2026-01-02 00:23:00,19.8968772747442,27.350102441311897,0,13.698005713692215,0,2,0,normal
2026-01-02 00:24:00,21.516859301171664,99.31641781083108,0,35.320682993006216,0,2,0,normal
2026-01-02 00:25:00,28.531470426523658,47.88275491485791,0,18.789315653163705,0,1,0,normal
2026-01-02 00:26:00,35.01942702610844,45.1139166022607,0,17.81233496234689,0,1,0,normal
2026-01-02 00:27:00,27.36802917893789,51.700016958579525,1,22.331582528650717,0,2,0,normal
2026-01-02 00:28:00,17.824701627788894,46.35907116033457,0,7.308023575418824,0,1,0,normal
2026-01-02 00:29:00,27.667616009320845,51.84093361558226,0,16.822339621218312,0,1,0,normal
2026-01-02 00:30:00,97.30345024273868,69.30420929174629,0,13.146823758252271,0,1,1,crypto_mining
2026-01-02 00:31:00,21.341302574083706,48.131772804703644,1,11.469303165767554,0,1,0,normal
2026-01-02 00:32:00,24.195896999962493,32.55934341008358,0,17.902847354123953,0,1,0,normal
2026-01-02 00:33:00,25.088129168375183,47.57534308282084,0,20.377921981011962,0,1,0,normal
2026-01-02 00:34:00,20.29061012150656,43.033973278851334,0,9.960487667714704,0,1,0,normal
2026-01-02 00:35:00,28.889682603063154,71.35848405870277,1,17.075255007897066,0,1,0,normal
2026-01-02 00:36:00,24.27431110835331,67.56678597106355,0,20.639834015255403,0,1,0,normal
2026-01-02 00:37:00,27.517194663442165,51.612875006461984,0,23.61273236196503,0,1,0,normal
2026-01-02 00:38:00,99.39352370764175,30.818962177711153,0,17.817263942682608,0,1,1,crypto_mining
2026-01-02 00:39:00,22.375250198059536,31.611616048400812,0,22.640252431466372,0,1,0,normal
2026-01-02 00:40:00,29.334288146966628,50.2268489237683,1,169.77669250857554,0,15,1,credential_stuffing
2026-01-02 00:41:00,22.763001087449396,55.04484453981921,1,30.251792422522428,0,1,0,normal
2026-01-02 00:42:00,35.36178310740043,44.380657710109176,1,24.352144050928747,0,1,0,normal
2026-01-02 00:43:00,22.602182886312384,42.797456236891485,0,14.630641521132127,0,1,0,normal
2026-01-02 00:44:00,26.348108354511314,41.108011502320295,1,16.037388648637357,0,1,0,normal
2026-01-02 00:45:00,30.59554499123854,49.649090596340805,0,23.138264443068543,0,1,0,normal
2026-01-02 00:46:00,16.48980560240181,14.258564718904026,1,15.799739535929184,0,1,0,normal
2026-01-02 00:47:00,14.435147128115345,33.48010056845435,0,4.559546161277705,0,1,0,normal
2026-01-02 00:48:00,15.846062112579432,40.59423731828974,2,22.365778347031135,0,1,0,normal
2026-01-02 00:49:00,32.575504620563095,68.1125479242788,0,16.933551406125357,0,1,0,normal
2026-01-02 00:50:00,21.688851124645318,37.79279537106606,0,25.43890603704049,0,1,0,normal
2026-01-02 00:51:00,40.34919571400951,52.70702212746809,0,20.326720620583245,0,1,0,normal
2026-01-02 00:52:00,21.61451440805567,53.39814126396494,0,25.167151715237566,0,1,0,normal
2026-01-02 00:53:00,26.10730781918222,69.46874758491143,1,40.15227934209321,0,1,0,normal
2026-01-02 00:54:00,34.252659715407255,68.93866110446226,0,30.256637923549683,0,3,0,normal
2026-01-02 00:55:00,37.036557328954736,49.137455468076254,0,17.194402015713155,0,1,0,normal
2026-01-02 00:56:00,37.369021459818384,42.86772888215836,1,23.385335854837642,0,2,0,normal
2026-01-02 00:57:00,32.250197383558856,40.04250345761464,3,20.940882134612906,0,1,0,normal
2026-01-02 00:58:00,31.144375154868776,46.38405166301329,22,22.147196325531795,2,1,1,brute_force_login
2026-01-02 00:59:00,28.555161695207097,43.489499685146,0,7.459318656804037,0,2,0,normal
2026-01-02 01:00:00,29.670166456999826,58.30441114037348,0,28.435312081198163,1,1,0,normal
2026-01-02 01:01:00,21.6928857020288,56.30464726227807,0,1.5577673061893194,1,1,0,normal
2026-01-02 01:02:00,20.090806699466157,58.87701786717523,0,19.8629688747414,1,2,0,normal
2026-01-02 01:03:00,98.46566010196794,68.88925567154253,0,5.946795207978171,1,1,1,crypto_mining
2026-01-02 01:04:00,23.97889226485043,77.94303682100265,0,14.372174652321068,1,4,0,normal
2026-01-02 01:05:00,22.28063170403635,51.869950901113356,1,21.677179037115682,1,1,0,normal
2026-01-02 01:06:00,29.178324684740293,66.4919565709348,0,26.948995520507793,1,1,0,normal
2026-01-02 01:07:00,30.731831251423063,44.725097242486775,1,28.175930266345727,1,1,0,normal
2026-01-02 01:08:00,25.530441317751084,67.77510475374524,0,18.455747860628165,1,1,0,normal
2026-01-02 01:09:00,33.86518048633157,65.92263735763765,1,27.92413192701205,1,1,0,normal
2026-01-02 01:10:00,18.14986531519897,65.12623954914487,0,19.499063507052117,1,1,0,normal
2026-01-02 01:11:00,23.838043244321693,51.41104761787286,34,14.302481575489129,4,5,1,brute_force_login
2026-01-02 01:12:00,20.69906607638317,39.974627540136666,0,22.98644069933415,1,1,0,normal
2026-01-02 01:13:00,13.80078029756164,29.08207343201785,1,12.66000606069785,1,1,0,normal
2026-01-02 01:14:00,24.503915884943805,49.399441887183514,1,18.934465366891523,1,2,0,normal
2026-01-02 01:15:00,24.269514949700298,72.99518813373774,0,16.170370774081793,1,2,0,normal
2026-01-02 01:16:00,34.08069845945279,45.3523264795389,2,7.599666371233635,1,3,0,normal
2026-01-02 01:17:00,28.784870107328665,61.77689878190082,0,22.636546791920054,1,1,0,normal
2026-01-02 01:18:00,18.85487905402477,62.65927100778397,0,21.151975183732585,1,1,0,normal
2026-01-02 01:19:00,36.12455539800513,45.74470668609241,0,29.204092564445652,1,1,0,normal
2026-01-02 01:20:00,32.32620217315212,69.74517256279279,0,5.0522699065795535,1,1,0,normal
2026-01-02 01:21:00,28.492586220811695,6.370088832792447,1,14.29363646763522,1,1,0,normal
2026-01-02 01:22:00,23.64109540690101,31.658745818927375,0,29.023991922116007,1,1,0,normal
2026-01-02 01:23:00,19.243364579659122,36.26551555462311,0,24.23656074629198,1,1,0,normal
2026-01-02 01:24:00,22.766759343573682,37.704274656989156,1,25.794980305229476,1,1,0,normal
2026-01-02 01:25:00,31.532491718225117,55.04394426778843,0,31.613975378546463,1,2,0,normal
2026-01-02 01:26:00,36.307517835607655,54.35056704580853,0,13.884474069358355,1,2,0,normal
2026-01-02 01:27:00,34.259461169633134,55.90985858262512,0,13.086379647444366,1,2,0,normal
2026-01-02 01:28:00,22.066903469282355,58.941222411987304,0,26.847559726079254,1,1,0,normal
2026-01-02 01:29:00,18.282295400265934,35.74843146281526,0,25.070108418584972,1,2,0,normal
2026-01-02 01:30:00,25.845317481467223,31.727358997890217,0,18.998339095839594,1,1,0,normal
2026-01-02 01:31:00,14.38936380662289,55.94479523011795,0,18.770390967692087,1,1,0,normal
2026-01-02 01:32:00,26.93900628510869,40.546518895303414,0,12.232251833252969,1,1,0,normal
2026-01-02 01:33:00,24.11438448220799,26.442874319480442,0,32.62773133669316,1,1,0,normal
2026-01-02 01:34:00,22.203780988790548,64.57016426812223,0,36.2116490487166,1,1,0,normal
2026-01-02 01:35:00,15.431781596399228,70.92652859753446,1,28.936830332217028,1,1,0,normal
2026-01-02 01:36:00,28.081600639418298,73.3574133454799,0,25.223298097705726,1,1,0,normal
2026-01-02 01:37:00,21.803794962028533,52.805115822120804,0,24.719048262695473,1,1,0,normal
2026-01-02 01:38:00,17.980498985738272,59.388981439593536,0,22.64806587624767,1,1,0,normal
2026-01-02 01:39:00,7.766426720310104,70.54802335042866,0,5.899134285446035,1,1,0,normal
2026-01-02 01:40:00,24.83491056969618,40.378763149648485,0,16.19364023488618,1,1,0,normal
2026-01-02 01:41:00,35.63350958001847,66.66016526081138,0,26.558287482571295,1,3,0,normal
2026-01-02 01:42:00,34.96755528728722,54.13094351214813,0,13.224223195716386,1,1,0,normal
2026-01-02 01:43:00,22.257422460482367,63.70567478513887,1,21.243413060147937,1,1,0,normal
2026-01-02 01:44:00,21.386727637829317,52.79139531313903,0,203.6178549349694,1,15,1,credential_stuffing
2026-01-02 01:45:00,27.81264553645014,69.44385064622003,1,29.383910217825107,1,1,0,normal
2026-01-02 01:46:00,19.009687364870253,53.352856438123055,0,27.497378183100253,1,1,0,normal
2026-01-02 01:47:00,26.810751398916796,27.740314107988738,0,22.26950701188389,1,1,0,normal
2026-01-02 01:48:00,29.596481670308144,71.77889948472082,0,26.382291827116973,1,1,0,normal
2026-01-02 01:49:00,32.36159934330585,35.78703888541832,0,18.068836985066792,1,2,0,normal
2026-01-02 01:50:00,24.399075541120283,68.79587315365872,0,33.62467802847792,1,1,0,normal
2026-01-02 01:51:00,23.777957498938203,48.646356778395166,0,7.273832034900268,1,1,0,normal
2026-01-02 01:52:00,19.732104479460634,67.6401647779656,0,20.543552762340198,1,1,0,normal
2026-01-02 01:53:00,20.038717875760838,67.02152922300148,0,16.230733198113402,1,1,0,normal
2026-01-02 01:54:00,23.64112664859084,56.45214461473057,0,25.459284348493533,1,1,0,normal
2026-01-02 01:55:00,27.204193040897067,57.62802976440696,1,17.28406037425278,1,1,0,normal
2026-01-02 01:56:00,30.4815077573995,56.33942925788849,1,39.34501857538527,1,1,0,normal
2026-01-02 01:57:00,20.18092629591793,19.792628655783833,0,27.325775553327794,1,1,0,normal
2026-01-02 01:58:00,33.956131413757134,51.77495328347303,0,12.011241768395157,1,1,0,normal
2026-01-02 01:59:00,23.37325839374459,33.259037358921574,1,0.0,1,1,0,normal
2026-01-02 02:00:00,24.871796233909382,52.56780715618494,0,10.89640812373989,2,1,0,normal
2026-01-02 02:01:00,20.51672992511306,32.85586180425177,0,24.491777883557077,2,1,0,normal
2026-01-02 02:02:00,10.454558438362351,32.22572088160888,0,17.893816437796147,2,1,0,normal
2026-01-02 02:03:00,30.3042723781663,74.07401752630852,0,15.41025192230478,2,1,0,normal
2026-01-02 02:04:00,29.4210633825546,66.04171082186285,0,14.2128863814043,2,1,0,normal
2026-01-02 02:05:00,23.31203465729072,49.937861225837686,1,26.63861092663276,2,1,0,normal
2026-01-02 02:06:00,25.401944303349232,52.77152975373536,1,17.351064330362565,2,2,0,normal
2026-01-02 02:07:00,28.095635306224597,46.281259613854864,0,16.518954479745734,2,2,0,normal
2026-01-02 02:08:00,15.624724858680743,58.54814563969285,0,27.95598721129626,2,3,0,normal
2026-01-02 02:09:00,21.825683935922232,39.85918450176793,1,32.49609901567405,2,1,0,normal
2026-01-02 02:10:00,29.76558807773096,64.90610394301936,0,11.089039028328532,2,1,0,normal
2026-01-02 02:11:00,17.474263460984503,46.203697384788335,1,29.42512860767313,2,1,0,normal
2026-01-02 02:12:00,26.761347592999776,43.70229506253157,0,19.116211966695246,2,1,0,normal
2026-01-02 02:13:00,16.86050917225957,50.325695277272644,0,27.345520896161652,2,1,0,normal
2026-01-02 02:14:00,27.798579894601158,41.13279755111584,0,25.24463546280739,2,1,0,normal
2026-01-02 02:15:00,24.786151106215097,54.930235242447246,1,20.16024638017199,2,2,0,normal
2026-01-02 02:16:00,15.309209104566943,41.93956116029901,0,20.49887354252065,2,1,0,normal
2026-01-02 02:17:00,31.98843612674303,57.02785404228254,0,25.346169747238143,2,1,0,normal
2026-01-02 02:18:00,20.592450539211704,68.24009808367215,0,11.228104795844123,2,3,0,normal
2026-01-02 02:19:00,20.138485377913714,680.1888594156242,0,10.857606857872458,2,1,1,data_exfiltration
2026-01-02 02:20:00,26.20341518338566,48.04136814057243,0,36.64731091553064,2,1,0,normal
2026-01-02 02:21:00,31.891824096572293,56.91996069553132,0,29.3415704920898,2,1,0,normal
2026-01-02 02:22:00,18.90506908612962,43.4621396752789,0,27.93957320023166,2,3,0,normal
2026-01-02 02:23:00,25.370079099087828,56.964808412399975,1,18.75078083178677,2,1,0,normal
2026-01-02 02:24:00,27.572899001983437,58.3309829097761,1,6.889082225265307,2,2,0,normal
2026-01-02 02:25:00,29.158633643578867,66.24892664441455,0,15.758245962650568,2,2,0,normal
2026-01-02 02:26:00,26.05864933166335,40.91014930872632,1,23.280489419082862,2,2,0,normal
2026-01-02 02:27:00,22.797832965500067,35.85837139654288,0,29.20656037935314,2,2,0,normal
2026-01-02 02:28:00,20.034458676107683,45.38633915654384,0,23.426635249645745,2,2,0,normal
2026-01-02 02:29:00,25.51686329827825,35.4837149067935,0,23.650296653244894,2,2,0,normal
2026-01-02 02:30:00,18.56716592808636,58.46747306071246,0,18.628680145610605,2,2,0,normal
2026-01-02 02:31:00,7.471897099032354,32.573730497353836,0,25.19787156554016,2,1,0,normal
2026-01-02 02:32:00,27.619358824946005,84.99524627379031,0,12.727323957010356,2,1,0,normal
2026-01-02 02:33:00,30.42360904651717,69.43891792360625,0,20.993897457964636,2,1,0,normal
2026-01-02 02:34:00,10.822405386748969,50.188636544004716,1,18.164863022673437,2,1,0,normal
2026-01-02 02:35:00,18.941615771740373,63.01091739496964,0,31.563220603798904,2,1,0,normal
2026-01-02 02:36:00,28.714925566031187,25.447972035338125,0,0.0,2,1,0,normal
2026-01-02 02:37:00,37.34497281827019,87.85059997099337,0,18.78647316377865,2,2,0,normal
2026-01-02 02:38:00,25.12476224605245,41.14678081699266,0,21.993813747151805,2,3,0,normal
2026-01-02 02:39:00,20.631982352625194,48.192538791509605,0,5.171671379883758,2,1,0,normal
2026-01-02 02:40:00,23.90262135337096,22.16100069217345,0,25.9240856101359,2,1,0,normal
2026-01-02 02:41:00,33.24925851488911,57.29430957111342,1,18.947195409815162,2,2,0,normal
2026-01-02 02:42:00,21.124214925252787,33.404837643843365,0,12.36837680065345,2,1,0,normal
2026-01-02 02:43:00,20.204847960098476,51.52483642349044,1,28.148048409372365,2,1,0,normal
2026-01-02 02:44:00,22.103538866907805,41.83588350613193,0,14.04947056229961,2,1,0,normal
2026-01-02 02:45:00,19.280028350447726,33.83384097604485,1,26.468424630291018,2,2,0,normal
2026-01-02 02:46:00,25.736021895968772,37.93457747356074,0,21.49310482514221,2,1,0,normal
2026-01-02 02:47:00,34.74807075081736,53.38682051128282,0,16.720184762955178,2,4,0,normal
2026-01-02 02:48:00,26.938475638696175,30.777635406967633,1,11.925201856402936,2,1,0,normal
2026-01-02 02:49:00,23.485878987242273,38.76782493464634,0,14.292148465139928,2,2,0,normal
2026-01-02 02:50:00,23.249132386506737,59.949100718967166,0,27.03831293165267,2,2,0,normal
2026-01-02 02:51:00,15.620855147820057,89.0371981231147,0,29.224315779277337,2,1,0,normal
2026-01-02 02:52:00,30.298658662882954,57.16383229329507,0,25.55920285384488,2,1,0,normal
2026-01-02 02:53:00,24.53297681792319,36.241075367340684,1,19.766566527479277,2,1,0,normal
2026-01-02 02:54:00,23.917120518456247,44.49328744891533,0,25.543070416406728,2,2,0,normal
2026-01-02 02:55:00,44.158645407069166,50.473835092288674,1,22.531008145542955,2,2,0,normal
2026-01-02 02:56:00,26.79251745019412,44.75862574046439,0,15.184488497223313,2,1,0,normal
2026-01-02 02:57:00,20.489253699428893,63.54587250105399,0,12.67216181288477,2,1,0,normal
2026-01-02 02:58:00,22.44185442276674,53.26210224521337,1,17.491254896553418,2,1,0,normal
2026-01-02 02:59:00,31.890674255180528,63.61778577364805,0,14.922944594699755,2,3,0,normal
2026-01-02 03:00:00,25.679622463226586,45.28334314553556,0,21.03869491981845,3,3,0,normal
2026-01-02 03:01:00,16.3703321300958,69.88250329581885,0,32.84961074702814,3,1,0,normal
2026-01-02 03:02:00,30.51537360745122,47.50271623577681,0,22.238984251814887,3,1,0,normal
2026-01-02 03:03:00,20.991135486766037,35.43215196293012,0,280.94296524898107,3,12,1,credential_stuffing
2026-01-02 03:04:00,36.239786657305274,82.65980571563333,0,20.00418222602908,3,1,0,normal
2026-01-02 03:05:00,31.48028839428789,22.62533379558325,0,18.65782778932506,3,1,0,normal
2026-01-02 03:06:00,22.316068626047493,38.91891912042608,0,7.879763746362707,3,3,0,normal
2026-01-02 03:07:00,32.68609817041067,40.59458222254408,0,25.118322859543092,3,1,0,normal
2026-01-02 03:08:00,25.40713306316442,87.62459409584845,2,14.751264152594285,3,1,0,normal
2026-01-02 03:09:00,30.11664205073332,77.10288326219768,0,13.114958781465273,3,1,0,normal
2026-01-02 03:10:00,27.90839690376685,72.40892215463296,0,11.89471919503646,3,1,0,normal
2026-01-02 03:11:00,19.92186007005476,45.04012006435502,0,22.83112752171354,3,1,0,normal
2026-01-02 03:12:00,21.13870100609523,86.39267005762662,0,15.376636564597547,3,1,0,normal
2026-01-02 03:13:00,31.17976490548697,55.525280057614566,0,33.173688374460745,3,2,0,normal
2026-01-02 03:14:00,22.991348007360756,64.65895055454683,1,28.95211191224564,3,2,0,normal
2026-01-02 03:15:00,22.57810922054802,52.6954307165931,0,15.726846802017057,3,2,0,normal
2026-01-02 03:16:00,19.269264523903882,49.258001430151225,0,1.006910369395868,3,1,0,normal
2026-01-02 03:17:00,27.541594393560764,46.22331989110431,0,20.947042528555386,3,1,0,normal
2026-01-02 03:18:00,37.37514951545887,46.855400098712565,0,17.519614739452315,3,1,0,normal
2026-01-02 03:19:00,18.594802514474363,59.127374730171184,1,27.119400402009333,3,2,0,normal
2026-01-02 03:20:00,25.14531674003655,55.50799698163082,0,20.107687719811807,3,1,0,normal
2026-01-02 03:21:00,33.473323332492576,49.52792944694474,1,29.207596646130675,3,1,0,normal
2026-01-02 03:22:00,24.52215165252571,72.64285989048281,0,23.946202278703268,3,1,0,normal
2026-01-02 03:23:00,27.714230777498404,5.498703968889039,0,9.786548812025922,3,1,0,normal
2026-01-02 03:24:00,18.62563883111872,57.64830871881792,1,14.024463281597626,3,1,0,normal
2026-01-02 03:25:00,27.56984258324589,60.76608059988469,0,16.36438767194549,3,1,0,normal
2026-01-02 03:26:00,23.877134409972708,67.20444302382754,0,18.652371128497762,3,1,0,normal
2026-01-02 03:27:00,30.91437997407918,49.026928384199586,1,17.842821488726194,3,2,0,normal
2026-01-02 03:28:00,32.124316309388504,53.11880101075936,0,25.74743863830539,3,1,0,normal
2026-01-02 03:29:00,40.53738185211168,64.78922574972081,3,24.02244502208496,3,1,0,normal
2026-01-02 03:30:00,28.477799039281454,72.3674960642027,1,16.630886289371457,3,3,0,normal
2026-01-02 03:31:00,26.954777899493,45.491960222318475,0,25.302020921435076,3,1,0,normal
2026-01-02 03:32:00,26.166305809464017,54.004636746913405,0,10.630942580375718,3,5,0,normal
2026-01-02 03:33:00,22.88100224313587,75.17860946523136,0,25.593129461895206,3,1,0,normal
2026-01-02 03:34:00,27.030903060770147,18.139593861817232,0,26.951704783328395,3,1,0,normal
2026-01-02 03:35:00,98.97818578452895,39.64981100278122,0,22.20398178311178,3,1,1,crypto_mining
2026-01-02 03:36:00,26.010765857617685,71.98753967904445,1,24.205518271307557,3,3,0,normal
2026-01-02 03:37:00,32.905585213647754,66.38806750412455,24,25.2570622926198,4,1,1,brute_force_login
2026-01-02 03:38:00,18.960744608322152,57.836678163900416,0,28.38175115229302,3,1,0,normal
2026-01-02 03:39:00,31.839271366774273,43.2710469033632,1,25.934558315346642,3,1,0,normal
2026-01-02 03:40:00,32.90269040403919,36.77272251521871,0,29.6600060323088,3,3,0,normal
2026-01-02 03:41:00,24.291588838053528,41.131765711364395,0,7.4164852626596875,3,5,0,normal
2026-01-02 03:42:00,12.268870605948432,73.22012331228038,1,21.05951443487283,3,2,0,normal
2026-01-02 03:43:00,21.353068077433406,40.5733596626698,0,19.632429014187643,3,1,0,normal
2026-01-02 03:44:00,32.781967279366654,51.52134446359487,0,21.218001028767127,3,3,0,normal
2026-01-02 03:45:00,24.862791626206707,38.69438532707381,1,27.2074677137136,3,1,0,normal
2026-01-02 03:46:00,19.004186606230533,62.641610451485406,0,21.031953289899782,3,1,0,normal
2026-01-02 03:47:00,21.971350472630697,41.919105794803386,0,20.708495550789333,3,2,0,normal
2026-01-02 03:48:00,30.043720159027316,48.53609164768378,1,23.73627833854074,3,1,0,normal
2026-01-02 03:49:00,28.280401409208274,24.749268004357617,0,7.94717665233137,3,1,0,normal
2026-01-02 03:50:00,23.566407404981835,25.799476456925905,0,32.44821949595325,3,1,0,normal
2026-01-02 03:51:00,22.799053529111873,50.115097899822594,0,19.16197895448538,3,1,0,normal
2026-01-02 03:52:00,22.649451105737068,30.12264267203357,0,31.816122651246342,3,1,0,normal
2026-01-02 03:53:00,19.465538893008983,81.57629959001753,0,13.163086315040012,3,1,0,normal
2026-01-02 03:54:00,34.69225413681665,19.077153318316256,1,12.701152624040837,3,1,0,normal
2026-01-02 03:55:00,23.06607718473196,37.99737052003844,1,18.1794988974693,3,1,0,normal
2026-01-02 03:56:00,32.302951124952976,50.250513009013254,1,20.286501305753465,3,2,0,normal
2026-01-02 03:57:00,34.12789631153471,44.52300593306323,0,15.938101812070158,3,1,0,normal
2026-01-02 03:58:00,30.98986538888776,33.43781815004121,0,13.563872515692065,3,1,0,normal
2026-01-02 03:59:00,22.41027812369171,35.63108240757098,0,22.964028288123604,3,1,0,normal
2026-01-02 04:00:00,27.422380542019656,35.140188837511424,0,31.59839315953603,4,1,0,normal
2026-01-02 04:01:00,24.854826361654503,45.699174577699054,0,33.27370601429514,4,1,0,normal
2026-01-02 04:02:00,19.57778883561923,79.27893634276136,0,17.65309383295352,4,1,0,normal
2026-01-02 04:03:00,26.94615569032962,51.16905944837315,0,11.36510010874352,4,1,0,normal
2026-01-02 04:04:00,17.925761253041184,67.74350734081285,0,17.897080819598308,4,5,0,normal
2026-01-02 04:05:00,32.12607633076938,57.60464518742212,0,33.69193941323755,4,1,0,normal
2026-01-02 04:06:00,22.21229621620964,66.70793596973331,0,28.23002944260101,4,1,0,normal
2026-01-02 04:07:00,26.206957935237035,8.000535461096213,0,23.08551339729266,4,1,0,normal
2026-01-02 04:08:00,26.699727229276853,45.43312968277656,0,16.26372270748574,4,3,0,normal
2026-01-02 04:09:00,23.446570157775536,69.6070313472607,0,27.29580903011064,4,2,0,normal
2026-01-02 04:10:00,28.520162808851648,41.42396265876,0,38.1010624677723,4,2,0,normal
2026-01-02 04:11:00,22.150578060264852,76.43709747304419,1,18.858176854659753,4,2,0,normal
2026-01-02 04:12:00,30.227783784743465,72.25835230651643,0,4.2379696046475175,4,1,0,normal
2026-01-02 04:13:00,16.92412191851951,42.96303925808807,0,11.790734913095546,4,1,0,normal
2026-01-02 04:14:00,25.758277477278472,42.45254721430465,0,20.50009709617101,4,1,0,normal
2026-01-02 04:15:00,36.63357399434971,34.79591236468297,0,18.754533335787688,4,1,0,normal
2026-01-02 04:16:00,18.99801205236655,40.55608652204303,0,30.884498657413204,4,2,0,normal
2026-01-02 04:17:00,20.93353017685089,31.511164037466273,0,15.267298567671435,4,1,0,normal
2026-01-02 04:18:00,28.08344709795349,56.432167706495086,0,18.604496664356468,4,3,0,normal
2026-01-02 04:19:00,26.07749069163759,28.1593025998035,0,14.820348947816179,4,1,0,normal
2026-01-02 04:20:00,27.103780595641354,59.05599524285333,0,26.231885279864542,4,2,0,normal
2026-01-02 04:21:00,27.93512278088598,59.42118045350373,1,13.1161187688955,4,1,0,normal
2026-01-02 04:22:00,99.5048256118589,25.081933922241163,0,18.12136165260869,4,2,1,crypto_mining
2026-01-02 04:23:00,31.65819905173734,73.24727909492509,0,7.812322601652264,4,1,0,normal
2026-01-02 04:24:00,27.458911941571074,57.70413941622833,0,15.770938701635941,4,2,0,normal
2026-01-02 04:25:00,23.552454072288747,61.24547032167303,0,33.30213956158282,4,2,0,normal
2026-01-02 04:26:00,29.035442207216388,38.62002197685842,1,34.20673819483452,4,1,0,normal
2026-01-02 04:27:00,36.39929160937129,59.33568677709678,0,25.39134778383386,4,1,0,normal
2026-01-02 04:28:00,24.204197521704558,66.89590174583098,0,23.52947742779668,4,2,0,normal
2026-01-02 04:29:00,19.15282417197615,48.52087401492984,0,14.965994744462975,4,1,0,normal
2026-01-02 04:30:00,31.642484015721838,80.02883688872541,0,21.592255226358667,4,1,0,normal
2026-01-02 04:31:00,24.277713016278412,50.660969523694064,0,21.325613196157295,4,2,0,normal
2026-01-02 04:32:00,11.963982723915784,67.11178700678713,1,20.13913006193846,4,1,0,normal
2026-01-02 04:33:00,30.08453006290253,54.39513210887983,0,26.452620540980305,4,1,0,normal
2026-01-02 04:34:00,21.788030884276463,58.78282299285301,0,12.452478618848081,4,3,0,normal
2026-01-02 04:35:00,24.456800306175037,24.930015985478416,1,40.49635639065896,4,1,0,normal
2026-01-02 04:36:00,26.99188198341409,55.56580607323045,0,32.99827475633807,4,1,0,normal
2026-01-02 04:37:00,26.1429980786744,38.97537348114101,1,13.504174703070156,4,3,0,normal
2026-01-02 04:38:00,96.13939853388038,37.304025413334685,0,20.860518674958364,4,2,1,crypto_mining
2026-01-02 04:39:00,22.38708177658094,76.16154776698968,1,15.209432840290084,4,2,0,normal
2026-01-02 04:40:00,28.078634789056498,46.79344627906477,3,25.0894345174178,4,1,0,normal
2026-01-02 04:41:00,23.4427199344965,34.95047253536755,0,19.28629489344287,4,2,0,normal
2026-01-02 04:42:00,29.43286288532502,44.61302557836688,0,4.946368909851641,4,1,0,normal
2026-01-02 04:43:00,91.8519072132686,30.493246566171294,0,12.632448992000707,4,1,1,crypto_mining
2026-01-02 04:44:00,19.38736778773243,71.50826702294405,0,30.611909475102088,4,1,0,normal
2026-01-02 04:45:00,31.515892697050194,39.56478883750228,0,18.249089698621702,4,1,0,normal
2026-01-02 04:46:00,21.78421932931571,57.93949900915504,2,18.17598626019641,4,3,0,normal
2026-01-02 04:47:00,29.84834678968687,70.34160071315488,0,25.353359115539416,4,1,0,normal
2026-01-02 04:48:00,27.203723880408045,42.49770978177906,0,27.519634852890512,4,1,0,normal
2026-01-02 04:49:00,36.02910206077074,57.980336484091794,0,19.287306380867246,4,1,0,normal
2026-01-02 04:50:00,23.659204105768886,34.54870917643355,0,2.672027461907277,4,2,0,normal
2026-01-02 04:51:00,22.904099223290814,86.68654353670526,1,13.575454856722803,4,1,0,normal
2026-01-02 04:52:00,24.883482364673604,64.04570201924933,0,2.848245546853793,4,2,0,normal
2026-01-02 04:53:00,23.18092130299435,47.11090341858791,0,8.803338673383859,4,1,0,normal
2026-01-02 04:54:00,29.7996514116523,38.40749403666554,0,20.61667859276004,4,1,0,normal
2026-01-02 04:55:00,15.302136349380472,48.2900517074056,0,20.369791154556086,4,1,0,normal
2026-01-02 04:56:00,18.677905485121876,44.90024416472721,0,30.20327948222832,4,2,0,normal
2026-01-02 04:57:00,18.59318247052484,79.2941683099926,1,220.79021869511374,4,16,1,credential_stuffing
2026-01-02 04:58:00,30.701845551841455,31.616979166776467,1,12.974975224775134,4,1,0,normal
2026-01-02 04:59:00,35.26368023549155,52.022021349353054,0,29.623338468771365,4,2,0,normal
2026-01-02 05:00:00,24.37330468877517,49.72492900049435,0,34.0091418773775,5,1,0,normal
2026-01-02 05:01:00,23.987069660859937,48.23884549482696,0,27.332593987000017,5,1,0,normal
2026-01-02 05:02:00,25.42031297867909,48.37075017592486,0,19.46193328511276,5,2,0,normal
2026-01-02 05:03:00,31.971269815649144,48.25893784819275,0,17.535773117879806,5,1,0,normal
2026-01-02 05:04:00,19.435881194856556,63.09599099498149,0,10.467431474059936,5,1,0,normal
2026-01-02 05:05:00,26.43021389640871,59.134766697386524,0,13.67907312259482,5,1,0,normal
2026-01-02 05:06:00,30.85118577869458,56.283674170591794,0,16.413195435910474,5,2,0,normal
2026-01-02 05:07:00,28.006565019639073,4.490159567820967,0,9.405778340517461,5,1,0,normal
2026-01-02 05:08:00,26.13748969959246,54.496923112447455,0,17.320568324559073,5,1,0,normal
2026-01-02 05:09:00,95.14702493476422,25.16540959744876,0,17.747142284366376,5,1,1,crypto_mining
2026-01-02 05:10:00,8.780606242004577,59.69480244703738,0,30.19512321767564,5,1,0,normal
2026-01-02 05:11:00,29.067251917185445,72.11746051355772,0,7.047705177424479,5,1,0,normal
2026-01-02 05:12:00,21.075545901235458,36.106413311171735,0,21.379323109008293,5,1,0,normal
2026-01-02 05:13:00,14.016202618861259,46.073289164859396,0,9.112118975161861,5,1,0,normal
2026-01-02 05:14:00,28.067215597149882,41.00966442420504,0,4.352129785295814,5,1,0,normal
2026-01-02 05:15:00,33.24195127097775,68.53147663635201,0,16.045931752414997,5,2,0,normal
2026-01-02 05:16:00,24.17530891223385,51.42541827908109,1,20.15095339912139,5,1,0,normal
2026-01-02 05:17:00,30.71724728321763,75.924940708495,0,30.177783676472394,5,1,0,normal
2026-01-02 05:18:00,34.67366954793187,56.206313044210816,0,17.84602133165964,5,2,0,normal
2026-01-02 05:19:00,32.889486721504284,53.63675270953729,0,15.692056204404476,5,3,0,normal
2026-01-02 05:20:00,34.839787176228356,51.023101739042545,0,14.384373605459306,5,1,0,normal
2026-01-02 05:21:00,29.45276494643135,62.26988148886005,1,15.859909810034573,5,1,0,normal
2026-01-02 05:22:00,25.452601833409556,23.93470702631985,0,0.0,5,2,0,normal
2026-01-02 05:23:00,15.388205128616988,51.28015933280765,0,13.445716351615836,5,1,0,normal
2026-01-02 05:24:00,23.52362507122031,48.949303344080526,1,26.412477868114408,5,1,0,normal
2026-01-02 05:25:00,19.94052042810285,60.88128240736649,0,0.37144033156067735,5,1,0,normal
2026-01-02 05:26:00,38.02565630498688,47.18447591188945,0,16.679012227703808,5,2,0,normal
2026-01-02 05:27:00,23.94468512540598,34.41898348755995,0,17.69035668188578,5,1,0,normal
2026-01-02 05:28:00,25.739228840706915,50.110260123795484,0,25.731113103612557,5,1,0,normal
2026-01-02 05:29:00,28.308912256242806,33.757392066974845,0,20.933482334586717,5,3,0,normal
2026-01-02 05:30:00,25.26161467823472,21.121066811187717,34,23.374052369022067,1,1,1,brute_force_login
2026-01-02 05:31:00,35.170306242584516,60.90683722228239,0,14.032397250805243,5,1,0,normal
2026-01-02 05:32:00,21.26410382959329,58.68592359042006,0,5.933615295225389,5,1,0,normal
2026-01-02 05:33:00,26.167644731423458,57.00636415990362,0,15.759855224226808,5,1,0,normal
2026-01-02 05:34:00,20.54517648581171,69.54392632918717,0,18.858594176414922,5,2,0,normal
2026-01-02 05:35:00,17.079864932675765,40.024521645441126,0,29.263539775851,5,1,0,normal
2026-01-02 05:36:00,21.32938545456829,28.533287858431173,0,8.578456517566966,5,1,0,normal
2026-01-02 05:37:00,24.77777921770953,48.94955334787933,0,36.71039242352916,5,3,0,normal
2026-01-02 05:38:00,22.42418665289644,44.78749550441134,0,21.380095821223165,5,1,0,normal
2026-01-02 05:39:00,20.845474120756865,37.36556424844897,1,13.910567313908174,5,2,0,normal
2026-01-02 05:40:00,16.562095217968995,48.80226269768306,0,13.495381867986513,5,1,0,normal
2026-01-02 05:41:00,24.50136656422783,40.82592280693123,0,18.722524127197623,5,1,0,normal
2026-01-02 05:42:00,15.971677755813987,22.45992074964753,0,19.458623145081557,5,2,0,normal
2026-01-02 05:43:00,29.560335782137614,43.382349638093594,0,20.10582978818179,5,2,0,normal
2026-01-02 05:44:00,25.49463851760702,32.954372499442144,0,25.100595370657487,5,2,0,normal
2026-01-02 05:45:00,16.254691003210418,53.47472107416384,0,14.710492020303686,5,1,0,normal
2026-01-02 05:46:00,23.14474553770082,40.159478626390175,0,20.850713655074657,5,1,0,normal
2026-01-02 05:47:00,20.4870615664565,66.67447211211578,0,17.32011298910915,5,1,0,normal
2026-01-02 05:48:00,26.915047062515082,74.05799100901798,0,33.17374977849282,5,1,0,normal
2026-01-02 05:49:00,33.042702676138866,60.19072059517859,0,5.536676597725473,5,1,0,normal
2026-01-02 05:50:00,13.748965182125533,26.7346072702502,0,37.16127347137414,5,3,0,normal
2026-01-02 05:51:00,25.690156474884503,72.57793998318559,1,12.931187013743257,5,1,0,normal
2026-01-02 05:52:00,24.039203226600158,73.63580675560647,0,11.315962253223653,5,1,0,normal
2026-01-02 05:53:00,29.028040458702794,50.281857669619114,1,17.630638706674894,5,1,0,normal
2026-01-02 05:54:00,26.279179769426136,69.84389240503299,0,21.728609809797646,5,1,0,normal
2026-01-02 05:55:00,20.488184009567085,41.72487292929983,0,17.09387670283428,5,3,0,normal
2026-01-02 05:56:00,23.08567638600029,22.00631097725616,0,24.77989039265538,5,1,0,normal
2026-01-02 05:57:00,20.223844859179067,38.5957334206761,0,16.404237306330298,5,1,0,normal
2026-01-02 05:58:00,31.45604283159159,75.93951299067135,0,14.850745887247733,5,3,0,normal
2026-01-02 05:59:00,25.127869892031654,27.633801145827896,0,12.603434768904707,5,2,0,normal
2026-01-02 06:00:00,36.40714411451805,49.992819228972415,0,30.08375264470586,6,2,0,normal
2026-01-02 06:01:00,24.636035117112275,50.51215840010318,1,23.075056807535397,6,1,0,normal
2026-01-02 06:02:00,20.749559398537222,42.305386340482826,0,10.74451976411704,6,1,0,normal
2026-01-02 06:03:00,15.917713644323037,43.34717600244328,0,16.381378936193066,6,1,0,normal
2026-01-02 06:04:00,14.18116194246433,51.08373701354304,0,9.409209402660009,6,1,0,normal
2026-01-02 06:05:00,15.495184341967061,41.56756487097909,0,41.806053882952625,6,1,0,normal
2026-01-02 06:06:00,26.6027599060689,28.669122542481034,0,21.464841522257704,6,1,0,normal
2026-01-02 06:07:00,28.0523501393796,53.22547914415184,0,4.08203925883682,6,3,0,normal
2026-01-02 06:08:00,15.512855787807199,66.10049873667458,1,9.120516102927068,6,1,0,normal
2026-01-02 06:09:00,30.37022988445669,63.043587779801314,0,9.996635053204892,6,1,0,normal
2026-01-02 06:10:00,22.101633689899362,37.85396798915283,0,22.341192463821862,6,1,0,normal
2026-01-02 06:11:00,25.880758071913295,31.231581269334864,0,6.417351990760169,6,1,0,normal
2026-01-02 06:12:00,34.673323769532544,45.73718176767832,1,9.075291651036395,6,2,0,normal
2026-01-02 06:13:00,30.381035895193193,73.51687264693496,0,17.98955270336918,6,1,0,normal
2026-01-02 06:14:00,23.388816112565006,59.68397118439319,0,19.336686764144865,6,3,0,normal
2026-01-02 06:15:00,19.652846647508277,60.5594701519135,0,15.566685834009593,6,1,0,normal
2026-01-02 06:16:00,12.08910759202417,63.34785427678242,2,16.67797153726525,6,1,0,normal
2026-01-02 06:17:00,20.68508008454548,56.311498437778795,0,8.519204306406433,6,3,0,normal
2026-01-02 06:18:00,23.733218567033834,51.80912821420368,0,23.569130374171593,6,1,0,normal
2026-01-02 06:19:00,19.076922837092894,59.93460344971952,0,3.9874084263422738,6,3,0,normal
2026-01-02 06:20:00,24.21245819744617,41.807508436729705,0,18.6838109236871,6,2,0,normal
2026-01-02 06:21:00,25.46111129775261,28.78305482950519,0,34.24394244332287,6,1,0,normal
2026-01-02 06:22:00,23.650864109151527,60.84495401936485,0,17.071565531295434,6,2,0,normal
2026-01-02 06:23:00,21.09998451505924,68.56607158623838,0,8.807731812083201,6,1,0,normal
2026-01-02 06:24:00,26.011928031800366,33.22652090965953,0,19.06669335295175,6,2,0,normal
2026-01-02 06:25:00,27.651643897416456,62.3288222362385,0,17.53437892196068,6,1,0,normal
2026-01-02 06:26:00,18.457605535342925,75.21148570082285,0,21.475735349856766,6,1,0,normal
2026-01-02 06:27:00,33.465594278477624,49.966306973643185,0,21.346376245026423,6,1,0,normal
2026-01-02 06:28:00,24.40847120629443,37.729967228873804,0,27.69778348223899,6,1,0,normal
2026-01-02 06:29:00,25.113097737669086,51.845280102901334,1,15.983725251689808,6,2,0,normal
2026-01-02 06:30:00,29.24928653953934,41.74199047698948,0,13.31378228432639,6,2,0,normal
2026-01-02 06:31:00,26.399296787581008,40.74904835065398,0,13.516123247363108,6,1,0,normal
2026-01-02 06:32:00,30.71881980347947,56.49776100907314,0,14.746587731897975,6,2,0,normal
2026-01-02 06:33:00,26.722744991210945,25.944057874551568,0,22.292418012019404,6,1,0,normal
2026-01-02 06:34:00,21.325375752157374,28.341066162616592,0,8.927870519446733,6,1,0,normal
2026-01-02 06:35:00,27.16902115123661,50.28936320560914,0,12.437942573512327,6,1,0,normal
2026-01-02 06:36:00,18.13764275607603,49.66537191631353,1,20.402459001182546,6,1,0,normal
2026-01-02 06:37:00,25.65135823465914,55.15331865559904,0,29.63876166621068,6,1,0,normal
2026-01-02 06:38:00,24.800620056133234,78.12838082725082,0,12.924296206710022,6,1,0,normal
2026-01-02 06:39:00,23.751298856364762,51.567710541137316,0,22.793799157212835,6,1,0,normal
2026-01-02 06:40:00,24.228774931366416,58.97258225502192,0,18.33234627293344,6,3,0,normal
2026-01-02 06:41:00,13.708905727014166,35.36700596578052,0,24.028700727391417,6,2,0,normal
2026-01-02 06:42:00,21.70765055355423,61.51906495274805,0,20.475629159463445,6,1,0,normal
2026-01-02 06:43:00,25.55706940684669,42.10413702333983,1,20.21639445094432,6,3,0,normal
2026-01-02 06:44:00,25.959138351984404,51.071312488716394,1,40.420423224957446,6,2,0,normal
2026-01-02 06:45:00,18.83394915444425,48.367270623962575,0,43.4382681273234,6,2,0,normal
2026-01-02 06:46:00,32.594247045188204,65.49461352371047,0,17.895871154957568,6,1,0,normal
2026-01-02 06:47:00,19.802950910712994,30.350351684375006,0,12.660190363298014,6,2,0,normal
2026-01-02 06:48:00,30.81674320316042,15.751420480774406,0,21.93635115455271,6,1,0,normal
2026-01-02 06:49:00,27.563166171230108,46.798509543681135,1,24.831973192933063,6,1,0,normal
2026-01-02 06:50:00,21.122636140937182,57.02796885357686,1,30.565595604933034,6,3,0,normal
2026-01-02 06:51:00,35.65186535565707,52.2840406371125,0,2.0401113458815026,6,4,0,normal
2026-01-02 06:52:00,17.838179009461122,68.48306356120867,0,16.714859572983862,6,1,0,normal
2026-01-02 06:53:00,30.514925041660007,56.560590112695024,0,15.935929821441706,6,1,0,normal
2026-01-02 06:54:00,31.00349390825787,706.5755339600755,1,13.543953645430623,6,1,1,data_exfiltration
2026-01-02 06:55:00,20.97627874554013,15.118697687904792,0,8.025092389924435,6,1,0,normal
2026-01-02 06:56:00,33.354791800385975,46.440316487071726,0,183.2491870224727,6,8,1,credential_stuffing
2026-01-02 06:57:00,23.499720912406282,65.41938503386697,0,25.636370844569043,6,1,0,normal
2026-01-02 06:58:00,26.732161775679142,44.11928325999328,2,10.043512169814543,6,1,0,normal
2026-01-02 06:59:00,26.561931032627324,50.42480395516646,0,20.702170563942232,6,1,0,normal
2026-01-02 07:00:00,24.194147551176712,56.320403814600624,0,23.358603035758655,7,1,0,normal
2026-01-02 07:01:00,29.86484963895869,34.77061438625276,0,33.14746427234653,7,2,0,normal
2026-01-02 07:02:00,29.760932323313277,59.348538449582264,1,25.081423660283974,7,2,0,normal
2026-01-02 07:03:00,14.508808160570915,74.55682685002559,0,19.31716255225044,7,1,0,normal
2026-01-02 07:04:00,32.826041457268914,47.407799721598906,0,22.491550994383932,7,1,0,normal
2026-01-02 07:05:00,15.025048071785953,33.06403367251547,0,26.101929254732656,7,1,0,normal
2026-01-02 07:06:00,31.195277226049946,49.00098459467039,0,20.966621707546526,7,1,0,normal
2026-01-02 07:07:00,31.7602308209655,16.634238370866967,1,26.29394459854916,7,1,0,normal
2026-01-02 07:08:00,18.454201418708813,55.05354895964924,0,17.34046427779305,7,1,0,normal
2026-01-02 07:09:00,22.53511427227249,56.78411566472868,30,29.603519004405804,3,2,1,brute_force_login
2026-01-02 07:10:00,18.365771989084386,75.13454440768344,0,15.922938752896524,7,1,0,normal
2026-01-02 07:11:00,23.710473818267587,47.090078111500624,0,14.513900019841252,7,2,0,normal
2026-01-02 07:12:00,23.15179429488555,56.12728007219705,0,16.254877715931478,7,2,0,normal
2026-01-02 07:13:00,29.677963193616037,37.08067846421148,0,12.236553891544716,7,1,0,normal
2026-01-02 07:14:00,32.86185247671765,568.1016846248124,0,26.035780141896666,7,1,1,data_exfiltration
2026-01-02 07:15:00,33.37410286473974,27.12221845006703,1,7.420074205982523,7,2,0,normal
2026-01-02 07:16:00,21.626991840530188,47.078155680751465,0,16.532602204414513,7,3,0,normal
2026-01-02 07:17:00,23.744668757532832,45.42036269722153,0,22.595301286642442,7,3,0,normal
2026-01-02 07:18:00,14.899370846674298,54.48799649133344,1,20.096830087769952,7,3,0,normal
2026-01-02 07:19:00,20.164779601022868,40.64604679501041,0,19.66448633566493,7,1,0,normal
2026-01-02 07:20:00,30.789109798584747,751.2655248935963,0,18.859189475248584,7,1,1,data_exfiltration
2026-01-02 07:21:00,34.69349694128939,44.99929916588501,0,21.315662580776433,7,2,0,normal
2026-01-02 07:22:00,17.593906768720466,45.027509175507284,2,11.978783884470293,7,1,0,normal
2026-01-02 07:23:00,21.445214445082634,51.20543488944545,0,16.16467669020589,7,2,0,normal
2026-01-02 07:24:00,24.84156545824644,50.60784413475515,0,17.939975702138995,7,1,0,normal
2026-01-02 07:25:00,26.68096695291764,61.417610585774575,0,23.646651484526277,7,3,0,normal
2026-01-02 07:26:00,20.142378880470122,48.19035448805248,1,27.543849923864716,7,1,0,normal
2026-01-02 07:27:00,27.54436626678454,44.75171976315495,0,18.943415155658368,7,1,0,normal
2026-01-02 07:28:00,22.156963917574505,47.287888323691604,1,25.87446232495804,7,1,0,normal
2026-01-02 07:29:00,24.913286374730326,39.280038247385114,0,20.717519437695902,7,1,0,normal
2026-01-02 07:30:00,28.277705488022196,44.60133359649993,0,19.43494883590255,7,1,0,normal
2026-01-02 07:31:00,25.03853361886563,80.46738069609847,1,26.275330817621025,7,1,0,normal
2026-01-02 07:32:00,22.381684656840587,36.30981858956199,0,8.41950409742831,7,2,0,normal
2026-01-02 07:33:00,24.342341176445014,45.82015499181036,1,23.53756768048763,7,1,0,normal
2026-01-02 07:34:00,24.46982224476799,44.187670050954644,0,14.514742064141007,7,3,0,normal
2026-01-02 07:35:00,22.779933820707235,46.29242581633401,1,28.308849356136317,7,1,0,normal
2026-01-02 07:36:00,23.447223623997385,45.031410366824076,0,14.73698066188052,7,1,0,normal
2026-01-02 07:37:00,34.5918830230283,54.188601518315,0,17.516106781326883,7,2,0,normal
2026-01-02 07:38:00,28.365516687647432,24.347373479123085,0,7.4816808303353675,7,1,0,normal
2026-01-02 07:39:00,23.227118091825037,65.55757208798006,0,22.93844004752517,7,1,0,normal
2026-01-02 07:40:00,29.18172642706441,59.48874199463296,0,16.6591044291518,7,1,0,normal
2026-01-02 07:41:00,22.99708306146394,31.35692620905298,0,226.30099612627123,7,13,1,credential_stuffing
2026-01-02 07:42:00,32.03874782551985,15.96384090571398,0,20.219175481671698,7,1,0,normal
2026-01-02 07:43:00,27.217853153188564,35.34391780787898,0,6.640170582085393,7,1,0,normal
2026-01-02 07:44:00,24.356187135974626,46.36000307859316,1,14.454320397675392,7,4,0,normal
2026-01-02 07:45:00,27.686301554861664,88.70437848036163,1,18.509729551559044,7,1,0,normal
2026-01-02 07:46:00,15.574743087589004,58.1488544746141,0,31.717623998834227,7,2,0,normal
2026-01-02 07:47:00,18.239395186541167,22.886155262278137,0,21.46715248129417,7,1,0,normal
2026-01-02 07:48:00,17.836449961605666,39.65516742648584,0,23.16837318826197,7,2,0,normal
2026-01-02 07:49:00,25.85765856858224,563.5292846991183,0,20.49564750784947,7,1,1,data_exfiltration
2026-01-02 07:50:00,35.39508999691055,53.80525331447146,0,47.27787230040046,7,1,0,normal
2026-01-02 07:51:00,38.3878008771558,30.278767095343657,1,27.190675889677912,7,1,0,normal
2026-01-02 07:52:00,28.828306608644542,47.97514658034408,0,3.7353960062798883,7,1,0,normal
2026-01-02 07:53:00,28.00506684966674,39.23541293584189,1,21.778399295469477,7,3,0,normal
2026-01-02 07:54:00,14.193653595083566,33.443621560965255,1,28.722344802651183,7,1,0,normal
2026-01-02 07:55:00,21.74395720159587,53.89393470048431,0,8.393208798281956,7,3,0,normal
2026-01-02 07:56:00,20.27329748855057,61.60815760164233,0,20.839506876239856,7,1,0,normal
2026-01-02 07:57:00,21.274914410493302,62.615619154424294,0,15.695575359548375,7,4,0,normal
2026-01-02 07:58:00,23.991137088491264,58.61579526700814,0,13.16289606788716,7,1,0,normal
2026-01-02 07:59:00,22.167456533817237,42.53945700289606,0,30.687759923094703,7,1,0,normal
2026-01-02 08:00:00,13.124201137745274,60.718246421952585,0,14.695197092372581,8,1,0,normal
2026-01-02 08:01:00,29.487461536705204,54.63581657156432,2,14.768676672724043,8,2,0,normal
2026-01-02 08:02:00,18.56354184556116,52.0091282442802,0,12.789824658693869,8,1,0,normal
2026-01-02 08:03:00,26.435481184666898,40.824603174473026,0,11.293906890792027,8,1,0,normal
2026-01-02 08:04:00,37.44449601849984,42.54685808987708,0,15.628191885356639,8,1,0,normal
2026-01-02 08:05:00,19.48369245048146,51.10830404186831,0,15.232349444413593,8,1,0,normal
2026-01-02 08:06:00,9.81827486352202,86.59811700478252,1,10.497093109860673,8,1,0,normal
2026-01-02 08:07:00,23.283974668719335,54.51863720137085,0,19.78100917938535,8,1,0,normal
2026-01-02 08:08:00,31.605757809991427,40.83217246624571,0,0.0,8,1,0,normal
2026-01-02 08:09:00,36.75008472532356,37.51415832545836,0,20.812551877053146,8,1,0,normal
2026-01-02 08:10:00,17.622702433285497,42.623500810156955,0,27.810474614856084,8,1,0,normal
2026-01-02 08:11:00,27.98019533941913,82.65940171323598,0,15.754009602377039,8,1,0,normal
2026-01-02 08:12:00,22.20813725931968,44.01115031081057,0,22.83272904149863,8,1,0,normal
2026-01-02 08:13:00,24.364309874175184,63.603058019154275,0,17.979753277108266,8,1,0,normal
2026-01-02 08:14:00,40.86606008210221,44.36107631792965,0,38.815426743969255,8,1,0,normal
2026-01-02 08:15:00,15.98217802962908,53.91776811919443,0,27.785827081622944,8,2,0,normal
2026-01-02 08:16:00,26.52243796896744,61.876179110130835,0,13.068536140128689,8,1,0,normal
2026-01-02 08:17:00,27.8061590305926,41.42145725285114,0,30.33227630907986,8,2,0,normal
2026-01-02 08:18:00,31.514717949636083,40.38332518770846,2,39.28959413002826,8,1,0,normal
2026-01-02 08:19:00,25.587898920825374,74.88304541682994,1,18.267765385540987,8,2,0,normal
2026-01-02 08:20:00,26.848303237024613,64.76889342343695,0,23.894477694269785,8,2,0,normal
2026-01-02 08:21:00,22.650108595469252,807.6918775101148,0,28.103196549870106,8,1,1,data_exfiltration
2026-01-02 08:22:00,26.614761647470644,61.809144396843706,0,11.044527958109823,8,1,0,normal
2026-01-02 08:23:00,22.940846347015537,56.89363232466598,1,5.3265132738313365,8,1,0,normal
2026-01-02 08:24:00,28.729431339136305,80.26663719762598,0,21.2765457425252,8,1,0,normal
2026-01-02 08:25:00,22.782337983738195,50.658624528157354,0,13.421997762666933,8,4,0,normal
2026-01-02 08:26:00,27.26260236341312,58.65893550801379,0,18.25426557548951,8,1,0,normal
2026-01-02 08:27:00,24.82442311789013,28.23630607108981,0,28.198743017907617,8,1,0,normal
2026-01-02 08:28:00,31.756301504633008,37.62558970113139,0,24.520002538393513,8,1,0,normal
2026-01-02 08:29:00,24.691637658469084,31.987715002474392,0,24.465096011415746,8,2,0,normal
2026-01-02 08:30:00,14.361805190758712,69.11095375274223,1,18.97100191733535,8,2,0,normal
2026-01-02 08:31:00,32.57152900428395,11.71189771968875,0,14.844789559550236,8,2,0,normal
2026-01-02 08:32:00,19.565606194824287,43.96534965870916,0,14.32976078214751,8,3,0,normal
2026-01-02 08:33:00,21.077401968107083,5.09440096009066,2,33.94989256092902,8,2,0,normal
2026-01-02 08:34:00,93.49672947242351,37.53068156777165,1,38.04904883209801,8,1,1,crypto_mining
2026-01-02 08:35:00,33.246628559024906,42.635765754022,0,28.630573284423473,8,1,0,normal
2026-01-02 08:36:00,12.185954716127828,70.77306640691066,0,17.753232631389505,8,1,0,normal
2026-01-02 08:37:00,43.82649120195996,55.94941908832186,0,11.09728250977277,8,3,0,normal
2026-01-02 08:38:00,31.336340854396312,37.5028771500655,0,41.76906834906235,8,1,0,normal
2026-01-02 08:39:00,26.339433484774958,65.98945579597739,1,23.625139981366576,8,1,0,normal
2026-01-02 08:40:00,24.67063599630228,50.26748381794636,0,23.4548496060669,8,1,0,normal
2026-01-02 08:41:00,26.71332444914594,50.56350288060879,0,15.218643257954845,8,1,0,normal
2026-01-02 08:42:00,28.126734570276028,31.95992738342012,0,25.505227148644934,8,1,0,normal
2026-01-02 08:43:00,28.87129351570034,35.149794291452906,0,18.33773767691329,8,1,0,normal
2026-01-02 08:44:00,28.333626796020692,37.623540500817136,0,11.556289108602426,8,2,0,normal
2026-01-02 08:45:00,25.537484087531492,50.69691909731284,0,17.291338611721134,8,1,0,normal
2026-01-02 08:46:00,23.815969478156042,51.168285904710125,0,23.223937497030402,8,2,0,normal
2026-01-02 08:47:00,24.09236029807893,73.16138995286067,1,32.2665312131713,8,1,0,normal
2026-01-02 08:48:00,23.830550317883915,55.77582751906751,0,7.401735192793511,8,1,0,normal
2026-01-02 08:49:00,31.802620581202387,9.386514594918381,0,10.089528252392922,8,1,0,normal
2026-01-02 08:50:00,28.561340333685173,53.93962981807536,0,16.587339177494574,8,3,0,normal
2026-01-02 08:51:00,7.357668192014319,28.24975465748701,0,12.512146185000404,8,1,0,normal
2026-01-02 08:52:00,28.935404659178566,35.51043613082695,0,20.020078478676005,8,1,0,normal
2026-01-02 08:53:00,26.16841716831265,668.0816665037214,0,16.065615450432322,8,1,1,data_exfiltration
2026-01-02 08:54:00,24.887747461324615,40.04992514731548,1,20.99738510136826,8,1,0,normal
2026-01-02 08:55:00,22.668889281466686,29.372759119395454,1,21.33980727548505,8,1,0,normal
2026-01-02 08:56:00,31.74467631991608,53.05223005178431,1,9.16882030661891,8,4,0,normal
2026-01-02 08:57:00,30.685158772737147,28.837965723635612,0,18.329459437346635,8,1,0,normal
2026-01-02 08:58:00,20.362733993058345,55.3500141087477,0,13.610405873875054,8,1,0,normal
2026-01-02 08:59:00,27.442313722747212,83.55456615592445,0,29.105415639618094,8,1,0,normal
2026-01-02 09:00:00,34.17005959275228,563.8560527500329,0,39.562736845567834,9,3,1,data_exfiltration
2026-01-02 09:01:00,31.722291011266417,75.73234543491166,2,41.03972381253656,9,1,0,normal
2026-01-02 09:02:00,36.23969665246021,42.14813956231295,0,37.738053766132374,9,2,0,normal
2026-01-02 09:03:00,45.17436083429655,75.485970605448,0,44.76106847244112,9,1,0,normal
2026-01-02 09:04:00,45.71875027225652,89.64075728947226,1,43.78283828941351,9,1,0,normal
2026-01-02 09:05:00,43.07851252058376,90.809588470359,0,56.8544704655607,9,1,0,normal
2026-01-02 09:06:00,44.35057472108798,81.16045595426145,0,44.757461820048775,9,1,0,normal
2026-01-02 09:07:00,43.09706972268975,93.33895137138464,1,55.76291464123879,9,1,0,normal
2026-01-02 09:08:00,36.151110428662285,118.19081803914187,0,57.306178154518285,9,1,0,normal
2026-01-02 09:09:00,42.59153526804364,105.68457031156399,0,42.170193117391946,9,1,0,normal
2026-01-02 09:10:00,44.80245715136609,72.16218605885544,1,43.59991448714598,9,1,0,normal
2026-01-02 09:11:00,44.52574797888145,58.23344020299892,1,40.409679697910505,9,3,0,normal
2026-01-02 09:12:00,47.13348022884786,73.90772875139295,0,35.178316855322606,9,1,0,normal
2026-01-02 09:13:00,44.24982308320638,65.79525851573977,0,63.86831424105908,9,4,0,normal
2026-01-02 09:14:00,42.108689245249494,86.77021321796948,1,40.451852634952054,9,1,0,normal
2026-01-02 09:15:00,46.420901429898564,62.28209690855753,0,37.78632895730459,9,1,0,normal
2026-01-02 09:16:00,39.84087244450564,78.90766351114488,0,36.51344909814635,9,1,0,normal
2026-01-02 09:17:00,34.708752092633695,92.57021081804466,0,39.99695638991498,9,1,0,normal
2026-01-02 09:18:00,39.021598216337416,78.48956190774234,1,42.57110562792923,9,1,0,normal
2026-01-02 09:19:00,35.530584131161305,65.80529265878306,1,54.94119043036233,9,1,0,normal
2026-01-02 09:20:00,35.94893035015371,97.62221086378537,0,59.5018487404831,9,2,0,normal
2026-01-02 09:21:00,39.13288797570689,51.815285828692595,19,28.34841878349095,1,2,1,brute_force_login
2026-01-02 09:22:00,35.24548047400023,75.08307416183806,0,57.70096796158326,9,1,0,normal
2026-01-02 09:23:00,38.152230822165755,79.37509964927997,0,58.42098581637821,9,2,0,normal
2026-01-02 09:24:00,28.63831199827729,80.23862987599446,0,40.04064583140673,9,1,0,normal
2026-01-02 09:25:00,41.27976224423763,82.70744084117122,0,37.71237383102651,9,1,0,normal
2026-01-02 09:26:00,40.007232852173345,89.1565972971424,0,49.1751204418424,9,1,0,normal
2026-01-02 09:27:00,35.09746821359086,79.46888841431974,1,39.89483244532218,9,1,0,normal
2026-01-02 09:28:00,43.95547401059443,74.47912576784479,0,56.983453955371004,9,1,0,normal
2026-01-02 09:29:00,45.62542082575935,73.88615983010456,0,48.92685785437253,9,2,0,normal
2026-01-02 09:30:00,30.354640813786155,70.82726296942468,0,38.96497603884259,9,3,0,normal
2026-01-02 09:31:00,35.423651328602716,91.81314986490298,0,47.33872235917362,9,4,0,normal
2026-01-02 09:32:00,35.38514590127621,70.30207280785228,0,45.56227560213689,9,1,0,normal
2026-01-02 09:33:00,34.36058139334681,92.70156663512367,0,29.6373872902329,9,1,0,normal
2026-01-02 09:34:00,44.97684905159049,80.28498623389807,0,37.10365094292894,9,1,0,normal
2026-01-02 09:35:00,38.83704316736318,72.18117789715805,1,39.73781119625511,9,3,0,normal
2026-01-02 09:36:00,38.412910952136336,89.27610823616202,0,48.03590714660309,9,1,0,normal
2026-01-02 09:37:00,27.97682581355948,69.08819112915323,0,49.53102811883299,9,1,0,normal
2026-01-02 09:38:00,43.81250818125536,89.5727606109232,0,54.652367780107625,9,2,0,normal
2026-01-02 09:39:00,32.56444963087917,83.19089181787677,0,39.3625539363764,9,1,0,normal
2026-01-02 09:40:00,40.35959578159797,71.05512966362119,0,33.1433093075156,9,1,0,normal
2026-01-02 09:41:00,41.66426162774915,87.92952223001839,0,38.22381186676013,9,1,0,normal
2026-01-02 09:42:00,48.1639515750319,88.19884588532958,0,39.351528089909735,9,1,0,normal
2026-01-02 09:43:00,32.147077605285325,97.36279408714937,0,38.58567956302433,9,3,0,normal
2026-01-02 09:44:00,21.882927065075048,94.49220518613944,0,44.82722462439297,9,1,0,normal
2026-01-02 09:45:00,41.10309726852217,87.36911031089424,0,50.5857730254862,9,1,0,normal
2026-01-02 09:46:00,50.803067089065124,63.08613573186855,0,41.705182205927684,9,1,0,normal
2026-01-02 09:47:00,47.433678117636624,116.72880482261085,0,49.008767078184405,9,1,0,normal
2026-01-02 09:48:00,41.257956491647754,58.94575683392284,0,52.760419097004764,9,2,0,normal
2026-01-02 09:49:00,37.050182886207715,677.8997612821577,1,44.91564403593927,9,1,1,data_exfiltration
2026-01-02 09:50:00,44.84273557982386,86.46925725329447,1,35.9004992168137,9,1,0,normal
2026-01-02 09:51:00,34.15872280177319,62.38786441278328,1,42.76744189895364,9,1,0,normal
2026-01-02 09:52:00,42.85814661613732,78.13548591682252,2,53.1633368342068,9,2,0,normal
2026-01-02 09:53:00,43.032820954999764,78.81870670633039,0,50.042105537114836,9,1,0,normal
2026-01-02 09:54:00,46.36125944499328,99.58374073715785,1,36.46146190197426,9,1,0,normal
2026-01-02 09:55:00,56.55796023346647,69.30033649579683,0,54.419598792286976,9,2,0,normal
2026-01-02 09:56:00,42.3544958030726,76.07082490363469,1,42.35515740853212,9,2,0,normal
2026-01-02 09:57:00,36.946218245755006,44.95895592468106,0,36.418208229945186,9,1,0,normal
2026-01-02 09:58:00,39.846554126848034,106.02144189685366,0,44.7447404354012,9,1,0,normal
2026-01-02 09:59:00,29.38554457066529,63.94297635469893,0,32.80040779453641,9,1,0,normal
2026-01-02 10:00:00,35.83172121346565,84.90366296358762,1,50.20176269208445,10,1,0,normal
2026-01-02 10:01:00,37.54430537132138,78.47888255417205,1,54.157156138853914,10,1,0,normal
2026-01-02 10:02:00,36.85546961239245,78.5299854982499,0,36.98976684176159,10,3,0,normal
2026-01-02 10:03:00,40.914129232202335,92.14792977306313,0,43.653278656067776,10,1,0,normal
2026-01-02 10:04:00,35.06548040570679,105.06893690455452,0,51.972915276326034,10,1,0,normal
2026-01-02 10:05:00,46.72618400394683,83.77240504912987,1,34.353146162543666,10,1,0,normal
2026-01-02 10:06:00,40.00124238950918,89.82617026445789,1,35.228922336565084,10,1,0,normal
2026-01-02 10:07:00,39.944198073168316,84.93337305090562,0,43.10381450303618,10,1,0,normal
2026-01-02 10:08:00,38.032631700922494,95.26297135895939,0,42.76872433428245,10,1,0,normal
2026-01-02 10:09:00,40.931144103153876,73.05625430770509,1,45.39043206695268,10,4,0,normal
2026-01-02 10:10:00,44.95058958800581,96.1308583162462,0,44.15939381654824,10,2,0,normal
2026-01-02 10:11:00,34.7972187057346,96.65749798471076,0,34.36161311966682,10,1,0,normal
2026-01-02 10:12:00,36.05130106554846,96.23805513024365,0,32.079893125393646,10,3,0,normal
2026-01-02 10:13:00,38.17764382734001,70.09778198995286,0,34.45504912842008,10,1,0,normal
2026-01-02 10:14:00,31.92477445916071,77.47493548644213,0,49.02315824440407,10,2,0,normal
2026-01-02 10:15:00,35.084452841671016,83.59200483170652,1,52.60859348281983,10,3,0,normal
2026-01-02 10:16:00,37.14267475873204,59.43736932756491,0,44.28809920413448,10,1,0,normal
2026-01-02 10:17:00,45.24633508427637,103.92380312129022,0,50.68427221071562,10,1,0,normal
2026-01-02 10:18:00,41.57536797401155,79.81585199746736,0,40.13457038355542,10,1,0,normal
2026-01-02 10:19:00,41.16153946820527,84.25891831407083,0,42.062933819594,10,1,0,normal
2026-01-02 10:20:00,45.105387773007834,71.34493340409196,2,52.3933278706786,10,2,0,normal
2026-01-02 10:21:00,39.17576926960362,60.09683660949466,0,48.72169160204665,10,3,0,normal
2026-01-02 10:22:00,42.34278909957334,70.93955171787843,1,46.4123378837402,10,1,0,normal
2026-01-02 10:23:00,39.380669482405025,83.28806281450383,0,43.820690058460826,10,1,0,normal
2026-01-02 10:24:00,41.59217409639777,90.1014321913054,0,35.734379164767255,10,1,0,normal
2026-01-02 10:25:00,36.503448054330505,82.4268731090408,1,45.68404628656082,10,1,0,normal
2026-01-02 10:26:00,25.367097050341425,85.20086024362925,0,47.47950944816867,10,1,0,normal
2026-01-02 10:27:00,39.194325026882176,74.94460437977935,1,62.66496432586624,10,1,0,normal
2026-01-02 10:28:00,48.53648881659964,87.44372849368142,0,44.36846448832878,10,3,0,normal
2026-01-02 10:29:00,45.55729241344955,102.24249299578861,0,42.042692316143075,10,2,0,normal
2026-01-02 10:30:00,45.792384907547024,90.57184163658481,0,47.25492039336926,10,2,0,normal
2026-01-02 10:31:00,47.41678433083731,92.1431283237941,2,56.5866251096867,10,1,0,normal
2026-01-02 10:32:00,40.53194554576862,84.41024598959946,0,47.81663642965548,10,1,0,normal
2026-01-02 10:33:00,41.183894244433574,57.45267395600597,0,43.56777627291595,10,1,0,normal
2026-01-02 10:34:00,36.2940886273939,64.33000204053135,0,38.71964746097981,10,1,0,normal
2026-01-02 10:35:00,38.1035628638377,86.82313700995765,0,38.3397496991939,10,1,0,normal
2026-01-02 10:36:00,43.69462689862685,79.83591422059871,0,51.24908083424604,10,1,0,normal
2026-01-02 10:37:00,47.223306623012895,86.59764329709242,0,42.6976342084853,10,3,0,normal
2026-01-02 10:38:00,39.163322345914004,105.1463512676611,0,61.05573198486326,10,1,0,normal
2026-01-02 10:39:00,37.29886441089153,90.89053998844001,1,45.672038299851614,10,1,0,normal
2026-01-02 10:40:00,40.003167753139586,98.88329308614232,0,48.90458459049264,10,1,0,normal
2026-01-02 10:41:00,43.607240493574686,81.42022084206096,0,40.56669633078996,10,1,0,normal
2026-01-02 10:42:00,31.33687110319875,67.8917648377334,0,38.420849401607256,10,3,0,normal
2026-01-02 10:43:00,26.22291428117657,79.13200761178489,0,51.11051364591811,10,1,0,normal
2026-01-02 10:44:00,36.6967789030505,67.92872279421293,0,54.56511041679735,10,2,0,normal
2026-01-02 10:45:00,32.67572544451505,103.37442435158673,0,37.04986367867146,10,2,0,normal
2026-01-02 10:46:00,36.951158814116134,91.85586614803205,0,39.12027237164477,10,1,0,normal
2026-01-02 10:47:00,39.11331808709517,87.8076874494242,0,39.72889603246968,10,1,0,normal
2026-01-02 10:48:00,37.28050954586192,98.53914803342155,0,50.413112233571916,10,1,0,normal
2026-01-02 10:49:00,48.71480520682447,49.69915378215162,0,47.89394113381968,10,1,0,normal
2026-01-02 10:50:00,41.96046858761392,88.82206927013989,0,44.20587297294393,10,2,0,normal
2026-01-02 10:51:00,41.80284615766497,60.34031323543441,0,38.76083179382241,10,1,0,normal
2026-01-02 10:52:00,43.73324286426041,79.89116452301508,0,57.863307463703705,10,1,0,normal
2026-01-02 10:53:00,33.16700129331539,75.32438611299179,0,52.82081318918295,10,1,0,normal
2026-01-02 10:54:00,46.234670724521614,89.92604918145422,0,29.036950802007176,10,1,0,normal
2026-01-02 10:55:00,39.54541428078724,83.42280933441432,0,51.853755344483695,10,3,0,normal
2026-01-02 10:56:00,44.02288370344728,100.17675760417683,1,42.69063105080855,10,1,0,normal
2026-01-02 10:57:00,33.568856601759066,70.9715425860108,0,40.187967311564535,10,1,0,normal
2026-01-02 10:58:00,30.677447403903614,90.63671584449926,0,51.129792756309826,10,1,0,normal
2026-01-02 10:59:00,44.90733794815017,82.43334825348248,37,47.80797387362159,1,1,1,brute_force_login
2026-01-02 11:00:00,42.2584571565851,55.470645948926716,0,45.7119767062408,11,1,0,normal
2026-01-02 11:01:00,34.58769067385494,66.2207531221545,0,37.80530393925917,11,3,0,normal
2026-01-02 11:02:00,34.78202151235183,77.75182949716748,1,53.1176803758962,11,2,0,normal
2026-01-02 11:03:00,46.752608706488616,96.68438674837591,0,35.10872749352025,11,1,0,normal
2026-01-02 11:04:00,32.863528642796034,86.95584586335671,0,51.19302201196934,11,2,0,normal
2026-01-02 11:05:00,49.85603771953578,62.487487641789286,0,45.717708681936834,11,2,0,normal
2026-01-02 11:06:00,34.59627559211279,77.8952565792926,0,44.71423418145186,11,2,0,normal
2026-01-02 11:07:00,43.830351553650296,110.26709673189545,0,40.59071672520351,11,1,0,normal
2026-01-02 11:08:00,38.02828914550609,81.66835002261287,2,46.31747309240597,11,1,0,normal
2026-01-02 11:09:00,43.61912458649406,75.09011637391407,1,33.99504581423211,11,2,0,normal
2026-01-02 11:10:00,36.73531598731484,87.3760946113433,0,54.87714249798307,11,1,0,normal
2026-01-02 11:11:00,39.023242563566235,91.45089619372955,20,41.77600013734852,4,1,1,brute_force_login
2026-01-02 11:12:00,40.24551505237433,73.15747478779912,0,172.11115477680244,11,8,1,credential_stuffing
2026-01-02 11:13:00,33.98687526531116,87.53862161557156,1,43.42564457016368,11,1,0,normal
2026-01-02 11:14:00,44.44494607252076,75.06665754993786,0,42.01100689835247,11,2,0,normal
2026-01-02 11:15:00,36.92071860117049,90.78991402744157,0,54.947218737198796,11,1,0,normal
2026-01-02 11:16:00,38.62840050795989,82.54539736956926,0,31.133093095314397,11,2,0,normal
2026-01-02 11:17:00,34.03390375234893,87.22951740579339,0,44.406358071754745,11,1,0,normal
2026-01-02 11:18:00,24.625998047228137,68.61224680748744,1,57.66196366493256,11,1,0,normal
2026-01-02 11:19:00,38.853833424398985,67.68070423890711,2,45.54623522104687,11,1,0,normal
2026-01-02 11:20:00,54.475692529677495,94.18245956989092,0,46.50759074887467,11,2,0,normal
2026-01-02 11:21:00,44.70762572738814,78.80905427921759,0,44.77456591741955,11,1,0,normal
2026-01-02 11:22:00,39.884437721593635,84.27552113149042,1,39.80741171809405,11,1,0,normal
2026-01-02 11:23:00,38.42265502475039,75.4040685937022,0,49.32145267308714,11,1,0,normal
2026-01-02 11:24:00,40.13479535687228,93.48090161020465,0,43.46651484414113,11,1,0,normal
2026-01-02 11:25:00,43.28271469105126,70.88285029955513,0,46.12622183642022,11,1,0,normal
2026-01-02 11:26:00,97.75110377991842,77.96598140148676,0,49.3922908730816,11,1,1,crypto_mining
2026-01-02 11:27:00,46.68593016801323,91.78989219054698,0,48.53567152552353,11,1,0,normal
2026-01-02 11:28:00,44.292287892647465,97.59451548746398,0,45.77496405642027,11,1,0,normal
2026-01-02 11:29:00,44.309114354247605,72.14361063459975,0,52.188486692514886,11,1,0,normal
2026-01-02 11:30:00,42.630854432858364,109.39525972933825,0,53.093457301750504,11,1,0,normal
2026-01-02 11:31:00,40.11769994616394,84.69862540540424,0,51.27788069736332,11,3,0,normal
2026-01-02 11:32:00,44.03716741580092,64.35607607286893,0,53.44241723948424,11,1,0,normal
2026-01-02 11:33:00,43.550884802448266,85.53578072884952,0,55.84607595239684,11,1,0,normal
2026-01-02 11:34:00,37.87575573435386,74.25501178274814,0,35.349177905455186,11,2,0,normal
2026-01-02 11:35:00,36.55838936261859,86.51102730774765,0,67.061807636824,11,2,0,normal
2026-01-02 11:36:00,40.61113777157192,79.35715628509493,0,46.25188831063692,11,1,0,normal
2026-01-02 11:37:00,49.294120908971124,81.11410535285218,0,43.0552089652944,11,2,0,normal
2026-01-02 11:38:00,32.5653575460766,66.32609935120782,0,46.34868774171854,11,2,0,normal
2026-01-02 11:39:00,31.19484840548536,94.8509184607454,1,33.19449704626685,11,1,0,normal
2026-01-02 11:40:00,40.9885650474191,62.65808949273452,0,46.87243907414721,11,1,0,normal
2026-01-02 11:41:00,40.305326211136105,63.36852656892508,1,38.65515981084343,11,1,0,normal
2026-01-02 11:42:00,41.04004998622245,85.5104052372123,0,45.581138200059584,11,3,0,normal
2026-01-02 11:43:00,41.463719187451005,104.04266370766955,0,46.158617886873515,11,3,0,normal
2026-01-02 11:44:00,38.66078647219117,74.71110354403389,1,40.258974057542154,11,4,0,normal
2026-01-02 11:45:00,48.939180631612494,90.51458484055948,0,30.57062917519096,11,1,0,normal
2026-01-02 11:46:00,90.8537899122872,96.10010265295318,0,47.18968175934357,11,1,1,crypto_mining
2026-01-02 11:47:00,35.02901785131852,92.22026655941104,1,44.991597781420474,11,1,0,normal
2026-01-02 11:48:00,39.38047143910572,75.33187566239478,0,46.53877573383847,11,1,0,normal
2026-01-02 11:49:00,30.140867133074998,63.634299242088886,0,41.627940819973524,11,1,0,normal
2026-01-02 11:50:00,38.94487357340757,46.886786514929675,0,39.74465102975401,11,1,0,normal
2026-01-02 11:51:00,49.96882099436811,76.0573925080641,0,43.27923879919359,11,2,0,normal
2026-01-02 11:52:00,40.12531892977577,97.67131052843263,1,46.11320671241827,11,1,0,normal
2026-01-02 11:53:00,41.3842054343121,63.13751022857099,35,50.38937480702605,1,1,1,brute_force_login
2026-01-02 11:54:00,32.43901140896452,90.50314771278148,0,38.51858399960346,11,1,0,normal
2026-01-02 11:55:00,36.30183155176314,65.74771204922192,0,51.32921220883849,11,4,0,normal
2026-01-02 11:56:00,37.74882171805638,81.59108864580257,0,50.23077276248258,11,3,0,normal
2026-01-02 11:57:00,38.0937094194626,90.61687421232527,1,49.16488104641205,11,1,0,normal
2026-01-02 11:58:00,47.689862770022614,70.10756844742359,0,59.64204151150586,11,1,0,normal
2026-01-02 11:59:00,43.346146364350744,82.55727021045371,0,30.92484041138386,11,1,0,normal
2026-01-02 12:00:00,33.33125225837781,73.77362994912006,0,60.60485021748809,12,1,0,normal
2026-01-02 12:01:00,41.47902867059203,90.57722988407265,0,39.77069722347783,12,1,0,normal
2026-01-02 12:02:00,42.98933049098071,83.52975752726955,0,46.93240540613706,12,1,0,normal
2026-01-02 12:03:00,46.8408942311276,80.84761511643902,0,45.352422758009254,12,4,0,normal
2026-01-02 12:04:00,49.483244119410244,103.37524940212967,0,34.2943881589208,12,1,0,normal
2026-01-02 12:05:00,33.90943484903279,89.93459213552453,0,49.23207456327782,12,1,0,normal
2026-01-02 12:06:00,35.13485493273797,69.64472200810566,0,51.910092163026015,12,1,0,normal
2026-01-02 12:07:00,32.4545328465123,78.71204148803358,1,48.377652515699836,12,1,0,normal
2026-01-02 12:08:00,38.59588084535811,78.86151822380509,1,33.1852132835421,12,1,0,normal
2026-01-02 12:09:00,42.798150246678006,81.20479358937818,0,35.078668344819846,12,3,0,normal
2026-01-02 12:10:00,45.92400709953461,117.86763914911242,1,39.4217245537497,12,3,0,normal
2026-01-02 12:11:00,39.54429385814486,85.56277839066496,0,55.18207754141526,12,1,0,normal
2026-01-02 12:12:00,38.08091486047093,49.46146144842836,0,45.768961427438626,12,1,0,normal
2026-01-02 12:13:00,40.91054795349244,71.85801542424552,0,28.994640077237996,12,2,0,normal
2026-01-02 12:14:00,34.98914259021986,51.014418687562866,0,61.51459352981102,12,1,0,normal
2026-01-02 12:15:00,52.53723233016864,75.0530261443124,0,57.00194624355498,12,1,0,normal
2026-01-02 12:16:00,30.35403383729165,50.19034655410357,0,36.306079426964985,12,2,0,normal
2026-01-02 12:17:00,41.108443473374344,66.92614293397358,0,41.72576126607737,12,1,0,normal
2026-01-02 12:18:00,52.141637315377835,57.1891770554882,0,42.70942740372052,12,1,0,normal
2026-01-02 12:19:00,40.040799067359984,85.76240266951217,0,49.18525550218803,12,2,0,normal
2026-01-02 12:20:00,38.85976578999103,80.00809043943318,0,46.59102409518962,12,1,0,normal
2026-01-02 12:21:00,37.855327463137435,84.54443461248097,1,39.54961169075014,12,1,0,normal
2026-01-02 12:22:00,38.917649909425556,78.4317291714721,0,55.48881313823052,12,2,0,normal
2026-01-02 12:23:00,48.23709084805918,59.085533746933734,1,58.95182353726781,12,1,0,normal
2026-01-02 12:24:00,26.72882853202296,87.70282053882103,0,44.60439425299288,12,1,0,normal
2026-01-02 12:25:00,49.200602207777955,108.83336840404179,2,40.410316772078076,12,3,0,normal
2026-01-02 12:26:00,31.45625708529913,86.1381886790982,0,57.76096334880012,12,1,0,normal
2026-01-02 12:27:00,38.40008602459351,73.6111310102365,0,27.444344671568125,12,3,0,normal
2026-01-02 12:28:00,37.424533478208026,58.57899235841832,2,37.845141231585266,12,1,0,normal
2026-01-02 12:29:00,43.531319618624316,66.37899543860053,0,52.83492488322252,12,1,0,normal
2026-01-02 12:30:00,30.411253888697516,86.79559484858089,1,56.13234920330321,12,1,0,normal
2026-01-02 12:31:00,42.77303599649166,96.09677040199063,0,42.443784605154015,12,2,0,normal
2026-01-02 12:32:00,52.145857739721116,83.91299262082964,0,63.24238110934898,12,1,0,normal
2026-01-02 12:33:00,31.820955972443137,91.99830934558975,0,25.44336878612066,12,1,0,normal
2026-01-02 12:34:00,41.138237005662376,90.61517366040864,2,53.757859466626826,12,2,0,normal
2026-01-02 12:35:00,36.02810693322034,87.59801587078877,0,45.69132250716961,12,2,0,normal
2026-01-02 12:36:00,42.55532323715821,70.12289607108116,0,41.10678990971837,12,2,0,normal
2026-01-02 12:37:00,40.11488666449451,82.60885267962729,1,52.02219809223051,12,1,0,normal
2026-01-02 12:38:00,36.151078545734144,67.27433294176792,0,41.87833387673116,12,1,0,normal
2026-01-02 12:39:00,42.92723370922644,80.26143429437153,0,36.30372328366227,12,1,0,normal
2026-01-02 12:40:00,50.82608865872046,84.96295296600368,0,45.92358788935601,12,1,0,normal
2026-01-02 12:41:00,38.85457724963621,105.18175711080282,0,44.56647369521816,12,1,0,normal
2026-01-02 12:42:00,44.318547652889094,60.35402038448552,1,38.75553169957967,12,1,0,normal
2026-01-02 12:43:00,32.24036225277302,87.22261446486958,0,40.414796874385196,12,1,0,normal
2026-01-02 12:44:00,34.261381739091945,102.21854887435393,0,41.69565996815207,12,1,0,normal
2026-01-02 12:45:00,42.834437667282266,91.38271648758194,0,31.990014498359912,12,1,0,normal
2026-01-02 12:46:00,48.90469617121579,92.49418164237562,0,31.474521558460346,12,1,0,normal
2026-01-02 12:47:00,42.13368009271396,88.81542352801718,0,52.464715450198504,12,3,0,normal
2026-01-02 12:48:00,38.121651816861075,99.47501734663125,1,33.60984589323472,12,1,0,normal
2026-01-02 12:49:00,39.995748432540125,63.68782747831448,0,44.85757039406598,12,1,0,normal
2026-01-02 12:50:00,32.497553596181696,59.2111000104463,0,30.045575612718153,12,1,0,normal
2026-01-02 12:51:00,43.6270919581322,79.90498789302116,1,57.04912407690932,12,1,0,normal
2026-01-02 12:52:00,45.293998373940454,47.582568446424354,1,42.84263142343349,12,2,0,normal
2026-01-02 12:53:00,37.28745800300152,98.45968706267017,0,53.94172106304471,12,4,0,normal
2026-01-02 12:54:00,37.17974711344299,98.31072793243162,0,61.915295525522325,12,2,0,normal
2026-01-02 12:55:00,41.59526937791229,73.4997416737321,1,34.6894068848479,12,1,0,normal
2026-01-02 12:56:00,37.37968158375643,74.43844105009235,0,39.553924852863005,12,1,0,normal
2026-01-02 12:57:00,39.60320431224507,78.91478787273994,0,51.976114683876645,12,1,0,normal
2026-01-02 12:58:00,52.598330734999095,80.78030975659429,0,39.93679734453863,12,1,0,normal
2026-01-02 12:59:00,38.51784579552402,81.90760878791428,0,47.32295238693253,12,1,0,normal
2026-01-02 13:00:00,37.84995908787267,88.37348160317455,0,45.82061852502676,13,1,0,normal
2026-01-02 13:01:00,36.11474916618904,77.41060470487282,0,26.256846286702004,13,3,0,normal
2026-01-02 13:02:00,44.46515182899962,94.1478995521669,0,52.54935374740292,13,2,0,normal
2026-01-02 13:03:00,38.912654960691384,86.68921665687955,0,43.90283873313949,13,2,0,normal
2026-01-02 13:04:00,36.10376177007144,70.89554831191046,0,35.447787094801114,13,1,0,normal
2026-01-02 13:05:00,47.927824193638074,100.02669001706147,0,57.37473353315248,13,2,0,normal
2026-01-02 13:06:00,48.517618027081824,59.6261452081627,0,39.37694756141818,13,1,0,normal
2026-01-02 13:07:00,36.39745860556777,78.61751283767785,0,38.937392806976476,13,1,0,normal
2026-01-02 13:08:00,28.800760291836305,94.50376101613202,0,30.593209303084315,13,1,0,normal
2026-01-02 13:09:00,46.04508213902153,69.15390342631783,0,49.76032298175251,13,3,0,normal
2026-01-02 13:10:00,35.892221045439975,84.64333470150727,0,45.33987037418164,13,1,0,normal
2026-01-02 13:11:00,44.74375359497661,88.15009395498572,0,31.094464136192755,13,1,0,normal
2026-01-02 13:12:00,28.179377093728988,67.09214198028141,0,46.96501431377775,13,1,0,normal
2026-01-02 13:13:00,45.35558402979586,78.91283420608947,0,51.6202968087408,13,1,0,normal
2026-01-02 13:14:00,32.73296842431532,77.65244254686185,0,48.69707395119658,13,2,0,normal
2026-01-02 13:15:00,44.384584714399146,71.7239322225156,0,55.59768357648524,13,1,0,normal
2026-01-02 13:16:00,40.08563840701861,114.52512278076162,0,40.16540672162573,13,2,0,normal
2026-01-02 13:17:00,34.27636348362013,68.55340469831786,0,59.14176845954231,13,3,0,normal
2026-01-02 13:18:00,37.55778212243932,95.07395441101825,0,45.02915011601401,13,1,0,normal
2026-01-02 13:19:00,44.117910741740204,74.10798474678288,1,51.403962452056234,13,1,0,normal
2026-01-02 13:20:00,40.63536671869141,63.700457166720774,1,55.22100603335595,13,1,0,normal
2026-01-02 13:21:00,43.50647788283491,81.54221364732604,1,66.19681710958332,13,1,0,normal
2026-01-02 13:22:00,51.858643507092914,89.7364007658125,1,36.35066005750508,13,1,0,normal
2026-01-02 13:23:00,30.614550329733692,93.80764362598518,0,39.08455724202548,13,1,0,normal
2026-01-02 13:24:00,49.70327544981174,103.43397665982604,0,46.51888974054707,13,1,0,normal
2026-01-02 13:25:00,40.62613562513928,124.1786943490265,2,42.03312591185549,13,2,0,normal
2026-01-02 13:26:00,34.60729571006123,83.75771305633396,15,38.58572353864737,4,1,1,brute_force_login
2026-01-02 13:27:00,32.01811824556606,70.05361739261919,0,32.80124663540995,13,2,0,normal
2026-01-02 13:28:00,38.8652776553378,86.79311490192337,0,46.006986640160974,13,2,0,normal
2026-01-02 13:29:00,45.529900671546756,76.00680574390263,0,51.363866330792675,13,1,0,normal
2026-01-02 13:30:00,39.2347052777348,93.88949194778345,1,47.818042631228614,13,1,0,normal
2026-01-02 13:31:00,49.06692958148409,60.542535554514174,0,31.96094524519452,13,1,0,normal
2026-01-02 13:32:00,31.292945859690647,115.52501813600657,0,32.151069713662295,13,2,0,normal
2026-01-02 13:33:00,39.92746631292367,92.8407214216327,0,45.48965603173818,13,1,0,normal
2026-01-02 13:34:00,32.485639333521284,54.73993973305753,0,43.089208712423286,13,1,0,normal
2026-01-02 13:35:00,42.181791295749804,69.36456646527542,0,42.45727836801746,13,1,0,normal
2026-01-02 13:36:00,45.3213243405838,92.24121566170908,0,42.77927410907989,13,1,0,normal
2026-01-02 13:37:00,37.47542923791368,97.64516084257181,0,41.0146433185333,13,1,0,normal
2026-01-02 13:38:00,24.374716860237193,60.91643559152055,0,46.19060003433722,13,1,0,normal
2026-01-02 13:39:00,41.193688880778964,90.69538775649423,0,53.809797948252154,13,1,0,normal
2026-01-02 13:40:00,42.62043131040106,50.78990191007115,1,37.52636481260425,13,1,0,normal
2026-01-02 13:41:00,42.42576852977019,78.6599620179343,1,48.62279589161641,13,2,0,normal
2026-01-02 13:42:00,47.414693150932926,96.68070263154809,0,45.66153304320973,13,1,0,normal
2026-01-02 13:43:00,33.57367792210571,71.7272640484553,0,30.735198179303936,13,1,0,normal
2026-01-02 13:44:00,44.081296632702696,57.3961655129298,0,39.7548269542697,13,2,0,normal
2026-01-02 13:45:00,47.15504507486785,82.1932219456634,1,45.08084047362278,13,1,0,normal
2026-01-02 13:46:00,29.328474495960897,70.92921700046783,0,62.31514930660113,13,1,0,normal
2026-01-02 13:47:00,41.91791095551386,89.44337549098753,0,39.19855294114721,13,2,0,normal
2026-01-02 13:48:00,36.974921013953974,66.7201035167291,22,40.11797471886451,3,1,1,brute_force_login
2026-01-02 13:49:00,39.51086396139012,68.4104466552035,0,48.30525751884228,13,1,0,normal
2026-01-02 13:50:00,42.08605890123002,49.684965186856346,0,44.09379339550868,13,1,0,normal
2026-01-02 13:51:00,37.07662861531868,82.54917066577224,0,34.90643428031021,13,1,0,normal
2026-01-02 13:52:00,35.94575152503033,77.58642592585102,0,31.11986899275083,13,1,0,normal
2026-01-02 13:53:00,40.20491450492815,62.17422993889893,0,30.109099922840258,13,1,0,normal
2026-01-02 13:54:00,33.476524366823185,82.90698070650637,0,51.800205585222244,13,2,0,normal
2026-01-02 13:55:00,33.485049226688886,95.40605450966208,0,36.75634774579372,13,1,0,normal
2026-01-02 13:56:00,44.07623969773902,76.76648084871576,0,63.959239459006966,13,1,0,normal
2026-01-02 13:57:00,33.10723578904806,84.0225042473296,0,40.77493253489527,13,2,0,normal
2026-01-02 13:58:00,43.99787500545527,84.09966874377746,0,51.17180640655634,13,1,0,normal
2026-01-02 13:59:00,42.775547757123704,61.93505259231559,0,35.706000587560474,13,1,0,normal
2026-01-02 14:00:00,29.64515962725642,110.84878731061394,1,46.51921620037465,14,1,0,normal
2026-01-02 14:01:00,35.93461208598607,72.93725254816574,0,56.30794125770326,14,1,0,normal
2026-01-02 14:02:00,47.16465641828424,89.84174302790406,1,42.20143914611254,14,1,0,normal
2026-01-02 14:03:00,34.11300681316191,91.53822915843574,0,36.31525371265646,14,2,0,normal
2026-01-02 14:04:00,37.21357442614367,77.90607309326373,0,42.021602641571846,14,1,0,normal
2026-01-02 14:05:00,42.772365359511376,89.10192537589452,0,43.2701954419916,14,1,0,normal
2026-01-02 14:06:00,44.70034305569557,83.68728832724584,0,37.11452126396683,14,2,0,normal
2026-01-02 14:07:00,38.49076668373303,58.73540364158891,0,58.22364742111565,14,2,0,normal
2026-01-02 14:08:00,36.41493883185015,75.01590948124867,0,45.15002180808536,14,1,0,normal
2026-01-02 14:09:00,48.534219170191044,70.81173646468908,0,55.241903139655534,14,1,0,normal
2026-01-02 14:10:00,50.43339798278547,73.07382437980809,0,53.59505876735007,14,1,0,normal
2026-01-02 14:11:00,45.87314830469077,60.43995233245043,0,58.60962901958654,14,1,0,normal
2026-01-02 14:12:00,40.511908855390146,96.89650575119046,0,34.92741729884908,14,1,0,normal
2026-01-02 14:13:00,35.15040567015444,104.0298898192012,0,50.156397807097605,14,1,0,normal
2026-01-02 14:14:00,35.01733356066061,94.67004463997613,1,40.96936577131863,14,1,0,normal
2026-01-02 14:15:00,43.135084631594545,99.05793836220714,0,43.86346869099397,14,1,0,normal
2026-01-02 14:16:00,42.5103893253321,74.83047744487766,2,36.352748781622125,14,3,0,normal
2026-01-02 14:17:00,48.409591557678574,70.45614747520945,0,63.60054865433581,14,1,0,normal
2026-01-02 14:18:00,43.90270055521683,68.32119429782432,0,39.118590971929,14,3,0,normal
2026-01-02 14:19:00,30.98151818944109,89.66097384435834,1,50.22236626851578,14,1,0,normal
2026-01-02 14:20:00,46.311685706337514,83.40594579716225,0,34.71486031328656,14,3,0,normal
2026-01-02 14:21:00,34.011636236113524,78.84167432602361,0,42.96433229139267,14,3,0,normal
2026-01-02 14:22:00,37.69617236828589,99.42722816293015,0,53.48475339634611,14,1,0,normal
2026-01-02 14:23:00,41.501201237510166,86.07412030723015,1,47.778740067698095,14,1,0,normal
2026-01-02 14:24:00,51.974004938703786,67.42013543719123,0,37.46676215262092,14,1,0,normal
2026-01-02 14:25:00,58.65951133603217,69.78636756296459,0,39.27923222492929,14,1,0,normal
2026-01-02 14:26:00,43.640338354817096,90.22989948881218,0,46.302359844362755,14,1,0,normal
2026-01-02 14:27:00,38.900820287677675,95.62599278981895,0,44.86168802098234,14,1,0,normal
2026-01-02 14:28:00,43.2070338908833,88.27520348383955,0,34.495943494628946,14,3,0,normal
2026-01-02 14:29:00,45.325932555243014,108.45333121808122,1,41.951665839379125,14,1,0,normal
2026-01-02 14:30:00,38.07599424665685,104.52510748597129,0,43.83253668686747,14,4,0,normal
2026-01-02 14:31:00,50.77126813547393,86.61553752276144,1,49.54720206858448,14,2,0,normal
2026-01-02 14:32:00,41.380424555148416,67.42129010777747,1,53.10445590457723,14,1,0,normal
2026-01-02 14:33:00,42.98645853454836,60.35018732402349,0,50.36913281690741,14,2,0,normal
2026-01-02 14:34:00,43.99554551232677,74.18927382477928,0,47.7162937873225,14,2,0,normal
2026-01-02 14:35:00,42.529519663686735,91.29820169624236,1,47.90124228620005,14,1,0,normal
2026-01-02 14:36:00,45.03364300281767,107.39970618967907,0,48.816404767723554,14,1,0,normal
2026-01-02 14:37:00,36.29648088071846,86.261705516162,0,52.65420754961361,14,1,0,normal
2026-01-02 14:38:00,36.65018947632382,97.53084191346855,0,58.53515932545997,14,1,0,normal
2026-01-02 14:39:00,33.39907460216983,76.32038770718296,0,37.21898333350414,14,1,0,normal
2026-01-02 14:40:00,42.63700738372136,89.34153687841325,0,41.41426928237185,14,1,0,normal
2026-01-02 14:41:00,44.67361902107268,92.35035244215759,0,53.084216456052445,14,3,0,normal
2026-01-02 14:42:00,42.746637196911315,50.30608586221207,0,37.0395891406626,14,2,0,normal
2026-01-02 14:43:00,50.04695460008522,73.79841796435235,0,34.6356058554694,14,1,0,normal
2026-01-02 14:44:00,39.96642388702572,94.24550576416804,0,39.86670519108718,14,2,0,normal
2026-01-02 14:45:00,44.012449933555075,84.11702503454848,0,45.5882006206742,14,1,0,normal
2026-01-02 14:46:00,33.44979474316411,62.052274277736004,0,41.17285418126678,14,1,0,normal
2026-01-02 14:47:00,37.67740178515359,43.54816436408966,1,47.95630013378229,14,1,0,normal
2026-01-02 14:48:00,44.17322654539466,74.51328882046991,0,42.72615385510841,14,1,0,normal
2026-01-02 14:49:00,45.094612664458865,78.92621460659181,0,42.23865175535097,14,1,0,normal
2026-01-02 14:50:00,38.236198314014906,66.74115575257483,1,31.647438446452,14,2,0,normal
2026-01-02 14:51:00,39.5704044888516,82.14627405541992,0,49.79023704865355,14,1,0,normal
2026-01-02 14:52:00,30.892757519915143,87.59580120849341,1,49.895377784656354,14,2,0,normal
2026-01-02 14:53:00,37.85782479516034,90.06030756089349,0,43.50399860294562,14,1,0,normal
2026-01-02 14:54:00,45.34229898111872,44.66121612601517,0,46.19197057574697,14,1,0,normal
2026-01-02 14:55:00,43.4512300966394,60.285723532878194,1,46.17508775355027,14,1,0,normal
2026-01-02 14:56:00,43.003994328287256,75.43066027467897,0,53.410935492207,14,2,0,normal
2026-01-02 14:57:00,40.29864212308576,88.58259696556195,0,46.781993934309945,14,1,0,normal
2026-01-02 14:58:00,40.04237895176906,87.33851020325054,0,34.31655521922421,14,2,0,normal
2026-01-02 14:59:00,36.03807316315932,87.07804921815014,1,60.263735413094466,14,1,0,normal
2026-01-02 15:00:00,44.19297052121521,74.24873087046602,0,55.31166912239078,15,1,0,normal
2026-01-02 15:01:00,42.525837666336336,75.08549844035059,1,45.39766515642649,15,1,0,normal
2026-01-02 15:02:00,42.952113087956796,69.07506097367389,0,46.23885156699469,15,1,0,normal
2026-01-02 15:03:00,36.84379094399452,91.52291192158772,0,47.31435040717369,15,2,0,normal
2026-01-02 15:04:00,27.079942480772534,66.19266818390633,0,38.83464415320932,15,2,0,normal
2026-01-02 15:05:00,46.582916270522176,92.75054592784355,0,53.919034138215956,15,1,0,normal
2026-01-02 15:06:00,37.126975263949575,83.11779857206469,0,53.08437140854495,15,1,0,normal
2026-01-02 15:07:00,34.82334541574127,79.3243328231727,0,44.30817063170284,15,4,0,normal
2026-01-02 15:08:00,44.16087347148396,70.14934400335301,0,50.379098316957084,15,3,0,normal
2026-01-02 15:09:00,37.647924160485225,59.666872082538106,0,53.3467738864863,15,2,0,normal
2026-01-02 15:10:00,46.359618304279735,859.7481084838115,0,46.81608425968574,15,1,1,data_exfiltration
2026-01-02 15:11:00,43.70203569746018,832.9308711715239,0,36.753338198181766,15,1,1,data_exfiltration
2026-01-02 15:12:00,44.101415939202866,44.464635326281226,0,50.48628585533307,15,2,0,normal
2026-01-02 15:13:00,31.804265732796793,877.407931437368,0,45.45094371492854,15,1,1,data_exfiltration
2026-01-02 15:14:00,47.2716639123184,93.86536052039008,2,36.242044838636644,15,2,0,normal
2026-01-02 15:15:00,41.56750318740313,88.50826858150809,2,53.2789781278885,15,3,0,normal
2026-01-02 15:16:00,37.78433716452278,72.55691186387739,0,46.89594448870791,15,1,0,normal
2026-01-02 15:17:00,40.860330804053504,80.70404447622842,1,43.16388210351467,15,3,0,normal
2026-01-02 15:18:00,29.34258860261008,71.65753145867001,0,61.5764312872125,15,3,0,normal
2026-01-02 15:19:00,42.45191686888403,82.23141100003544,0,40.63894922340498,15,2,0,normal
2026-01-02 15:20:00,33.82377095090757,103.10161735616047,0,37.45696352901476,15,2,0,normal
2026-01-02 15:21:00,31.88397828493879,94.52748203937314,0,46.25178587280634,15,1,0,normal
2026-01-02 15:22:00,30.865844882692652,87.81191458539129,0,43.759118777023666,15,3,0,normal
2026-01-02 15:23:00,46.676130249939554,72.60672631424423,0,40.53073797420458,15,1,0,normal
2026-01-02 15:24:00,36.22441963784327,91.24907589417258,0,56.27017126800206,15,2,0,normal
2026-01-02 15:25:00,49.202366259498994,54.6968457294042,1,36.022043726430766,15,3,0,normal
2026-01-02 15:26:00,36.78519122168621,76.21469777013664,0,47.47806787390456,15,1,0,normal
2026-01-02 15:27:00,29.75585225444232,88.75567129735924,0,45.69859883585696,15,2,0,normal
2026-01-02 15:28:00,33.30085336030805,91.10631821071627,0,44.91179088540748,15,2,0,normal
2026-01-02 15:29:00,47.41486972004163,90.04826735323611,1,54.24297829288309,15,3,0,normal
2026-01-02 15:30:00,39.06461093237999,84.42246033814541,0,61.43263364589876,15,1,0,normal
2026-01-02 15:31:00,36.7102762210564,77.06412531374176,0,45.002392529829045,15,1,0,normal
2026-01-02 15:32:00,40.96010935511673,88.06963954739733,0,52.10544498509476,15,2,0,normal
2026-01-02 15:33:00,43.01069641700527,65.7070843912055,0,45.326026688549064,15,2,0,normal
2026-01-02 15:34:00,46.70439289541476,67.32984105060125,0,45.63078765479976,15,1,0,normal
2026-01-02 15:35:00,48.69099537935756,80.92602014690445,0,48.610885752290876,15,1,0,normal
2026-01-02 15:36:00,37.84138812526548,82.5979646406312,0,46.3481616425729,15,1,0,normal
2026-01-02 15:37:00,32.04371388350777,52.6157723215303,1,37.709192925929315,15,2,0,normal
2026-01-02 15:38:00,37.519209033260346,86.82719571424278,0,55.6496818645219,15,3,0,normal
2026-01-02 15:39:00,41.56168303949732,91.5909256687909,1,48.59573157197492,15,1,0,normal
2026-01-02 15:40:00,34.21744644273633,78.84072143800557,0,44.62631711393197,15,1,0,normal
2026-01-02 15:41:00,34.25709451062974,115.61699424925988,1,39.98824902357773,15,1,0,normal
2026-01-02 15:42:00,42.06272728929931,69.75597340527221,0,47.33591615234304,15,3,0,normal
2026-01-02 15:43:00,39.708085890577294,74.58369254919695,0,43.05475945776637,15,1,0,normal
2026-01-02 15:44:00,40.196781972469516,74.07399640809186,0,46.45735488843438,15,1,0,normal
2026-01-02 15:45:00,35.44902799179958,78.85718583063473,0,43.488929940071756,15,1,0,normal
2026-01-02 15:46:00,38.61759571476539,75.06912780550563,0,38.35146082702316,15,1,0,normal
2026-01-02 15:47:00,34.454601134390174,58.89784183092692,0,57.88309598884507,15,2,0,normal
2026-01-02 15:48:00,45.34119046674872,71.80177555645287,1,37.44964487606731,15,1,0,normal
2026-01-02 15:49:00,46.211496008342515,78.53568956338886,0,38.75391412147288,15,1,0,normal
2026-01-02 15:50:00,28.922872826571435,98.42858123092996,0,50.42532818900028,15,1,0,normal
2026-01-02 15:51:00,34.42293483884554,113.03364910059369,0,47.47822133812978,15,3,0,normal
2026-01-02 15:52:00,31.020824469459527,100.03210846775983,1,50.28581476182607,15,1,0,normal
2026-01-02 15:53:00,36.09985639355861,68.3693145549109,0,49.025119733850396,15,1,0,normal
2026-01-02 15:54:00,39.49937218125783,69.56285584060751,0,38.97571317238892,15,1,0,normal
2026-01-02 15:55:00,31.302128681808817,77.61007133735974,0,50.35970902510551,15,3,0,normal
2026-01-02 15:56:00,34.46884112124812,106.7683833328038,0,39.85596741132145,15,2,0,normal
2026-01-02 15:57:00,33.976255767511006,77.5186392172716,0,53.43020638554234,15,1,0,normal
2026-01-02 15:58:00,41.243603976393665,60.08738764193854,0,37.01575246422942,15,3,0,normal
2026-01-02 15:59:00,40.4160660222175,72.48234294570447,1,38.65610676903831,15,2,0,normal
2026-01-02 16:00:00,35.66957467997648,91.35584002729125,1,38.88139256797817,16,1,0,normal
2026-01-02 16:01:00,91.94783027311611,90.3491041534413,0,47.48193773857102,16,1,1,crypto_mining
2026-01-02 16:02:00,36.71991949247641,76.99675000262516,0,44.58373694884948,16,1,0,normal
2026-01-02 16:03:00,38.37006933804368,90.25122010340046,0,45.917899163663435,16,1,0,normal
2026-01-02 16:04:00,50.04071254179122,45.90241696179752,1,44.05650958904011,16,3,0,normal
2026-01-02 16:05:00,48.04276631074209,81.55743852549047,0,44.57474522227166,16,2,0,normal
2026-01-02 16:06:00,32.202512578434416,92.91028132052945,0,41.14384372023714,16,1,0,normal
2026-01-02 16:07:00,44.97839450727505,67.50705087268197,1,32.911770492865244,16,1,0,normal
2026-01-02 16:08:00,44.86837932694955,67.45492195255568,2,33.839242344424974,16,1,0,normal
2026-01-02 16:09:00,33.11042026748429,52.00327770854787,0,38.5884616493594,16,3,0,normal
2026-01-02 16:10:00,44.91266586252917,103.84843392216041,0,42.42339139956433,16,1,0,normal
2026-01-02 16:11:00,49.22759151047532,69.1976903446765,0,56.71665847878905,16,1,0,normal
2026-01-02 16:12:00,33.264731162533515,83.61564916793168,0,36.84582123868804,16,1,0,normal
2026-01-02 16:13:00,34.49498307391442,89.05875562225062,0,36.260315205502266,16,1,0,normal
2026-01-02 16:14:00,46.10596880106102,102.6810192371218,0,30.436736851721047,16,2,0,normal
2026-01-02 16:15:00,41.62897186495389,77.69153339021547,1,49.00991092575193,16,1,0,normal
2026-01-02 16:16:00,43.30885765143714,71.90855309332372,0,43.29232351349252,16,3,0,normal
2026-01-02 16:17:00,42.04353529840298,82.5960147285583,0,34.647009424622055,16,1,0,normal
2026-01-02 16:18:00,42.344175525568865,99.26120414813431,0,44.771256856490645,16,1,0,normal
2026-01-02 16:19:00,32.0411672301335,77.44741202898824,0,40.33342135146709,16,1,0,normal
2026-01-02 16:20:00,46.283906239728694,65.67696377623885,0,171.23551785595174,16,18,1,credential_stuffing
2026-01-02 16:21:00,47.017539954566644,56.888632875269565,0,39.635972199980536,16,1,0,normal
2026-01-02 16:22:00,38.62365553559184,713.7086326232647,0,58.58497706482478,16,1,1,data_exfiltration
2026-01-02 16:23:00,39.739138301116824,92.96587246109998,1,46.377817059691395,16,1,0,normal
2026-01-02 16:24:00,92.62392114705877,75.19063285539782,0,41.840926669256795,16,1,1,crypto_mining
2026-01-02 16:25:00,43.085528536107006,70.88718635118934,2,42.94429062719593,16,3,0,normal
2026-01-02 16:26:00,43.43234465028486,69.26049165224086,0,47.345861652665214,16,1,0,normal
2026-01-02 16:27:00,39.626853898004136,81.27568790300273,0,42.854583145464176,16,1,0,normal
2026-01-02 16:28:00,46.74612015922302,76.40817359351624,0,37.59492693058466,16,2,0,normal
2026-01-02 16:29:00,37.995536614120354,75.9030178442112,1,50.04739400314283,16,2,0,normal
2026-01-02 16:30:00,43.3876355553616,100.23985891716109,0,52.932152509682005,16,1,0,normal
2026-01-02 16:31:00,33.88201396784731,103.0702442279245,0,53.21741999578573,16,1,0,normal
2026-01-02 16:32:00,39.85868709475457,55.84967490636505,0,43.71781429743931,16,1,0,normal
2026-01-02 16:33:00,38.95387445258299,84.91389096714437,0,53.7347534546209,16,3,0,normal
2026-01-02 16:34:00,41.35184753224565,68.34706852067912,0,47.52379959768478,16,2,0,normal
2026-01-02 16:35:00,37.782838426999845,76.2762332920836,0,42.65842081155285,16,1,0,normal
2026-01-02 16:36:00,94.75279267890981,84.63917577690042,1,40.511897223615634,16,1,1,crypto_mining
2026-01-02 16:37:00,44.95628302864904,76.80920124603621,0,52.36537287124654,16,1,0,normal
2026-01-02 16:38:00,37.379414576570696,83.4568982094145,1,31.53691545930599,16,1,0,normal
2026-01-02 16:39:00,30.360537395567924,90.09455309047877,0,56.10998169638873,16,1,0,normal
2026-01-02 16:40:00,50.49750342523252,84.4186520081048,0,46.00797927381906,16,1,0,normal
2026-01-02 16:41:00,48.28872447214292,70.29745543748565,0,40.22387524499178,16,1,0,normal
2026-01-02 16:42:00,32.246423829366286,70.56200589544514,0,39.28114215769902,16,2,0,normal
2026-01-02 16:43:00,44.138246831471164,58.40442055072947,1,41.453983532910804,16,1,0,normal
2026-01-02 16:44:00,36.982151376691945,67.19119553718923,0,50.64725551598263,16,1,0,normal
2026-01-02 16:45:00,41.58092329198636,109.43102542847792,0,47.492690156383894,16,1,0,normal
2026-01-02 16:46:00,41.765344774080965,68.11994638857134,0,41.328216069526235,16,1,0,normal
2026-01-02 16:47:00,38.59355319810207,62.0993178133427,1,40.67306954547752,16,1,0,normal
2026-01-02 16:48:00,35.29740600648162,84.7989179276716,0,47.51230176249487,16,1,0,normal
2026-01-02 16:49:00,35.856753686102444,78.3445286106221,0,66.94919567191236,16,3,0,normal
2026-01-02 16:50:00,34.502848507112546,77.06610144726162,0,66.86755307765516,16,1,0,normal
2026-01-02 16:51:00,35.00906675061733,101.13568949618136,0,53.40954980424738,16,3,0,normal
2026-01-02 16:52:00,39.59693025970387,88.23690013337547,0,38.80425331091552,16,2,0,normal
2026-01-02 16:53:00,35.70544006533549,72.05010602444787,0,51.03256748924837,16,1,0,normal
2026-01-02 16:54:00,44.09231239427572,73.6328612361233,1,39.046944758233145,16,1,0,normal
2026-01-02 16:55:00,48.92347693201556,72.46120229141472,0,43.169010095030075,16,1,0,normal
2026-01-02 16:56:00,36.51968055177974,93.12109432370386,0,55.92511860058201,16,2,0,normal
2026-01-02 16:57:00,41.43642700321226,75.37778555820294,0,43.0473491034777,16,1,0,normal
2026-01-02 16:58:00,42.998110661817606,53.10269746318774,0,42.73738606166788,16,2,0,normal
2026-01-02 16:59:00,42.83201362551564,79.27520481898483,1,40.95405409478409,16,3,0,normal
2026-01-02 17:00:00,40.455731607496524,56.944609983081065,0,38.46314773691478,17,1,0,normal
2026-01-02 17:01:00,44.45609451015834,112.76345902632352,1,42.90513711819075,17,1,0,normal
2026-01-02 17:02:00,42.893493716083945,65.51498129229154,0,50.92343213799113,17,1,0,normal
2026-01-02 17:03:00,32.57402546603621,77.57202851963405,0,50.414991861756874,17,1,0,normal
2026-01-02 17:04:00,45.21493638633564,83.87304102051705,0,47.35059042010275,17,1,0,normal
2026-01-02 17:05:00,45.32374502360045,75.67012758981156,0,54.41105221344371,17,2,0,normal
2026-01-02 17:06:00,35.42028337492851,75.64954397800712,0,31.20371453789318,17,2,0,normal
2026-01-02 17:07:00,40.22762701268561,86.32740929241315,0,45.42059325106221,17,1,0,normal
2026-01-02 17:08:00,44.099973956866414,102.89323938194418,0,275.6443621321582,17,15,1,credential_stuffing
2026-01-02 17:09:00,38.74411708252383,91.51263622725946,1,60.87491106135352,17,1,0,normal
2026-01-02 17:10:00,46.43786828659607,102.17770817860314,0,42.95140890114796,17,3,0,normal
2026-01-02 17:11:00,54.18323496771616,64.30071337859746,0,50.93306062495462,17,1,0,normal
2026-01-02 17:12:00,35.284083804190104,84.76043949883042,0,52.97823141335029,17,4,0,normal
2026-01-02 17:13:00,31.71373238107735,82.32869078087418,0,42.013250761571456,17,2,0,normal
2026-01-02 17:14:00,41.822911573629256,85.26636937515102,0,52.43708002796675,17,1,0,normal
2026-01-02 17:15:00,44.329375030756864,100.64347955953359,0,53.33865109409714,17,2,0,normal
2026-01-02 17:16:00,38.614801756931385,76.68816275311919,0,51.318326920562825,17,3,0,normal
2026-01-02 17:17:00,92.65429671984694,73.91744950168868,1,40.8227224191234,17,1,1,crypto_mining
2026-01-02 17:18:00,31.968365201660507,88.00971196127996,2,33.554757220792595,17,1,0,normal
2026-01-02 17:19:00,44.15751173818967,53.32695908651229,0,62.10732200803896,17,1,0,normal
2026-01-02 17:20:00,36.36483507544664,76.44721926316733,0,42.67392261033437,17,2,0,normal
2026-01-02 17:21:00,50.31626743724378,77.98703466071821,0,53.03476928457479,17,1,0,normal
2026-01-02 17:22:00,51.95509211900871,66.19462075539612,0,41.282640771371746,17,1,0,normal
2026-01-02 17:23:00,35.40006047329992,95.85588517034866,0,61.782536787267716,17,1,0,normal
2026-01-02 17:24:00,36.70265718454852,64.06639523985073,0,41.01362682906454,17,4,0,normal
2026-01-02 17:25:00,45.15752732187881,77.96190427454306,0,45.80462436272525,17,2,0,normal
2026-01-02 17:26:00,37.677216101262914,84.39735837984452,1,63.576136320653404,17,2,0,normal
2026-01-02 17:27:00,39.72753269240657,100.30177342214178,0,32.213430496663605,17,1,0,normal
2026-01-02 17:28:00,40.15233052325446,79.8416534767872,0,54.64950030165572,17,2,0,normal
2026-01-02 17:29:00,28.48196106281406,94.04230391192316,1,44.79777580898638,17,1,0,normal
2026-01-02 17:30:00,39.91697352343458,90.50893095915691,1,50.66126438262573,17,2,0,normal
2026-01-02 17:31:00,35.861633355614956,81.85186334253714,1,42.21597903561994,17,2,0,normal
2026-01-02 17:32:00,37.04126306560137,63.657298875898164,0,58.08827890484898,17,1,0,normal
2026-01-02 17:33:00,48.66179202081288,58.48128708643476,0,38.50466309643103,17,1,0,normal
2026-01-02 17:34:00,32.46095863432446,81.5975810212878,0,45.297338125037484,17,1,0,normal
2026-01-02 17:35:00,44.879231120487866,71.8595468914608,0,52.48339690258359,17,1,0,normal
2026-01-02 17:36:00,38.32622241800915,93.78891637521937,0,38.43668737680077,17,1,0,normal
2026-01-02 17:37:00,38.32143898902499,91.18784777147866,0,46.019140940433616,17,1,0,normal
2026-01-02 17:38:00,44.742231376310265,77.23083508344425,0,36.798862195867045,17,1,0,normal
2026-01-02 17:39:00,42.040307767413346,62.63430614088096,0,41.784699785806474,17,1,0,normal
2026-01-02 17:40:00,43.423677983317184,87.6610332441091,0,65.99640082918751,17,4,0,normal
2026-01-02 17:41:00,45.809107963197164,64.73075830797275,0,55.73221016952204,17,1,0,normal
2026-01-02 17:42:00,38.01214970090006,68.62304115603703,0,50.329374957932245,17,1,0,normal
2026-01-02 17:43:00,36.3265795929535,65.30876392677268,0,47.95389455409047,17,1,0,normal
2026-01-02 17:44:00,33.48909684065321,77.9224846709007,0,32.473821291427875,17,4,0,normal
2026-01-02 17:45:00,35.04753682012627,97.55288501105842,2,43.50515353601482,17,1,0,normal
2026-01-02 17:46:00,57.69456655185235,79.92438694664708,0,52.3783711092079,17,2,0,normal
2026-01-02 17:47:00,47.46807748442072,73.35171961358456,0,41.46209713107184,17,1,0,normal
2026-01-02 17:48:00,31.89355380275187,590.0079924230113,0,47.88450401388436,17,1,1,data_exfiltration
2026-01-02 17:49:00,32.06525225953858,88.28186877094764,0,273.1618377624005,17,18,1,credential_stuffing
2026-01-02 17:50:00,42.89119637031095,68.29393091107059,0,36.297607420693396,17,1,0,normal
2026-01-02 17:51:00,43.2835887842678,81.76276428737145,0,63.24982473121038,17,2,0,normal
2026-01-02 17:52:00,43.293303011904186,74.68672076125038,0,62.032991220084,17,2,0,normal
2026-01-02 17:53:00,38.47026523867781,92.57265829399157,1,44.31570706940026,17,1,0,normal
2026-01-02 17:54:00,39.2472744399826,77.64145411957172,1,38.77493651006166,17,1,0,normal
2026-01-02 17:55:00,41.96727714495614,79.11610468215423,33,37.46233536662538,4,1,1,brute_force_login
2026-01-02 17:56:00,40.51535803775998,87.2862072118319,0,48.21297058153569,17,1,0,normal
2026-01-02 17:57:00,26.68419776351479,111.60410273394778,0,60.4775922851489,17,1,0,normal
2026-01-02 17:58:00,38.62120221654884,93.32670395537832,1,39.40952165289069,17,1,0,normal
2026-01-02 17:59:00,34.89156139443812,78.67090840477086,0,46.59322263937507,17,1,0,normal
2026-01-02 18:00:00,41.05126851345107,80.04796985922933,0,46.18984841371012,18,1,0,normal
2026-01-02 18:01:00,57.91155401562046,72.12710809513348,0,58.325395350785755,18,2,0,normal
2026-01-02 18:02:00,42.20488999284583,65.75006444720458,0,47.245327067609274,18,1,0,normal
2026-01-02 18:03:00,38.11882188296561,71.70873819400518,0,33.8312082400958,18,2,0,normal
2026-01-02 18:04:00,45.53080901186351,68.41776554432086,0,51.02057196309223,18,1,0,normal
2026-01-02 18:05:00,42.89612732325528,89.80052575693828,1,46.36798198729232,18,1,0,normal
2026-01-02 18:06:00,42.52056694271105,63.93207713196521,0,38.062852753232036,18,1,0,normal
2026-01-02 18:07:00,43.641103559294024,99.99815842070066,1,53.480555651946005,18,3,0,normal
2026-01-02 18:08:00,52.33926138897725,91.28069575428245,0,42.49718947642659,18,1,0,normal
2026-01-02 18:09:00,33.214669388044506,80.30752594051502,0,47.66759644695235,18,1,0,normal
2026-01-02 18:10:00,42.841792460868724,80.00477917197603,0,46.15588797499996,18,2,0,normal
2026-01-02 18:11:00,34.44171322011077,71.6407803557817,1,42.61108189546148,18,4,0,normal
2026-01-02 18:12:00,43.33307587805349,84.05126617021646,0,38.5067861893506,18,1,0,normal
2026-01-02 18:13:00,34.48788093108343,96.32138694812883,0,49.47651682311951,18,2,0,normal
2026-01-02 18:14:00,37.49579911836949,69.4526530661628,0,35.2383046324953,18,1,0,normal
2026-01-02 18:15:00,38.229460514572565,56.99911866621905,0,52.4274504421577,18,1,0,normal
2026-01-02 18:16:00,45.85490031606825,90.54827382285116,2,38.16877837356151,18,1,0,normal
2026-01-02 18:17:00,45.51072666365448,84.865489613657,1,35.68122359362633,18,1,0,normal
2026-01-02 18:18:00,32.52569574132169,63.197017978382306,0,56.21875881931301,18,3,0,normal
2026-01-02 18:19:00,40.32960466599909,68.99912943628823,0,45.751581435513025,18,2,0,normal
2026-01-02 18:20:00,35.742520871504965,67.1134358892479,1,29.76645085049404,18,1,0,normal
2026-01-02 18:21:00,32.44897053594799,69.13201596448627,1,44.89769873614774,18,4,0,normal
2026-01-02 18:22:00,38.697897697453776,75.14475868938219,0,49.890361785701046,18,1,0,normal
2026-01-02 18:23:00,38.14910326926508,76.00179043578879,0,50.10892418110596,18,1,0,normal
2026-01-02 18:24:00,54.56029891807313,70.2380951739731,1,38.80976194164539,18,1,0,normal
2026-01-02 18:25:00,42.59775895216418,68.62754270750108,1,39.94338894509689,18,1,0,normal
2026-01-02 18:26:00,31.734294995474578,76.56823484120928,0,46.305344280963354,18,1,0,normal
2026-01-02 18:27:00,36.611355974974344,82.51537302289341,1,53.308178832878056,18,2,0,normal
2026-01-02 18:28:00,46.12829977257639,75.25555195452733,1,34.478646892640455,18,1,0,normal
2026-01-02 18:29:00,52.53065663721955,97.38000535011952,0,34.93520862576655,18,1,0,normal
2026-01-02 18:30:00,30.48410012657225,87.6213157163118,0,55.96641185268008,18,2,0,normal
2026-01-02 18:31:00,28.72045368916573,56.13731214711956,1,54.74115273988707,18,3,0,normal
2026-01-02 18:32:00,51.22579105223069,87.8559164812078,0,37.461215322569224,18,1,0,normal
2026-01-02 18:33:00,42.337685064225425,89.08315973878373,0,41.90004805658022,18,1,0,normal
2026-01-02 18:34:00,34.790243608741804,73.47897547813713,0,61.863296778956865,18,1,0,normal
2026-01-02 18:35:00,43.20777451673461,57.572036190452664,0,52.04143165162835,18,1,0,normal
2026-01-02 18:36:00,24.185513565898734,80.12100139116704,0,44.60518091528636,18,2,0,normal
2026-01-02 18:37:00,40.02025303958297,79.88437022776634,1,54.14026664391384,18,1,0,normal
2026-01-02 18:38:00,41.96692703705851,63.175306452002076,0,41.140131163325705,18,2,0,normal
2026-01-02 18:39:00,45.54562083722698,58.231711756100964,24,46.26207113663064,3,1,1,brute_force_login
2026-01-02 18:40:00,33.916624286244776,78.6866968031984,0,42.52071130045662,18,3,0,normal
2026-01-02 18:41:00,40.51412296842015,76.50384211923767,1,50.66102828242243,18,1,0,normal
2026-01-02 18:42:00,34.44745224364247,73.7410195201641,0,50.61697082190619,18,1,0,normal
2026-01-02 18:43:00,41.532302534045904,78.74883897880159,1,46.78507219194446,18,2,0,normal
2026-01-02 18:44:00,34.627922065821856,63.45835439269521,1,49.03276539714741,18,3,0,normal
2026-01-02 18:45:00,37.551394965038675,73.47769080700829,1,54.09399098212813,18,2,0,normal
2026-01-02 18:46:00,34.02510763125863,87.99987545921522,0,48.730125738487295,18,1,0,normal
2026-01-02 18:47:00,43.90681745094194,74.75044879473067,0,46.80440382222609,18,2,0,normal
2026-01-02 18:48:00,45.15070669993999,54.92041292311172,0,48.413723643695924,18,1,0,normal
2026-01-02 18:49:00,38.592276580255515,72.90961583414642,0,54.69787892681844,18,2,0,normal
2026-01-02 18:50:00,40.22942796976017,63.947623047397094,1,37.60691258697914,18,1,0,normal
2026-01-02 18:51:00,31.308451512198737,84.00704444692596,0,48.32633384724334,18,1,0,normal
2026-01-02 18:52:00,38.201940111959274,84.78256105070638,1,29.904148817762994,18,2,0,normal
2026-01-02 18:53:00,39.69877229774953,55.11838062370954,0,42.73699023472849,18,2,0,normal
2026-01-02 18:54:00,55.72475854617985,91.38519455873283,1,60.08023689604641,18,2,0,normal
2026-01-02 18:55:00,33.32819784535502,63.31720548082163,1,38.676926246381484,18,1,0,normal
2026-01-02 18:56:00,48.785063432514626,103.38773435723527,0,31.948323520178526,18,1,0,normal
2026-01-02 18:57:00,45.981152640794846,79.26835603249074,0,295.859119153624,18,11,1,credential_stuffing
2026-01-02 18:58:00,41.68381842694082,875.269471487662,0,50.70027039528234,18,1,1,data_exfiltration
2026-01-02 18:59:00,50.5517229051708,62.87020893960978,1,43.94819858436401,18,1,0,normal
2026-01-02 19:00:00,27.232632835641176,55.22142937681017,0,11.949326337055217,19,1,0,normal
2026-01-02 19:01:00,27.334955174007572,44.130501651524334,0,29.66242424552074,19,3,0,normal
2026-01-02 19:02:00,24.68127608189473,48.55019135572789,0,23.41812096160464,19,1,0,normal
2026-01-02 19:03:00,32.34141329451177,74.19170349045558,1,10.747134001052931,19,1,0,normal
2026-01-02 19:04:00,31.578815402865303,39.51133903656387,1,18.226788125005175,19,1,0,normal
2026-01-02 19:05:00,21.245936275022725,50.8994428654356,0,37.0611642536265,19,1,0,normal
2026-01-02 19:06:00,17.084516832407395,71.2976673105958,0,17.523081204546813,19,1,0,normal
2026-01-02 19:07:00,23.782116175626058,54.057702131996,1,6.4476724375244885,19,1,0,normal
2026-01-02 19:08:00,20.199768613614122,25.90095896962991,0,23.760712225172075,19,1,0,normal
2026-01-02 19:09:00,24.61885255230787,57.58083517598205,0,23.060992992232475,19,1,0,normal
2026-01-02 19:10:00,32.424628808104835,32.55495713324834,0,30.661241565782255,19,1,0,normal
2026-01-02 19:11:00,22.25619006947926,71.10211293099448,0,16.865416109428516,19,2,0,normal
2026-01-02 19:12:00,24.743059712130552,37.656985925030334,0,23.533481625328175,19,1,0,normal
2026-01-02 19:13:00,25.348136408850372,94.54264261618496,0,21.97235282978336,19,2,0,normal
2026-01-02 19:14:00,30.090585293231708,72.01063982491517,0,19.949318209138735,19,2,0,normal
2026-01-02 19:15:00,11.518663996092368,38.050811455580316,1,22.5892867551208,19,1,0,normal
2026-01-02 19:16:00,21.35979823140822,50.300207075024154,0,24.815772007902837,19,2,0,normal
2026-01-02 19:17:00,26.267702153676836,61.304664224501956,0,24.402550955401125,19,1,0,normal
2026-01-02 19:18:00,32.200473738561165,61.75490711340062,0,27.34425478982049,19,1,0,normal
2026-01-02 19:19:00,22.048585314962768,56.63504389964296,0,1.7637975627150233,19,1,0,normal
2026-01-02 19:20:00,13.740683763748756,68.78238555449165,0,8.035943114876014,19,1,0,normal
2026-01-02 19:21:00,92.7944567757218,48.15546580048446,0,21.706858291978232,19,1,1,crypto_mining
2026-01-02 19:22:00,21.187825667046223,44.4992349713595,0,20.926900170319755,19,1,0,normal
2026-01-02 19:23:00,17.862000045457833,44.79704018113084,0,11.86615126824944,19,3,0,normal
2026-01-02 19:24:00,21.253927661720656,62.87559847958191,3,17.320959717883273,19,1,0,normal
2026-01-02 19:25:00,23.892847854064904,55.47771560453969,0,13.388063420571484,19,1,0,normal
2026-01-02 19:26:00,21.37153201277072,54.36925498535385,1,24.701534934822604,19,1,0,normal
2026-01-02 19:27:00,11.766603657405586,61.92851373885773,0,12.867204998383931,19,2,0,normal
2026-01-02 19:28:00,30.382397181322794,19.234213882192176,0,21.717577997630983,19,1,0,normal
2026-01-02 19:29:00,32.649250247672335,54.65103235812725,0,28.20069846858931,19,2,0,normal
2026-01-02 19:30:00,28.909131948037036,53.278533333105734,1,13.032418635730993,19,2,0,normal
2026-01-02 19:31:00,18.1738859774511,75.03212121951057,1,9.275720419970467,19,1,0,normal
2026-01-02 19:32:00,23.79105079631489,27.071180266044994,0,13.909632776175773,19,1,0,normal
2026-01-02 19:33:00,24.960872108623253,73.35779948565137,0,13.039829460026297,19,3,0,normal
2026-01-02 19:34:00,28.59276633737146,51.13113693386999,0,20.322632381851985,19,1,0,normal
2026-01-02 19:35:00,29.010042932308487,57.334842959900676,0,6.389185163179915,19,1,0,normal
2026-01-02 19:36:00,20.594957207329024,75.13878181414066,0,32.848672541151956,19,1,0,normal
2026-01-02 19:37:00,25.491973338481362,58.4114190200836,0,9.949784279862271,19,1,0,normal
2026-01-02 19:38:00,27.743682427691446,56.00552434193841,1,9.20666647879383,19,1,0,normal
2026-01-02 19:39:00,33.7349339328806,53.634367787034776,0,20.490989421435593,19,3,0,normal
2026-01-02 19:40:00,29.22703923894834,42.74782797508435,0,19.016187352084227,19,2,0,normal
2026-01-02 19:41:00,29.734340124253116,49.572663132344104,0,30.97026964747138,19,2,0,normal
2026-01-02 19:42:00,25.502959767576165,39.26730850815877,0,17.80957732213216,19,1,0,normal
2026-01-02 19:43:00,33.46275487122102,49.33149650861777,1,17.719833126201724,19,1,0,normal
2026-01-02 19:44:00,27.458576775756985,14.961039544173552,0,25.181189016349144,19,1,0,normal
2026-01-02 19:45:00,19.833472538958578,56.435593513513226,0,27.57980851655182,19,2,0,normal
2026-01-02 19:46:00,33.42021982075114,48.17394119324562,0,4.441841625197007,19,1,0,normal
2026-01-02 19:47:00,29.187419635234164,44.95694394999853,0,20.523740254717772,19,1,0,normal
2026-01-02 19:48:00,22.341735873229105,53.296371259102145,1,37.240590934125095,19,1,0,normal
2026-01-02 19:49:00,22.12304219560454,28.49654115551839,0,15.013146429479967,19,2,0,normal
2026-01-02 19:50:00,26.77945327084457,78.93904994931924,0,21.201622954400204,19,1,0,normal
2026-01-02 19:51:00,27.779108771605507,48.458488077686006,0,28.15771851974467,19,4,0,normal
2026-01-02 19:52:00,26.183753593787237,47.81233350541716,0,23.890040595080603,19,2,0,normal
2026-01-02 19:53:00,26.867852040657308,35.519056848006166,0,11.593334600435533,19,1,0,normal
2026-01-02 19:54:00,35.199744247458284,50.35919573673892,36,19.460740434810038,1,1,1,brute_force_login
2026-01-02 19:55:00,31.429258913409313,70.8043983540992,1,10.080813587671807,19,1,0,normal
2026-01-02 19:56:00,26.143813547590145,65.53874314148051,0,11.44927749727339,19,1,0,normal
2026-01-02 19:57:00,30.647863484604898,62.81656626710834,0,28.870855185636934,19,1,0,normal
2026-01-02 19:58:00,18.804856578834762,58.195984275009074,0,26.84956935529129,19,2,0,normal
2026-01-02 19:59:00,27.38756229968085,44.62186208656085,0,34.28732040459241,19,2,0,normal
2026-01-02 20:00:00,35.855838098398664,28.247552494449472,1,27.390148093589683,20,1,0,normal
2026-01-02 20:01:00,97.23526507176885,46.98441842200047,0,18.864054931994644,20,1,1,crypto_mining
2026-01-02 20:02:00,19.914196428285493,46.461928031994844,0,11.88665411085589,20,1,0,normal
2026-01-02 20:03:00,21.087466668441635,65.73191659506861,0,31.17795585246445,20,1,0,normal
2026-01-02 20:04:00,18.46220177594567,54.640856636897304,0,25.00707745741544,20,1,0,normal
2026-01-02 20:05:00,20.29142855123378,74.18467291855322,0,26.39841209465249,20,5,0,normal
2026-01-02 20:06:00,22.776951408459826,67.96232810057262,0,24.586270902766103,20,1,0,normal
2026-01-02 20:07:00,16.56659788492815,43.15256585743857,0,29.49049238601293,20,1,0,normal
2026-01-02 20:08:00,25.09371000369762,23.073062050701974,1,7.810050543141678,20,2,0,normal
2026-01-02 20:09:00,30.413663042719882,685.9016948600477,0,10.28892034841315,20,5,1,data_exfiltration
2026-01-02 20:10:00,19.553462919118477,70.39077834846117,0,13.025590716653905,20,1,0,normal
2026-01-02 20:11:00,34.115703541850614,29.506826136466607,0,22.91280060884812,20,1,0,normal
2026-01-02 20:12:00,28.064752531165567,72.63860029741251,0,16.34172274720244,20,1,0,normal
2026-01-02 20:13:00,31.183483513744342,55.731757558887765,0,29.02586555498729,20,1,0,normal
2026-01-02 20:14:00,21.05299267688718,52.4102824718848,0,19.866810427909936,20,1,0,normal
2026-01-02 20:15:00,30.127151362399694,74.22174881370991,1,38.54979861983285,20,1,0,normal
2026-01-02 20:16:00,18.448396597628122,70.17027759845922,39,33.70953134914605,3,1,1,brute_force_login
2026-01-02 20:17:00,30.341485005019052,59.76996427992806,0,21.113236580272453,20,1,0,normal
2026-01-02 20:18:00,26.031036038761187,57.09825598717975,0,9.134297398338743,20,2,0,normal
2026-01-02 20:19:00,28.319507319908702,59.245914357955385,0,25.51224941022611,20,1,0,normal
2026-01-02 20:20:00,17.94643236625089,43.99913849176211,0,11.093669500097182,20,1,0,normal
2026-01-02 20:21:00,19.629580946340372,49.17347825401519,0,12.203993478908252,20,2,0,normal
2026-01-02 20:22:00,28.583369309520307,36.46524268108186,0,16.847979975213185,20,1,0,normal
2026-01-02 20:23:00,19.309911974654796,45.00440336391622,1,218.50618339064215,20,14,1,credential_stuffing
2026-01-02 20:24:00,27.77923775259474,44.500491819966,0,24.421030807388146,20,1,0,normal
2026-01-02 20:25:00,16.797173161238526,40.47041945567503,0,22.619089524024275,20,1,0,normal
2026-01-02 20:26:00,30.089045276000007,52.05119753972695,0,11.926283952946589,20,2,0,normal
2026-01-02 20:27:00,17.604860111388945,45.14028723949134,1,17.634312426715436,20,1,0,normal
2026-01-02 20:28:00,28.313799626077138,57.53352080527961,0,9.121587062006704,20,1,0,normal
2026-01-02 20:29:00,28.753785601876004,25.66519080059352,1,23.214862709085523,20,1,0,normal
2026-01-02 20:30:00,20.81936908942255,48.29967808839051,1,5.118598769905681,20,1,0,normal
2026-01-02 20:31:00,28.49215940250836,51.973274602662435,0,18.12209746388899,20,1,0,normal
2026-01-02 20:32:00,26.562653580001335,45.340561402446795,0,14.831927134618727,20,2,0,normal
2026-01-02 20:33:00,21.76694886284357,47.41410950286153,0,24.363818277115723,20,2,0,normal
2026-01-02 20:34:00,18.948671895542752,26.22130983905214,0,13.528356577376845,20,1,0,normal
2026-01-02 20:35:00,13.224245849964525,55.34715657004238,0,13.200147345979063,20,1,0,normal
2026-01-02 20:36:00,27.09790028379816,59.71408973850606,1,23.1714113742744,20,4,0,normal
2026-01-02 20:37:00,15.61118337182767,57.4030594130565,1,23.596755804386127,20,1,0,normal
2026-01-02 20:38:00,25.57206519664785,65.58090589163274,0,11.628983525792352,20,1,0,normal
2026-01-02 20:39:00,23.419310703506504,53.02294408673753,0,24.71010695085871,20,1,0,normal
2026-01-02 20:40:00,29.074856652629173,57.18021770976406,0,39.65378061697871,20,1,0,normal
2026-01-02 20:41:00,23.187727003060814,52.341361076852785,0,16.227798152759497,20,1,0,normal
2026-01-02 20:42:00,23.023313281917453,60.31326079388741,0,10.172229866227354,20,3,0,normal
2026-01-02 20:43:00,29.391224225729772,26.34155545801817,0,20.443559961646525,20,1,0,normal
2026-01-02 20:44:00,27.010348174504706,36.59628548032984,1,8.94600370871616,20,1,0,normal
2026-01-02 20:45:00,26.89693574309667,73.80349485549637,0,17.930104785369643,20,1,0,normal
2026-01-02 20:46:00,27.81560553885116,13.093462668556924,0,15.959638602532774,20,1,0,normal
2026-01-02 20:47:00,15.786567260757366,47.89733105261984,0,25.538176479398523,20,1,0,normal
2026-01-02 20:48:00,98.10192779165146,67.58412439412102,1,5.949437862913175,20,3,1,crypto_mining
2026-01-02 20:49:00,28.674812764081615,48.60109001687353,1,7.369095714807148,20,1,0,normal
2026-01-02 20:50:00,18.89990122854102,43.924833928239536,0,23.054121889783666,20,1,0,normal
2026-01-02 20:51:00,23.535517157954793,51.9413251522295,3,24.33948974898469,20,1,0,normal
2026-01-02 20:52:00,24.764156274234214,44.7031972999633,0,2.8230873347613823,20,3,0,normal
2026-01-02 20:53:00,24.193019293589604,50.46274239135409,0,32.16655747929724,20,4,0,normal
2026-01-02 20:54:00,93.10016111139933,39.749284452198054,1,27.00527022438452,20,1,1,crypto_mining
2026-01-02 20:55:00,33.5882006909871,66.63011629933587,1,14.62754378621728,20,2,0,normal
2026-01-02 20:56:00,31.490600366036972,71.34897381598492,0,20.764525854830218,20,3,0,normal
2026-01-02 20:57:00,17.126684839411563,47.99914516832566,0,4.2330534163787945,20,1,0,normal
2026-01-02 20:58:00,28.73241994183629,29.202658689631352,0,25.63371761531124,20,1,0,normal
2026-01-02 20:59:00,32.973599917212454,42.14235244529907,0,13.229863825062242,20,1,0,normal
2026-01-02 21:00:00,27.320851124135217,566.3857435663028,1,17.15239424389822,21,1,1,data_exfiltration
2026-01-02 21:01:00,31.545882551115803,57.583083153548124,0,19.120913988818064,21,1,0,normal
2026-01-02 21:02:00,37.07362267420459,34.87980165243983,0,29.66595990987875,21,2,0,normal
2026-01-02 21:03:00,31.14225727664189,38.462565220367736,0,23.73864658154035,21,2,0,normal
2026-01-02 21:04:00,26.495851573850373,57.66014206788211,0,17.123650980777825,21,1,0,normal
2026-01-02 21:05:00,31.27053084450852,64.08363248059337,1,15.285851793155894,21,4,0,normal
2026-01-02 21:06:00,25.869326998581347,40.676089322439736,0,21.80354900331402,21,2,0,normal
2026-01-02 21:07:00,25.143418259709733,30.00174419073506,1,19.31589571573337,21,1,0,normal
2026-01-02 21:08:00,22.891514585717605,99.26177301931827,0,18.065297400342295,21,1,0,normal
2026-01-02 21:09:00,34.38048015299265,61.7495635563307,0,20.0480061390779,21,1,0,normal
2026-01-02 21:10:00,20.089428004347994,45.994943573494524,0,17.83649175006875,21,3,0,normal
2026-01-02 21:11:00,34.1942063480687,63.0354691329626,0,7.477697917558844,21,2,0,normal
2026-01-02 21:12:00,27.999184742442228,48.13315055428367,0,19.539611239052803,21,3,0,normal
2026-01-02 21:13:00,16.60416295118835,63.007353336502796,1,19.825992284204865,21,1,0,normal
2026-01-02 21:14:00,27.20589575794853,52.39089796664333,0,21.064651576712443,21,3,0,normal
2026-01-02 21:15:00,12.399840954090255,51.3690784725136,0,11.972953796625287,21,1,0,normal
2026-01-02 21:16:00,28.753048100986213,48.29627197653817,0,13.60080246786185,21,2,0,normal
2026-01-02 21:17:00,30.311388897933945,28.28927999805365,0,33.11368746089385,21,1,0,normal
2026-01-02 21:18:00,21.44586426608768,79.0714234908971,1,14.075186830593204,21,1,0,normal
2026-01-02 21:19:00,25.741286175733492,35.87699119598385,20,24.073715705839785,3,3,1,brute_force_login
2026-01-02 21:20:00,36.72494460250172,29.599646355341083,1,13.62506791197844,21,1,0,normal
2026-01-02 21:21:00,21.96551977442838,46.80710175865449,0,4.8712539387821305,21,1,0,normal
2026-01-02 21:22:00,18.646554477660395,35.577922797342396,0,19.168802300791466,21,1,0,normal
2026-01-02 21:23:00,33.88998041477559,49.224308141595934,0,24.902361450037528,21,1,0,normal
2026-01-02 21:24:00,36.77552314318477,60.31645772842653,0,17.330173088830357,21,1,0,normal
2026-01-02 21:25:00,25.022174031087083,64.92954350793835,0,4.030304019609391,21,1,0,normal
2026-01-02 21:26:00,31.068778212450137,62.220960824325225,0,2.1338235698825834,21,1,0,normal
2026-01-02 21:27:00,33.048855493185286,45.415519178214794,0,29.228814478454815,21,1,0,normal
2026-01-02 21:28:00,20.545094604769695,50.74387741492379,0,19.885959917542998,21,2,0,normal
2026-01-02 21:29:00,22.08816498779279,56.118185763462364,0,24.857222492004134,21,1,0,normal
2026-01-02 21:30:00,32.38524707892841,23.633188640868912,0,21.853278683187277,21,1,0,normal
2026-01-02 21:31:00,35.11008567225106,58.558770501797895,0,10.796891327062067,21,2,0,normal
2026-01-02 21:32:00,28.377285161046128,28.14051068624253,0,17.953474365980735,21,1,0,normal
2026-01-02 21:33:00,19.721113878987673,80.60519898359735,0,6.423986638720994,21,5,0,normal
2026-01-02 21:34:00,36.922366670196645,43.93227373037457,0,27.566370769753185,21,4,0,normal
2026-01-02 21:35:00,21.814174613128213,47.22687234208113,0,22.554285873255914,21,2,0,normal
2026-01-02 21:36:00,22.98917331297129,38.45439351143217,0,25.92511671622827,21,1,0,normal
2026-01-02 21:37:00,27.05402700693773,40.550449522164655,0,30.325374364603153,21,1,0,normal
2026-01-02 21:38:00,34.324962524288644,84.11140353714859,1,17.14923317494992,21,2,0,normal
2026-01-02 21:39:00,30.12385585931334,64.10554532934947,3,14.068704596088521,21,1,0,normal
2026-01-02 21:40:00,27.48919300217146,26.761963322782425,0,19.153098207398717,21,2,0,normal
2026-01-02 21:41:00,27.779731180708637,72.56319351027844,0,30.14094989659353,21,3,0,normal
2026-01-02 21:42:00,25.261088011860796,67.89863412712147,0,7.470098561559807,21,1,0,normal
2026-01-02 21:43:00,28.348837087111036,45.78181306567567,0,20.165444085998406,21,2,0,normal
2026-01-02 21:44:00,9.822639533834181,54.60045413044757,0,26.439719180266483,21,3,0,normal
2026-01-02 21:45:00,23.22035524558121,49.775838808683886,0,22.46382116697707,21,1,0,normal
2026-01-02 21:46:00,26.447931609500685,79.58869856670398,0,28.585114526538305,21,1,0,normal
2026-01-02 21:47:00,18.093915498282957,38.05564716511864,0,7.719692855657474,21,1,0,normal
2026-01-02 21:48:00,27.31793990686936,52.19015914663591,0,28.698275340789955,21,2,0,normal
2026-01-02 21:49:00,23.77317267408327,43.577820035107926,0,15.006290596127345,21,3,0,normal
2026-01-02 21:50:00,35.532854189892944,28.50439393073219,0,3.238898762695282,21,1,0,normal
2026-01-02 21:51:00,34.438118351289134,82.8745738258248,1,17.385536492184595,21,1,0,normal
2026-01-02 21:52:00,22.205166585291025,32.27650131346381,1,13.288616763064695,21,1,0,normal
2026-01-02 21:53:00,24.09497373059983,53.30193781231664,1,18.68733144302451,21,1,0,normal
2026-01-02 21:54:00,24.556314606349645,23.88949090429497,1,7.840654356010388,21,1,0,normal
2026-01-02 21:55:00,22.290043143042265,44.0139419113536,0,19.014476265898093,21,1,0,normal
2026-01-02 21:56:00,26.17014990416876,56.32953232150186,1,15.400750027925971,21,1,0,normal
2026-01-02 21:57:00,20.45030758667446,37.62899030746456,0,35.90337145640476,21,2,0,normal
2026-01-02 21:58:00,18.216307990374844,58.80202776103482,0,21.39038086197498,21,1,0,normal
2026-01-02 21:59:00,28.73626734340161,45.96438362167876,0,168.64415547340562,21,19,1,credential_stuffing
2026-01-02 22:00:00,28.777177505330865,67.4012376859792,0,18.17507776380165,22,2,0,normal
2026-01-02 22:01:00,20.174105442040045,692.6797984765741,0,29.980182597676023,22,1,1,data_exfiltration
2026-01-02 22:02:00,30.372132584575596,41.198828589049825,0,23.88233973721158,22,1,0,normal
2026-01-02 22:03:00,21.21053362500801,51.15099289089435,0,32.10489723119307,22,5,0,normal
2026-01-02 22:04:00,26.51899142822789,52.75181339708349,0,28.43436916858881,22,1,0,normal
2026-01-02 22:05:00,29.922064075674736,59.290239431520476,0,16.918407701655838,22,1,0,normal
2026-01-02 22:06:00,24.798324611777723,50.21572994366399,0,25.83654844816969,22,1,0,normal
2026-01-02 22:07:00,27.728445472846808,52.85316439014263,0,26.512953136271882,22,1,0,normal
2026-01-02 22:08:00,21.90142213667457,46.348902878073204,0,27.557825282354216,22,1,0,normal
2026-01-02 22:09:00,23.821200499431416,51.72859800458028,0,23.211250898346847,22,1,0,normal
2026-01-02 22:10:00,23.76484341471796,69.469102903027,2,9.251893513490879,22,1,0,normal
2026-01-02 22:11:00,20.520529920758566,59.691248618177816,0,19.76635130331902,22,5,0,normal
2026-01-02 22:12:00,23.939355021305307,60.51883459165053,0,20.88886849158366,22,2,0,normal
2026-01-02 22:13:00,15.70829020681752,60.846054862033675,0,20.567955503771895,22,1,0,normal
2026-01-02 22:14:00,22.053077517147372,47.69286833178447,0,29.179088679107796,22,1,0,normal
2026-01-02 22:15:00,23.290747039781976,54.782405653692955,1,14.853967030493328,22,1,0,normal
2026-01-02 22:16:00,23.46292148502772,33.72239482496383,0,21.088798982343246,22,2,0,normal
2026-01-02 22:17:00,23.551015324775328,69.03211484475435,0,19.443356668667057,22,1,0,normal
2026-01-02 22:18:00,24.629414800839225,8.255593514851697,0,25.468180244567627,22,1,0,normal
2026-01-02 22:19:00,90.08060370509284,48.69277411496862,0,34.48117613304076,22,2,1,crypto_mining
2026-01-02 22:20:00,30.247102444795136,67.1134396572541,0,24.980297501959388,22,2,0,normal
2026-01-02 22:21:00,21.1014086389104,29.541980995559875,0,24.44986571993831,22,2,0,normal
2026-01-02 22:22:00,17.780794867665133,55.99669876425277,0,11.841350873312162,22,1,0,normal
2026-01-02 22:23:00,18.74773352654138,39.7885033013146,0,7.651210270617371,22,1,0,normal
2026-01-02 22:24:00,22.076782472830438,44.46795102216697,1,22.04564966736445,22,3,0,normal
2026-01-02 22:25:00,22.888472093100944,64.18911440959157,1,18.50790792451519,22,1,0,normal
2026-01-02 22:26:00,20.380023602815257,52.970853888277254,0,23.68267840638422,22,2,0,normal
2026-01-02 22:27:00,17.223300014500634,19.484661981734558,1,15.096636691648888,22,1,0,normal
2026-01-02 22:28:00,22.26327503515487,35.353616904026026,0,31.223362474850205,22,1,0,normal
2026-01-02 22:29:00,26.08855972068383,64.6300360233314,0,10.43058268308167,22,1,0,normal
2026-01-02 22:30:00,28.57017679501339,56.73414077289496,0,18.431917448055845,22,2,0,normal
2026-01-02 22:31:00,21.655461681350072,76.22203358786427,0,16.86920244986419,22,1,0,normal
2026-01-02 22:32:00,22.522013067139397,75.23971391019946,0,28.78158296287492,22,1,0,normal
2026-01-02 22:33:00,19.439810146916138,44.866323047798126,0,18.151058748723155,22,1,0,normal
2026-01-02 22:34:00,24.811364977751342,87.54856707604233,0,15.375900838700764,22,2,0,normal
2026-01-02 22:35:00,19.909428194855114,50.36719504777866,0,20.645618891328418,22,3,0,normal
2026-01-02 22:36:00,28.4387668794472,35.55997198386462,0,13.68822169116049,22,1,0,normal
2026-01-02 22:37:00,14.284801048395334,40.49540201134134,0,19.82182813320731,22,3,0,normal
2026-01-02 22:38:00,22.842221965285226,16.149123420658718,0,18.962035052745744,22,1,0,normal
2026-01-02 22:39:00,26.806644035150452,74.10528512373921,0,43.11381323800572,22,1,0,normal
2026-01-02 22:40:00,26.103007097935027,73.92142983565796,0,16.300103751797508,22,1,0,normal
2026-01-02 22:41:00,41.158201983882975,34.767388417800184,0,19.28498763047474,22,1,0,normal
2026-01-02 22:42:00,27.098800147407445,807.1452113286477,0,21.745236787366274,22,1,1,data_exfiltration
2026-01-02 22:43:00,18.975672418947937,51.434113161688664,0,22.185240353242598,22,1,0,normal
2026-01-02 22:44:00,24.42721451746556,35.5947042178683,0,28.345316133341335,22,1,0,normal
2026-01-02 22:45:00,14.342521999201288,23.673469530932575,0,35.37003795912226,22,1,0,normal
2026-01-02 22:46:00,24.516401504219434,46.844635943346326,0,13.591572739736467,22,1,0,normal
2026-01-02 22:47:00,20.001663657995447,45.183808558111295,1,23.50917131801849,22,2,0,normal
2026-01-02 22:48:00,30.49234165336097,44.17383138516837,0,18.68470519994065,22,2,0,normal
2026-01-02 22:49:00,21.70275835242679,53.34074093901447,0,22.642750318490716,22,1,0,normal
2026-01-02 22:50:00,24.29940450522852,71.44279487788988,1,28.882988792604188,22,2,0,normal
2026-01-02 22:51:00,21.186652951573578,45.45360920462411,0,33.021333585188565,22,1,0,normal
2026-01-02 22:52:00,35.43310811111999,52.556644980820444,1,26.997142322560062,22,1,0,normal
2026-01-02 22:53:00,23.07254340329253,60.903057856174044,0,22.52250192332164,22,2,0,normal
2026-01-02 22:54:00,35.99534226087521,58.31214389769123,0,28.210704403377704,22,1,0,normal
2026-01-02 22:55:00,29.8849105727096,40.78364713328237,0,13.268829285340615,22,1,0,normal
2026-01-02 22:56:00,27.892400364012317,51.44565684671054,0,14.193709038844393,22,2,0,normal
2026-01-02 22:57:00,27.212398883905117,58.2130973025358,0,21.347567087776717,22,1,0,normal
2026-01-02 22:58:00,27.36278378929751,33.07472993733833,1,29.310210449290018,22,1,0,normal
2026-01-02 22:59:00,13.43396452392634,68.95308516194763,0,17.63505173433,22,1,0,normal
2026-01-02 23:00:00,23.326699635095462,71.47383357821167,0,18.47670500968352,23,1,0,normal
2026-01-02 23:01:00,30.07094782710593,39.1582961683326,1,4.140812650657747,23,1,0,normal
2026-01-02 23:02:00,24.706616899155367,52.90505027522253,1,39.10650011896324,23,1,0,normal
2026-01-02 23:03:00,16.568860919178547,59.63417385006547,1,18.16051653307259,23,2,0,normal
2026-01-02 23:04:00,24.685573296535182,41.81578765506871,1,0.0,23,1,0,normal
2026-01-02 23:05:00,35.224633097532944,57.22420768532142,0,21.336896570481073,23,1,0,normal
2026-01-02 23:06:00,32.481350293208315,52.44883439438248,0,23.783006272438442,23,1,0,normal
2026-01-02 23:07:00,24.62797594380381,27.981227335417987,0,18.16010358798806,23,3,0,normal
2026-01-02 23:08:00,30.708695662348518,56.88741973967837,0,12.718489506127725,23,1,0,normal
2026-01-02 23:09:00,22.80095787779169,33.49786375593446,20,27.182581951920312,2,3,1,brute_force_login
2026-01-02 23:10:00,14.776770479039687,64.08804277493071,0,26.26520912273996,23,1,0,normal
2026-01-02 23:11:00,19.45320407122267,39.93183387299167,0,24.208426026101247,23,1,0,normal
2026-01-02 23:12:00,34.377332611049184,47.58071849508283,0,13.886146263167149,23,1,0,normal
2026-01-02 23:13:00,95.94888195136,70.58418370169862,1,15.129966031053304,23,1,1,crypto_mining
2026-01-02 23:14:00,23.53969612374989,57.445724697932675,1,17.196392243621904,23,1,0,normal
2026-01-02 23:15:00,23.200970822350715,33.807891206381825,0,16.6842276302894,23,1,0,normal
2026-01-02 23:16:00,36.42481953743804,34.776251438013745,0,25.002994047097257,23,1,0,normal
2026-01-02 23:17:00,34.75575349217238,41.01045817064412,0,16.841299818800046,23,1,0,normal
2026-01-02 23:18:00,38.3126814006888,55.91966125034999,1,12.400371801649896,23,1,0,normal
2026-01-02 23:19:00,24.045728737599692,55.374497223991526,0,23.385582614223868,23,1,0,normal
2026-01-02 23:20:00,26.77374693248257,37.353465430056964,0,39.0129332574041,23,1,0,normal
2026-01-02 23:21:00,15.900144703475252,32.49185771578461,0,13.705338311467056,23,1,0,normal
2026-01-02 23:22:00,33.861606556709646,54.22375107628751,0,14.32352438280361,23,1,0,normal
2026-01-02 23:23:00,17.99332269239239,47.272099013147574,1,19.021016121667415,23,1,0,normal
2026-01-02 23:24:00,26.300653382575774,82.35823831171606,1,26.050551525086583,23,1,0,normal
2026-01-02 23:25:00,18.416184834202937,50.54905484844618,0,24.525728070425703,23,1,0,normal
2026-01-02 23:26:00,21.466799039567825,77.21379241550412,0,19.054499171151054,23,1,0,normal
2026-01-02 23:27:00,19.976425413701797,32.444246028434904,0,16.511285181211253,23,3,0,normal
2026-01-02 23:28:00,21.35274843594509,26.401805906574392,0,36.794275310189,23,1,0,normal
2026-01-02 23:29:00,21.76526378110613,33.198723012116986,0,29.151534320346144,23,1,0,normal
2026-01-02 23:30:00,21.710387230449538,67.836946721802,0,33.881820444147834,23,1,0,normal
2026-01-02 23:31:00,30.000003470681843,76.341523845403,0,25.622998959337465,23,1,0,normal
2026-01-02 23:32:00,18.37082324162488,38.267308190710494,0,19.25233109239654,23,1,0,normal
2026-01-02 23:33:00,26.3232485620832,43.091509553606635,0,23.18995395919349,23,1,0,normal
2026-01-02 23:34:00,32.30775491383335,32.465286346812505,2,34.45321539027141,23,2,0,normal
2026-01-02 23:35:00,21.920821812919623,22.82540229322419,0,24.110901363838174,23,2,0,normal
2026-01-02 23:36:00,20.69248665551439,60.77617546664945,0,6.253445834050485,23,2,0,normal
2026-01-02 23:37:00,23.616852248918494,53.345304544432445,0,31.21872522566548,23,1,0,normal
2026-01-02 23:38:00,32.07835125016426,50.15731974010813,0,31.97494638397819,23,2,0,normal
2026-01-02 23:39:00,26.164645785720147,28.9991519425493,0,29.89825908912214,23,1,0,normal
2026-01-02 23:40:00,21.81271423235441,74.59935022742991,0,202.4495392787792,23,12,1,credential_stuffing
2026-01-02 23:41:00,27.903259907128238,42.449648929257904,0,23.095049802364343,23,2,0,normal
2026-01-02 23:42:00,18.38624710098146,58.004396372247136,1,28.203055909110795,23,1,0,normal
2026-01-02 23:43:00,29.088157062657686,28.181578921329134,0,20.127655902252293,23,1,0,normal
2026-01-02 23:44:00,27.451643846210604,47.14212215569944,0,23.047876484979735,23,1,0,normal
2026-01-02 23:45:00,23.153149173166696,54.37061684357876,0,24.479693336079528,23,2,0,normal
2026-01-02 23:46:00,19.968485209316615,54.90612827079961,0,13.388831486004973,23,2,0,normal
2026-01-02 23:47:00,19.679914466299255,52.31972814854937,1,23.76006441529819,23,1,0,normal
2026-01-02 23:48:00,28.20890401807546,624.2895959858639,0,12.114930284375234,23,1,1,data_exfiltration
2026-01-02 23:49:00,32.37388301493437,33.04219315950559,0,19.178447442860662,23,1,0,normal
2026-01-02 23:50:00,21.17615351782723,52.960589081594904,0,15.387874687287683,23,1,0,normal
2026-01-02 23:51:00,27.750320221308904,51.70636525220416,0,27.00314939066267,23,3,0,normal
2026-01-02 23:52:00,12.477837888387587,53.47509026292591,0,25.350567799567933,23,1,0,normal
2026-01-02 23:53:00,21.492293616056802,51.085178259787725,0,24.539032778728764,23,1,0,normal
2026-01-02 23:54:00,24.813646402774587,30.901808391299035,0,22.255323648654212,23,1,0,normal
2026-01-02 23:55:00,19.541899498108997,30.233003718365396,0,23.4873949366856,23,2,0,normal
2026-01-02 23:56:00,19.380961751262426,16.785977211731726,0,36.070594514818744,23,1,0,normal
2026-01-02 23:57:00,20.99332266118668,62.26301764767946,0,30.594636899152746,23,3,0,normal
2026-01-02 23:58:00,26.75315636995824,62.414862646027984,0,12.307290820995128,23,2,0,normal
2026-01-02 23:59:00,23.876025889561753,62.6532543683318,0,15.72695946866936,23,3,0,normal
2026-01-03 00:00:00,11.570612600050168,54.601849436921775,1,18.33093566089558,0,1,0,normal
2026-01-03 00:01:00,12.275799084189604,18.003211734228337,0,18.061202700117658,0,1,0,normal
2026-01-03 00:02:00,21.35880893285695,34.599342623221006,1,13.384197329090846,0,3,0,normal
2026-01-03 00:03:00,27.74611951632131,52.55623126389668,0,24.693521732430774,0,1,0,normal
2026-01-03 00:04:00,8.514970943648592,52.03277004187693,0,19.51151972320745,0,1,0,normal
2026-01-03 00:05:00,22.001618943090214,46.65877680271968,0,21.74020065319623,0,1,0,normal
2026-01-03 00:06:00,21.842512860895475,55.5337580436237,0,6.325346260542494,0,1,0,normal
2026-01-03 00:07:00,33.330026669250685,50.17477561527868,0,7.417281655556726,0,1,0,normal
2026-01-03 00:08:00,22.68986912972282,51.81155698327043,0,15.670444944149487,0,1,0,normal
2026-01-03 00:09:00,27.29793390844557,40.41402000751976,0,24.863618659130736,0,1,0,normal
2026-01-03 00:10:00,25.84754284052478,64.73016479182385,0,23.82421549314744,0,3,0,normal
2026-01-03 00:11:00,12.216601121156796,43.53842586979424,1,28.060099051162886,0,1,0,normal
2026-01-03 00:12:00,29.609243299790425,30.040263754690606,0,14.394001866477641,0,1,0,normal
2026-01-03 00:13:00,26.292379032737728,38.43501480771907,0,25.48542692015897,0,2,0,normal
2026-01-03 00:14:00,28.04961183804754,44.773007129570296,0,32.241807838605666,0,1,0,normal
2026-01-03 00:15:00,48.557426238617964,64.9100418255327,0,27.41283524313998,0,1,0,normal
2026-01-03 00:16:00,12.49532236300847,49.3659800234781,1,9.661049175267934,0,1,0,normal
2026-01-03 00:17:00,35.34817989856665,47.207776715515266,0,28.862726884707104,0,1,0,normal
2026-01-03 00:18:00,23.275314883597865,31.270048628560588,0,22.610365674779537,0,1,0,normal
2026-01-03 00:19:00,26.723973426418056,61.782238847443644,0,23.633189022734626,0,2,0,normal
2026-01-03 00:20:00,24.726926528192546,40.22071768964921,0,39.964633822838756,0,1,0,normal
2026-01-03 00:21:00,22.45458199961174,48.49958211587996,0,21.97269725950033,0,2,0,normal
2026-01-03 00:22:00,21.581002430567448,72.20274615322796,0,25.049689785359362,0,1,0,normal
2026-01-03 00:23:00,26.977052413438056,57.63144996573957,1,20.750291412947014,0,1,0,normal
2026-01-03 00:24:00,15.896957819969925,25.576189284272385,1,18.053898784746877,0,1,0,normal
2026-01-03 00:25:00,29.503475005130593,23.45734645471292,0,22.91664409680558,0,3,0,normal
2026-01-03 00:26:00,22.502833570688477,49.03534324821131,0,16.502971543847984,0,1,0,normal
2026-01-03 00:27:00,18.219583965757852,31.808890776877924,0,21.164045244739686,0,1,0,normal
2026-01-03 00:28:00,22.29992285202512,59.728201214494966,0,17.586429717225823,0,1,0,normal
2026-01-03 00:29:00,32.542895301175434,50.633945974474685,0,3.3730963122475615,0,1,0,normal
2026-01-03 00:30:00,21.787989477902663,52.480771535357945,0,16.06609568105766,0,1,0,normal
2026-01-03 00:31:00,27.15072170925772,39.3988522753647,0,27.644364399342585,0,1,0,normal
2026-01-03 00:32:00,20.61426234570716,76.12075482930058,0,24.15801342271528,0,1,0,normal
2026-01-03 00:33:00,29.547531099541718,92.6389059201569,1,18.125893939527558,0,1,0,normal
2026-01-03 00:34:00,29.113046432741225,45.821229143649276,0,20.788635111781748,0,1,0,normal
2026-01-03 00:35:00,36.09165299977847,55.29558872622501,1,13.556279720745877,0,3,0,normal
2026-01-03 00:36:00,23.94661632700471,51.46126014596469,0,14.4174612544335,0,1,0,normal
2026-01-03 00:37:00,29.01192882854744,46.10469704838397,0,20.053462269122022,0,1,0,normal
2026-01-03 00:38:00,25.58840523723367,37.51894298400805,1,18.273908811582942,0,1,0,normal
2026-01-03 00:39:00,32.77523069117809,33.72548018779284,0,13.971450465571952,0,1,0,normal
2026-01-03 00:40:00,20.687005674347617,32.966041017117135,0,19.46645793671998,0,1,0,normal
2026-01-03 00:41:00,29.470031877263686,56.07860038323718,2,11.098616959485721,0,2,0,normal
2026-01-03 00:42:00,23.83181622329991,42.20488282694547,1,32.5936800307351,0,1,0,normal
2026-01-03 00:43:00,24.614870937349014,11.325607247892044,0,27.164762468495475,0,1,0,normal
2026-01-03 00:44:00,25.550514906690236,56.672873308974836,1,2.627035518394514,0,1,0,normal
2026-01-03 00:45:00,26.513442378560065,542.4752054491577,0,26.708682992541984,0,2,1,data_exfiltration
2026-01-03 00:46:00,24.30262574126825,70.20009502101719,0,17.017177829512054,0,2,0,normal
2026-01-03 00:47:00,26.288279099023157,55.59683595636514,1,15.626533112327515,0,2,0,normal
2026-01-03 00:48:00,34.46870834537311,27.81989605534554,1,26.024107692714594,0,1,0,normal
2026-01-03 00:49:00,30.91269811369131,16.554850389050287,1,18.855468241827545,0,1,0,normal
2026-01-03 00:50:00,30.21492755498138,39.20791423493094,0,16.902911547974895,0,1,0,normal
2026-01-03 00:51:00,22.266762843856775,804.1759081849009,1,9.370906108905402,0,1,1,data_exfiltration
2026-01-03 00:52:00,19.664555030630055,64.1473880150025,0,27.324613918784685,0,4,0,normal
2026-01-03 00:53:00,30.731803349426517,49.8669360156564,0,28.292129117672765,0,1,0,normal
2026-01-03 00:54:00,30.256280755178764,67.00532747147764,0,21.29048656162339,0,1,0,normal
2026-01-03 00:55:00,33.83602405450589,30.12750416446048,0,10.673079959320841,0,1,0,normal
2026-01-03 00:56:00,21.376116244184622,64.47896576570672,0,22.420716361903757,0,1,0,normal
2026-01-03 00:57:00,23.622708067837916,60.8148373014638,0,25.128551379120204,0,1,0,normal
2026-01-03 00:58:00,15.163095024847395,19.726488328532056,0,19.787618229033246,0,3,0,normal
2026-01-03 00:59:00,22.64517336363476,69.83926761891158,1,27.05256380910474,0,1,0,normal
2026-01-03 01:00:00,30.979423063476684,51.40187737649529,0,21.356375669429664,1,1,0,normal
2026-01-03 01:01:00,22.201027724630812,55.88066755802758,0,22.432754617102812,1,1,0,normal
2026-01-03 01:02:00,28.842878771204944,37.02655831357366,1,31.84371973080789,1,1,0,normal
2026-01-03 01:03:00,23.85698136401313,69.12870519382959,0,16.065308836753392,1,1,0,normal
2026-01-03 01:04:00,26.944342169329364,32.212215061416956,1,7.455423409095349,1,1,0,normal
2026-01-03 01:05:00,18.113851661105997,62.48138027560919,1,18.647834415894252,1,3,0,normal
2026-01-03 01:06:00,25.511256697803407,62.30911213863007,0,15.489969174854888,1,1,0,normal
2026-01-03 01:07:00,7.0531841745956605,35.38748857741667,0,8.624947222576886,1,1,0,normal
2026-01-03 01:08:00,23.87862305102809,79.75060399133861,0,24.974960579928027,1,1,0,normal
2026-01-03 01:09:00,15.217160537709159,53.472927203262785,3,20.006671133649817,1,1,0,normal
2026-01-03 01:10:00,32.2359670992809,59.80838915406537,1,5.430594461823205,1,2,0,normal
2026-01-03 01:11:00,29.664444116587067,27.093188069963663,1,32.36943837057972,1,1,0,normal
2026-01-03 01:12:00,27.800025891796487,81.76595004512848,0,14.176779701189833,1,1,0,normal
2026-01-03 01:13:00,34.12603736295628,31.631645896623652,0,15.07293933383022,1,1,0,normal
2026-01-03 01:14:00,19.306500875050975,65.37329649148896,1,27.532604986080443,1,2,0,normal
2026-01-03 01:15:00,35.48417918749335,35.07842423102457,1,23.425583842604333,1,1,0,normal
2026-01-03 01:16:00,30.59314938556231,40.71516795728476,0,28.734997320524897,1,1,0,normal
2026-01-03 01:17:00,23.580668276686325,61.83131065828171,1,2.5600109992037403,1,2,0,normal
2026-01-03 01:18:00,31.813720883097666,65.41329070512737,1,17.711734955443884,1,1,0,normal
2026-01-03 01:19:00,18.362238925530193,30.93073626328847,0,21.070955133854483,1,1,0,normal
2026-01-03 01:20:00,20.052915030833958,66.35708253585491,1,30.412328267120458,1,2,0,normal
2026-01-03 01:21:00,21.348461660561796,65.67470742699791,0,13.24270136798345,1,2,0,normal
2026-01-03 01:22:00,21.82613375161591,35.93069886732661,0,17.274965851801223,1,1,0,normal
2026-01-03 01:23:00,18.660654143438485,73.97971390386665,0,21.12636424165653,1,2,0,normal
2026-01-03 01:24:00,32.33849840257195,28.147135576279428,32,26.091157260518692,1,2,1,brute_force_login
2026-01-03 01:25:00,23.44687359778101,40.62841125833577,0,11.125730845902808,1,1,0,normal
2026-01-03 01:26:00,27.115029810141277,57.18503936137983,1,26.493193251423982,1,1,0,normal
2026-01-03 01:27:00,21.577891801517918,37.1965057294609,0,15.279290023964672,1,1,0,normal
2026-01-03 01:28:00,14.076380196708897,53.957286285190115,2,23.00279840424242,1,2,0,normal
2026-01-03 01:29:00,26.620344150348533,53.616141182049425,0,18.455939971323442,1,3,0,normal
2026-01-03 01:30:00,13.526470147481339,47.19388595115919,0,22.199645661434484,1,1,0,normal
2026-01-03 01:31:00,24.58819572348719,62.48600807885839,0,21.696746176478257,1,1,0,normal
2026-01-03 01:32:00,16.790109767003138,46.57458811013541,0,30.216090104682742,1,1,0,normal
2026-01-03 01:33:00,36.92365599538485,53.47311603220709,1,18.114873346901433,1,1,0,normal
2026-01-03 01:34:00,30.46817633304833,67.19707816231855,0,17.58106871052922,1,1,0,normal
2026-01-03 01:35:00,25.634522747628882,61.860293150387605,0,28.547076319313376,1,1,0,normal
2026-01-03 01:36:00,32.58224006592801,61.79025936221313,0,31.202362665251997,1,2,0,normal
2026-01-03 01:37:00,19.922104135205586,32.7623059667483,0,16.829834411521237,1,1,0,normal
2026-01-03 01:38:00,28.260876272020557,57.87188863251983,1,25.538748890614237,1,1,0,normal
2026-01-03 01:39:00,26.198862602312282,36.82251813545743,0,13.168962657441824,1,1,0,normal
2026-01-03 01:40:00,26.58412048800202,30.778775303329606,0,25.58536058945377,1,1,0,normal
2026-01-03 01:41:00,32.634121000640604,48.92440480572547,0,27.360837432088875,1,1,0,normal
2026-01-03 01:42:00,29.394952616678815,36.435572200226154,0,17.798358676731567,1,1,0,normal
2026-01-03 01:43:00,26.73234197695014,61.85926578259966,0,28.88671171906946,1,1,0,normal
2026-01-03 01:44:00,15.070675382630224,62.21803189542986,0,17.898348946040677,1,1,0,normal
2026-01-03 01:45:00,19.239722228323217,21.46060645352837,1,20.192276161483402,1,3,0,normal
2026-01-03 01:46:00,24.263746398425656,37.575461906346646,0,23.129025324650776,1,2,0,normal
2026-01-03 01:47:00,25.560234245659906,28.10319992123002,0,12.319311568000606,1,1,0,normal
2026-01-03 01:48:00,18.218777651956458,43.060560851106644,0,9.128895343689278,1,1,0,normal
2026-01-03 01:49:00,39.470060053470526,56.82763504803236,0,22.238287326981084,1,1,0,normal
2026-01-03 01:50:00,34.09836433152144,46.36567852732418,0,14.064533927086945,1,1,0,normal
2026-01-03 01:51:00,28.612709922354902,41.15361138999297,0,10.234238620905064,1,3,0,normal
2026-01-03 01:52:00,25.43222116770247,69.50264790219708,0,26.151978131208253,1,2,0,normal
2026-01-03 01:53:00,23.72674618059309,15.42714241105567,0,32.13470476647845,1,3,0,normal
2026-01-03 01:54:00,19.288489239866585,68.55307840277337,0,26.8581202401245,1,1,0,normal
2026-01-03 01:55:00,25.464883111113174,41.83567560266771,0,10.523333125915284,1,2,0,normal
2026-01-03 01:56:00,26.546515240856504,48.828364848308155,1,21.42609433405301,1,1,0,normal
2026-01-03 01:57:00,17.549436547110254,42.089549934198374,0,17.524214363851186,1,1,0,normal
2026-01-03 01:58:00,27.005058503469385,73.14332158308677,1,13.177419928567957,1,2,0,normal
2026-01-03 01:59:00,24.068445707051506,31.53532254792111,0,20.68101032372469,1,2,0,normal
2026-01-03 02:00:00,13.553154652735653,50.17604554582904,0,19.45975109279424,2,1,0,normal
2026-01-03 02:01:00,19.837689935322988,57.91157977789995,0,18.138555584324365,2,1,0,normal
2026-01-03 02:02:00,22.518366799470133,25.834958481722488,1,27.904889542446004,2,3,0,normal
2026-01-03 02:03:00,36.32612594404114,36.2015274433077,0,30.398941814541068,2,1,0,normal
2026-01-03 02:04:00,28.339318747202547,47.77732199752656,0,17.41387495741503,2,1,0,normal
2026-01-03 02:05:00,16.98711058540065,36.70002447973438,0,18.564881760997682,2,1,0,normal
2026-01-03 02:06:00,27.91621773650582,37.76612343171275,0,18.019733858759576,2,2,0,normal
2026-01-03 02:07:00,15.716176066369806,44.75206005385344,0,24.119445046749686,2,2,0,normal
2026-01-03 02:08:00,31.496146323322442,59.743719974692596,0,22.651491659957838,2,1,0,normal
2026-01-03 02:09:00,22.173252089092728,44.859233346827835,0,14.323321369307372,2,1,0,normal
2026-01-03 02:10:00,24.438182867564976,66.1763929170942,0,18.969945255459386,2,1,0,normal
2026-01-03 02:11:00,32.95477988525314,35.03363326010968,3,8.024501734117191,2,1,0,normal
2026-01-03 02:12:00,17.2770185884945,31.221166092898212,0,7.428403067308432,2,1,0,normal
2026-01-03 02:13:00,16.617290889322053,78.89518108581701,0,10.55357534682306,2,5,0,normal
2026-01-03 02:14:00,21.49840404192397,40.13062808501733,0,17.98863589728559,2,1,0,normal
2026-01-03 02:15:00,31.2302731061159,30.336319893917604,0,24.88967117643832,2,2,0,normal
2026-01-03 02:16:00,15.883923547138945,23.869190873422543,0,13.740192591222112,2,1,0,normal
2026-01-03 02:17:00,8.007066411336588,66.12655180713409,0,18.9911289216296,2,1,0,normal
2026-01-03 02:18:00,22.29304684954601,44.880432280099114,0,21.749731342352806,2,1,0,normal
2026-01-03 02:19:00,28.31044479946552,46.194353974004024,0,32.287865821098485,2,2,0,normal
2026-01-03 02:20:00,32.20157049843297,47.611974326200404,0,20.4467182240659,2,4,0,normal
2026-01-03 02:21:00,22.221031827487607,65.19414327004672,0,20.803431526688357,2,3,0,normal
2026-01-03 02:22:00,22.531440357303985,47.307052490361194,0,15.157471999372323,2,1,0,normal
2026-01-03 02:23:00,31.923404405534484,85.1608066824894,0,34.69355064868823,2,2,0,normal
2026-01-03 02:24:00,13.781549801827477,52.00640861081344,1,26.116592688923557,2,3,0,normal
2026-01-03 02:25:00,22.668875348901945,65.92677150437481,1,11.111054875582647,2,1,0,normal
2026-01-03 02:26:00,26.142543339550347,62.0785978685661,0,31.984356540588266,2,1,0,normal
2026-01-03 02:27:00,27.695312327710205,49.45329019612944,0,25.734320200012725,2,1,0,normal
2026-01-03 02:28:00,21.941159840854706,41.19543520969305,1,21.871684558595533,2,2,0,normal
2026-01-03 02:29:00,25.20664607023505,54.9794589284983,0,25.28250571612343,2,2,0,normal
2026-01-03 02:30:00,10.070035879522063,57.6514809681091,0,29.086651604559734,2,1,0,normal
2026-01-03 02:31:00,21.050509525996908,41.41120927810209,0,13.97585338722063,2,1,0,normal
2026-01-03 02:32:00,27.721052275326805,52.495082989259835,0,16.88296719761412,2,1,0,normal
2026-01-03 02:33:00,19.10623579447192,68.54307467389394,0,19.692600728754538,2,1,0,normal
2026-01-03 02:34:00,25.353905329537586,81.04921608604518,0,10.079951770512531,2,1,0,normal
2026-01-03 02:35:00,27.681235004816187,62.81553980524132,0,25.83505388038427,2,1,0,normal
2026-01-03 02:36:00,22.94470479485341,77.94139529570424,1,17.796403893237283,2,1,0,normal
2026-01-03 02:37:00,26.022782625979424,40.55938683190316,0,16.914585743182677,2,2,0,normal
2026-01-03 02:38:00,19.223604608292327,60.52823378088941,1,14.856283024434052,2,1,0,normal
2026-01-03 02:39:00,23.76033232182372,70.07779262871908,0,19.72756000509226,2,2,0,normal
2026-01-03 02:40:00,28.661297017535336,36.55500000542006,0,21.246112597592088,2,1,0,normal
2026-01-03 02:41:00,25.941837765810604,42.71614831932486,0,27.96840488554502,2,2,0,normal
2026-01-03 02:42:00,21.480812382616385,76.06857142752875,0,28.193171756703904,2,1,0,normal
2026-01-03 02:43:00,26.345298425744758,35.3735171631959,1,10.930620954789909,2,2,0,normal
2026-01-03 02:44:00,29.28765874381971,29.88304951016434,0,23.684402142781117,2,2,0,normal
2026-01-03 02:45:00,12.700352328535132,72.91972360459266,2,29.83922108174589,2,2,0,normal
2026-01-03 02:46:00,31.954444389735386,67.95144837470659,0,18.21903758965705,2,1,0,normal
2026-01-03 02:47:00,22.982471567913567,56.481803659756544,0,18.64041558992529,2,2,0,normal
2026-01-03 02:48:00,27.55293959944138,49.31433868031259,31,16.825872077467377,1,1,1,brute_force_login
2026-01-03 02:49:00,32.183481541871366,43.42213241592527,1,24.30574249400522,2,1,0,normal
2026-01-03 02:50:00,16.769957816617204,54.22923310713577,0,22.29872125997249,2,2,0,normal
2026-01-03 02:51:00,20.74335398543472,73.69710436102325,0,27.837174914363644,2,1,0,normal
2026-01-03 02:52:00,23.26870782474577,53.57849189213114,0,19.110421168864562,2,1,0,normal
2026-01-03 02:53:00,20.297478873253432,82.50438900870449,0,30.07998886301184,2,1,0,normal
2026-01-03 02:54:00,35.40961945502085,36.53087021539655,1,24.780074874186894,2,1,0,normal
2026-01-03 02:55:00,19.859367437039243,49.70478868507596,0,29.41071738277352,2,2,0,normal
2026-01-03 02:56:00,21.6667193230788,44.40411998504127,1,15.233259400104695,2,1,0,normal
2026-01-03 02:57:00,26.22633418961786,33.72287685256501,0,192.97803464026774,2,17,1,credential_stuffing
2026-01-03 02:58:00,17.787102843543465,47.70374400485517,0,15.556120253312109,2,1,0,normal
2026-01-03 02:59:00,22.625915729462417,56.25993952490659,0,15.930913844846218,2,2,0,normal
2026-01-03 03:00:00,26.90471956750105,57.86345269928045,20,16.850735412814274,2,1,1,brute_force_login
2026-01-03 03:01:00,23.002837573704934,82.55678268416834,1,15.997525845164986,3,1,0,normal
2026-01-03 03:02:00,24.43967884660031,56.967012045853394,0,35.14842512945475,3,1,0,normal
2026-01-03 03:03:00,21.824007325309775,67.25205205519424,0,24.1745657996018,3,1,0,normal
2026-01-03 03:04:00,15.913178144915399,50.99141369448464,0,23.96703863145068,3,2,0,normal
2026-01-03 03:05:00,26.929559268035433,75.17083400678894,0,4.867883826208622,3,1,0,normal
2026-01-03 03:06:00,35.52959842988345,85.97673928382105,0,30.283917149000537,3,3,0,normal
2026-01-03 03:07:00,25.11040978470063,57.96627696463925,1,11.692307177705288,3,2,0,normal
2026-01-03 03:08:00,26.351584703485297,35.11011476822628,18,19.709169029727327,3,2,1,brute_force_login
2026-01-03 03:09:00,29.156336530701157,41.76792465834247,0,14.366469244218408,3,1,0,normal
2026-01-03 03:10:00,17.384017020719803,54.22901454807743,1,21.91728423426238,3,1,0,normal
2026-01-03 03:11:00,35.21508794877764,56.847470528759686,0,32.27248967896331,3,1,0,normal
2026-01-03 03:12:00,26.213972778536814,60.47637701576558,0,12.308622387474497,3,2,0,normal
2026-01-03 03:13:00,34.791141394534655,56.90296521845062,0,14.248457838706198,3,1,0,normal
2026-01-03 03:14:00,20.601802026856063,50.10477374383908,0,21.116651829090237,3,2,0,normal
2026-01-03 03:15:00,35.908371535346944,40.45702338196807,2,32.55999499624619,3,1,0,normal
2026-01-03 03:16:00,29.6509329642087,56.01707391896344,0,16.603092663946892,3,1,0,normal
2026-01-03 03:17:00,28.31824051511415,77.82481036220985,0,14.270183757215872,3,1,0,normal
2026-01-03 03:18:00,26.40414672611889,65.29892908141632,0,21.311244882854535,3,1,0,normal
2026-01-03 03:19:00,23.508828291553304,58.02055924454297,0,20.059887493878843,3,1,0,normal
2026-01-03 03:20:00,32.20318995084324,65.44350385734127,0,11.800089110096437,3,1,0,normal
2026-01-03 03:21:00,25.84215921908828,44.434039566487215,0,16.757356641497463,3,1,0,normal
2026-01-03 03:22:00,13.197581778477087,801.9483234444342,0,4.256335091916927,3,1,1,data_exfiltration
2026-01-03 03:23:00,18.296881229757986,38.78322343451027,0,19.756689565904612,3,1,0,normal
2026-01-03 03:24:00,23.884925486843517,48.12070065845843,0,10.03248542032987,3,1,0,normal
2026-01-03 03:25:00,26.85999389899333,43.669911549363796,0,39.75161486280426,3,1,0,normal
2026-01-03 03:26:00,24.660469066600626,68.1241211097821,0,24.43868107823986,3,1,0,normal
2026-01-03 03:27:00,96.26626486501364,42.87014873476717,0,22.030181493381,3,1,1,crypto_mining
2026-01-03 03:28:00,13.293388815768251,37.959174256626255,0,24.215626492587113,3,1,0,normal
2026-01-03 03:29:00,25.861527619030962,79.13865768245947,1,16.069122110843377,3,1,0,normal
2026-01-03 03:30:00,14.092124647677071,43.22937153377985,0,18.862557342620242,3,1,0,normal
2026-01-03 03:31:00,29.55827377290501,52.302926858755264,0,24.04314187590063,3,1,0,normal
2026-01-03 03:32:00,24.433247713347985,56.76984237115117,0,12.192915652363823,3,3,0,normal
2026-01-03 03:33:00,27.51765983214471,550.8392689429836,0,25.46480558052815,3,2,1,data_exfiltration
2026-01-03 03:34:00,19.816702236461403,68.53225654254604,0,36.856971666519264,3,2,0,normal
2026-01-03 03:35:00,32.67678958994651,59.55678560616841,0,8.160812736652002,3,2,0,normal
2026-01-03 03:36:00,31.25034798435311,73.37576017821172,0,24.262212873424378,3,1,0,normal
2026-01-03 03:37:00,28.501265818071325,39.811670941728494,0,13.452451470436317,3,2,0,normal
2026-01-03 03:38:00,24.222896518819354,51.4868868871424,0,25.52756842353559,3,2,0,normal
2026-01-03 03:39:00,93.31223177901478,50.59033632491293,0,22.71123144620881,3,1,1,crypto_mining
2026-01-03 03:40:00,20.758644592075907,53.958327415250324,0,35.03684635263315,3,3,0,normal
2026-01-03 03:41:00,30.13333395412427,28.180778771342585,1,33.61232640256612,3,2,0,normal
2026-01-03 03:42:00,34.896885365943525,51.66254568038334,1,8.415247127351437,3,1,0,normal
2026-01-03 03:43:00,31.423663359875118,28.603041328643823,0,26.113928719298848,3,1,0,normal
2026-01-03 03:44:00,20.622385181155543,55.37501106795382,0,25.97660593788896,3,1,0,normal
2026-01-03 03:45:00,27.168503903638616,18.070263132222205,0,29.511337185853215,3,1,0,normal
2026-01-03 03:46:00,17.241150737448113,22.2261974856412,1,23.77931624861606,3,1,0,normal
2026-01-03 03:47:00,28.434341867054055,62.278230746599974,0,24.77217185267049,3,2,0,normal
2026-01-03 03:48:00,27.70362047717523,41.79742317207826,35,11.73919752723457,1,1,1,brute_force_login
2026-01-03 03:49:00,13.781101962807016,35.182128895516385,0,23.375674811052267,3,1,0,normal
2026-01-03 03:50:00,18.029296936525817,69.06268431613321,0,18.267378224024295,3,1,0,normal
2026-01-03 03:51:00,23.301166619537398,54.91439325992622,0,25.469054218211124,3,3,0,normal
2026-01-03 03:52:00,23.19484151715504,63.081352933006755,0,19.243875078709042,3,3,0,normal
2026-01-03 03:53:00,17.743138387487168,47.506368915187544,0,23.577607131541,3,1,0,normal
2026-01-03 03:54:00,27.333872376113103,90.19443040850004,0,24.929045124729676,3,1,0,normal
2026-01-03 03:55:00,26.508841653643074,40.932292091603074,1,25.079908763973805,3,1,0,normal
2026-01-03 03:56:00,23.834385208128886,76.16743324039832,0,14.04961795939531,3,1,0,normal
2026-01-03 03:57:00,20.46525099904982,49.07950939850131,1,39.350138878753384,3,1,0,normal
2026-01-03 03:58:00,31.29224275849938,25.18234407630881,0,22.031035177745647,3,1,0,normal
2026-01-03 03:59:00,34.93244267852977,57.24273118622163,0,25.053958456689656,3,4,0,normal
2026-01-03 04:00:00,22.098631096920776,54.72143842182746,0,20.47201197681667,4,1,0,normal
2026-01-03 04:01:00,21.326998497071074,34.23017278641156,0,11.134141097914577,4,2,0,normal
2026-01-03 04:02:00,27.947245992471977,36.16671084297928,0,26.26298179721917,4,2,0,normal
2026-01-03 04:03:00,22.851823721518084,49.62953535372512,0,22.146846596983256,4,2,0,normal
2026-01-03 04:04:00,24.163616796020595,55.24621722871972,0,27.110523687392323,4,1,0,normal
2026-01-03 04:05:00,29.437918910348028,12.940050756808986,0,14.680870286807032,4,1,0,normal
2026-01-03 04:06:00,13.543863474956243,65.79682178785704,1,17.341582661302404,4,1,0,normal
2026-01-03 04:07:00,32.909813949116014,42.58253039277534,0,22.142832955996152,4,2,0,normal
2026-01-03 04:08:00,25.43608314597605,30.023787734027355,0,20.386048578900525,4,1,0,normal
2026-01-03 04:09:00,22.531041132626918,64.11599827177896,1,17.710697212652793,4,2,0,normal
2026-01-03 04:10:00,24.464595074671305,49.64573030872315,0,22.150770369672998,4,1,0,normal
2026-01-03 04:11:00,24.774576130123112,68.24248665173381,0,31.43841966340301,4,1,0,normal
2026-01-03 04:12:00,14.612792179330448,56.56928394469633,0,23.66273480575684,4,1,0,normal
2026-01-03 04:13:00,33.96962936471942,49.97728245577931,0,29.38413139638726,4,1,0,normal
2026-01-03 04:14:00,25.24795379362371,47.70905082529766,0,18.657206597823645,4,1,0,normal
2026-01-03 04:15:00,99.47128250514606,57.240691408342066,0,20.436244362766875,4,1,1,crypto_mining
2026-01-03 04:16:00,30.709298623444255,43.797031117860044,1,21.94497471552991,4,1,0,normal
2026-01-03 04:17:00,18.8730252546382,37.211411168802506,0,16.4441743208417,4,1,0,normal
2026-01-03 04:18:00,27.84083139421137,59.14863683981966,0,22.01268061038534,4,1,0,normal
2026-01-03 04:19:00,23.39415345460724,47.83268237833356,0,32.54255424956561,4,1,0,normal
2026-01-03 04:20:00,30.08062465129896,50.50351472103509,0,33.954832941860225,4,2,0,normal
2026-01-03 04:21:00,12.236635477891028,66.34069754231912,1,31.001880390728218,4,1,0,normal
2026-01-03 04:22:00,24.405434198552385,48.29185088396389,0,22.445504427395385,4,2,0,normal
2026-01-03 04:23:00,21.38307606529623,50.22550888312686,0,14.246897096716665,4,1,0,normal
2026-01-03 04:24:00,27.593577703804932,41.00525732823602,0,39.57583767076123,4,1,0,normal
2026-01-03 04:25:00,27.820265124209214,56.46109900972776,0,15.889036257312318,4,4,0,normal
2026-01-03 04:26:00,20.75424463106784,55.24741869020132,0,32.195186716061066,4,1,0,normal
2026-01-03 04:27:00,20.72695681494374,63.511626976858366,0,22.927854237645157,4,1,0,normal
2026-01-03 04:28:00,24.336007788656023,41.31306744489686,0,11.736287102996014,4,2,0,normal
2026-01-03 04:29:00,19.62014663610875,43.13274545614721,0,8.14536834258072,4,1,0,normal
2026-01-03 04:30:00,30.05190217271276,61.882060987182044,1,31.12360966866118,4,1,0,normal
2026-01-03 04:31:00,22.784756797315325,53.78319505044295,0,15.405977835684949,4,1,0,normal
2026-01-03 04:32:00,7.558070684070152,36.40672810710958,2,9.920305368911968,4,1,0,normal
2026-01-03 04:33:00,22.751067660269165,69.5983110160175,0,17.849769310941774,4,1,0,normal
2026-01-03 04:34:00,18.768737074936165,24.523241473996237,0,19.959337808063456,4,1,0,normal
2026-01-03 04:35:00,15.212345107234327,61.764271298956274,0,22.967830299512645,4,3,0,normal
2026-01-03 04:36:00,17.575440170664564,31.02181946002705,0,22.553524984715843,4,1,0,normal
2026-01-03 04:37:00,25.65645083099782,78.2868277472829,31,14.140096665011832,2,1,1,brute_force_login
2026-01-03 04:38:00,32.97184496948939,26.83100409641565,0,20.01280232078953,4,1,0,normal
2026-01-03 04:39:00,26.87910684318988,67.28375977809122,0,33.74011942993507,4,2,0,normal
2026-01-03 04:40:00,21.36097967070556,671.352528729403,1,11.579643495166334,4,1,1,data_exfiltration
2026-01-03 04:41:00,27.735425171024218,44.50096145241884,0,23.767574979087485,4,1,0,normal
2026-01-03 04:42:00,22.24545813868605,52.780949847016416,0,11.568301353614617,4,1,0,normal
2026-01-03 04:43:00,20.832397785021133,59.478505087367196,0,16.70688101846468,4,2,0,normal
2026-01-03 04:44:00,18.073823990602094,36.43399246503696,0,29.059304750949167,4,2,0,normal
2026-01-03 04:45:00,14.489027159489686,37.763184122471415,0,3.733094213559866,4,1,0,normal
2026-01-03 04:46:00,22.66045776064333,59.74407297669329,0,36.784681510734885,4,1,0,normal
2026-01-03 04:47:00,25.94832093952079,24.389855695256003,0,9.653388427666851,4,1,0,normal
2026-01-03 04:48:00,24.420257979910662,41.23656360211872,2,3.924647271350171,4,1,0,normal
2026-01-03 04:49:00,22.50419843231585,95.6103043123916,0,20.155222631655125,4,1,0,normal
2026-01-03 04:50:00,19.325523635819312,35.479805531160785,0,16.56797161633566,4,2,0,normal
2026-01-03 04:51:00,28.64947715010981,67.2170418763963,1,15.051871692520415,4,1,0,normal
2026-01-03 04:52:00,17.09720848032049,41.21073846929282,0,25.13204185350016,4,1,0,normal
2026-01-03 04:53:00,29.65616748306085,57.635677171957155,0,12.595048053199399,4,5,0,normal
2026-01-03 04:54:00,18.98669788643965,59.81533535894326,0,24.558414083074062,4,1,0,normal
2026-01-03 04:55:00,20.485388575881792,66.93435102774421,0,26.618043467830617,4,2,0,normal
2026-01-03 04:56:00,16.199288856305937,46.99619259780837,1,9.022387200493972,4,1,0,normal
2026-01-03 04:57:00,21.99158711868618,79.8332695813228,0,28.211651984531137,4,1,0,normal
2026-01-03 04:58:00,30.85187475086787,41.15995153122229,0,26.185836445257692,4,1,0,normal
2026-01-03 04:59:00,28.093768530663738,53.5133062039934,1,32.419862850718175,4,3,0,normal
2026-01-03 05:00:00,30.87053267216821,53.679153983264115,0,20.04305262281172,5,1,0,normal
2026-01-03 05:01:00,28.132855275603614,33.170478200758765,0,13.321739699118869,5,2,0,normal
2026-01-03 05:02:00,18.377981028817786,45.71191617531319,1,30.03241063168886,5,1,0,normal
2026-01-03 05:03:00,23.015264654034656,52.42270248857611,0,20.389057299249227,5,1,0,normal
2026-01-03 05:04:00,20.318805225295222,43.5181843530587,0,34.582787607366036,5,2,0,normal
2026-01-03 05:05:00,32.98344942423424,86.61385948184802,1,25.674716649112362,5,1,0,normal
2026-01-03 05:06:00,17.81926812144213,553.1425595447146,0,19.792909298771576,5,1,1,data_exfiltration
2026-01-03 05:07:00,30.362186136334664,67.69136702210642,0,12.948213612687896,5,5,0,normal
2026-01-03 05:08:00,30.357723220652616,62.8468971972318,0,19.16502800263229,5,1,0,normal
2026-01-03 05:09:00,35.97772121029652,49.79206798243593,0,27.49837120616579,5,3,0,normal
2026-01-03 05:10:00,22.541880444223015,37.0218641922163,1,7.93485152846201,5,1,0,normal
2026-01-03 05:11:00,29.273932957480973,38.47617019412345,1,16.759614606303753,5,1,0,normal
2026-01-03 05:12:00,38.68991101923306,42.23049051175235,1,7.084332399854702,5,3,0,normal
2026-01-03 05:13:00,21.29414993839782,23.213880770806053,0,11.67188228079013,5,1,0,normal
2026-01-03 05:14:00,15.789758514805841,34.948018613010646,0,15.109775212593572,5,2,0,normal
2026-01-03 05:15:00,13.719939796553419,27.762852269545363,0,17.834146320669714,5,2,0,normal
2026-01-03 05:16:00,29.27627217316799,70.18812504766575,0,22.82684840586912,5,1,0,normal
2026-01-03 05:17:00,13.701098751648498,59.27693588582328,0,25.61412198590112,5,1,0,normal
2026-01-03 05:18:00,22.766085682372463,61.789611482981904,0,31.067581041733554,5,1,0,normal
2026-01-03 05:19:00,27.623879122233763,58.832479273129216,0,32.825649127701865,5,1,0,normal
2026-01-03 05:20:00,26.111053220979485,52.50451435001245,1,29.482107481103377,5,2,0,normal
2026-01-03 05:21:00,27.55266918510503,71.91020498193706,2,16.964644103006453,5,4,0,normal
2026-01-03 05:22:00,26.333739134805125,40.83856016402394,0,21.87044000297461,5,1,0,normal
2026-01-03 05:23:00,32.673194879880356,51.600044830505674,0,15.501750391957621,5,1,0,normal
2026-01-03 05:24:00,19.28610171556722,61.20588241736185,0,22.005157449266612,5,2,0,normal
2026-01-03 05:25:00,20.938029169248814,30.181861522158066,0,18.7145461468225,5,1,0,normal
2026-01-03 05:26:00,20.364043328375054,96.44883344213824,0,10.861614447960575,5,1,0,normal
2026-01-03 05:27:00,29.98115087117566,50.42848644166379,0,31.615668627960712,5,1,0,normal
2026-01-03 05:28:00,30.40239153037038,52.129841758633894,0,33.66459632291077,5,1,0,normal
2026-01-03 05:29:00,27.707351915911048,68.85317047512382,0,13.93537000171519,5,1,0,normal
2026-01-03 05:30:00,32.10096200133957,63.724329995153354,1,24.16604069446781,5,2,0,normal
2026-01-03 05:31:00,17.931754795741718,50.57117029094689,0,14.281133847975282,5,1,0,normal
2026-01-03 05:32:00,35.00334466930682,51.95194157147063,0,19.366089657296087,5,1,0,normal
2026-01-03 05:33:00,34.13943173027355,27.437772035780316,0,15.746801749454846,5,1,0,normal
2026-01-03 05:34:00,29.41373198347448,41.65301333225035,0,14.982693172603224,5,1,0,normal
2026-01-03 05:35:00,35.69079345262636,57.7581532423844,0,21.52132503467121,5,1,0,normal
2026-01-03 05:36:00,15.060260753933356,56.6583925856433,0,5.477123642705163,5,2,0,normal
2026-01-03 05:37:00,21.85331118242409,68.31748625006131,0,15.81669195597389,5,1,0,normal
2026-01-03 05:38:00,20.588179235908285,48.19248412665013,0,52.124620700551056,5,1,0,normal
2026-01-03 05:39:00,29.32887594254406,29.190702298537005,0,7.6711775593405065,5,1,0,normal
2026-01-03 05:40:00,18.699155562387126,65.85095646163516,0,16.957660476734546,5,1,0,normal
2026-01-03 05:41:00,29.544970896024914,71.54134019273025,0,22.30486540556312,5,1,0,normal
2026-01-03 05:42:00,33.223216863980284,63.47366859284344,0,18.563169935288844,5,2,0,normal
2026-01-03 05:43:00,29.171217400503995,47.545494937137626,1,13.888875262654068,5,2,0,normal
2026-01-03 05:44:00,26.702506141969007,65.66579077814869,0,27.744151918130648,5,1,0,normal
2026-01-03 05:45:00,19.072759954595504,101.43365717012321,0,21.195024409605086,5,2,0,normal
2026-01-03 05:46:00,19.918894203247813,51.72728471660714,1,15.01241908688932,5,2,0,normal
2026-01-03 05:47:00,32.49771343178,30.32394961632313,0,26.858156337513417,5,1,0,normal
2026-01-03 05:48:00,29.676094023431993,41.20572425671772,0,15.781274595764476,5,2,0,normal
2026-01-03 05:49:00,24.765882883734736,59.38214000456077,0,13.00087243376316,5,2,0,normal
2026-01-03 05:50:00,22.492542725404657,25.92793533652906,0,24.702395979137037,5,2,0,normal
2026-01-03 05:51:00,12.84515276133174,52.54104612368104,0,9.543575491518142,5,1,0,normal
2026-01-03 05:52:00,18.57488548789337,55.70504975473824,0,34.0627907615727,5,1,0,normal
2026-01-03 05:53:00,36.46851452283834,73.02682609718978,0,32.12870981445545,5,3,0,normal
2026-01-03 05:54:00,17.3172665739852,69.65292284081451,0,24.375145347985388,5,1,0,normal
2026-01-03 05:55:00,26.136878927326485,62.96877187627656,20,15.342528972593385,2,2,1,brute_force_login
2026-01-03 05:56:00,31.044663839171193,17.55981484228206,1,11.457514940988387,5,1,0,normal
2026-01-03 05:57:00,17.470463991986243,63.81579692071888,0,0.0,5,1,0,normal
2026-01-03 05:58:00,26.1082628486865,60.582700790903694,0,32.92777315597622,5,1,0,normal
2026-01-03 05:59:00,30.62749322506393,53.8391656561752,1,12.244503061067263,5,1,0,normal
2026-01-03 06:00:00,25.074995931443503,24.046668107817716,0,22.832801536209665,6,3,0,normal
2026-01-03 06:01:00,42.21041833400061,38.34839136219409,0,21.591845854983916,6,1,0,normal
2026-01-03 06:02:00,14.98840444673083,32.497658456989,0,6.619911689040638,6,1,0,normal
2026-01-03 06:03:00,31.352371179303272,19.774873407393642,0,15.164530407987925,6,1,0,normal
2026-01-03 06:04:00,23.963189575621215,49.95627272877808,0,10.935597032177851,6,1,0,normal
2026-01-03 06:05:00,91.50560592280323,38.03266817835831,0,26.34467879594041,6,1,1,crypto_mining
2026-01-03 06:06:00,27.647842910195475,89.37958370403368,0,26.697391896083847,6,1,0,normal
2026-01-03 06:07:00,20.601062817340022,47.468420908431355,0,18.04754144265071,6,1,0,normal
2026-01-03 06:08:00,26.37397835475604,69.4062973379894,1,13.257940727233034,6,2,0,normal
2026-01-03 06:09:00,13.852591291610278,26.46351462960163,0,21.503687012130495,6,1,0,normal
2026-01-03 06:10:00,28.619485003428363,42.04865620992695,1,28.857159998282256,6,1,0,normal
2026-01-03 06:11:00,26.788950795943155,51.453468140514715,0,8.147611243887997,6,1,0,normal
2026-01-03 06:12:00,28.831961011858613,36.377690770884946,0,36.90135630456961,6,1,0,normal
2026-01-03 06:13:00,31.348709950522903,43.666989727928836,2,18.049667210384207,6,1,0,normal
2026-01-03 06:14:00,27.205719041258266,46.73073640634692,1,19.049353704978348,6,2,0,normal
2026-01-03 06:15:00,25.888536518789657,46.49138021832658,2,32.821246131399135,6,1,0,normal
2026-01-03 06:16:00,19.713589980032246,77.82677859553019,1,19.55367927487051,6,2,0,normal
2026-01-03 06:17:00,20.726675418105692,55.67339428147265,0,19.159038393407517,6,1,0,normal
2026-01-03 06:18:00,32.120407721063984,57.19265844411955,1,12.692384294976513,6,3,0,normal
2026-01-03 06:19:00,33.61801243423587,58.09482161517606,0,15.383253591685925,6,1,0,normal
2026-01-03 06:20:00,23.571337382127677,59.18939566005669,0,14.350863704650921,6,1,0,normal
2026-01-03 06:21:00,25.276016483519644,48.75669524187702,1,5.874523329884912,6,2,0,normal
2026-01-03 06:22:00,19.572313750037402,45.18880442781731,0,3.3579536473870846,6,3,0,normal
2026-01-03 06:23:00,32.03654107160467,52.50224089277416,0,18.147213246916486,6,1,0,normal
2026-01-03 06:24:00,28.99250094215067,67.3520592337021,1,8.951540302929399,6,2,0,normal
2026-01-03 06:25:00,36.6473046187825,66.89357282654575,2,25.221270110134753,6,1,0,normal
2026-01-03 06:26:00,19.730061536921568,46.394022864673836,0,18.233976038141382,6,1,0,normal
2026-01-03 06:27:00,22.731952605890697,61.51765542002167,0,7.234491841459173,6,1,0,normal
2026-01-03 06:28:00,26.388675535153435,47.08123005440498,0,32.198066445830754,6,2,0,normal
2026-01-03 06:29:00,28.878937226354623,50.508058241528666,0,156.2578057315936,6,13,1,credential_stuffing
2026-01-03 06:30:00,23.705994174714206,42.89714927668704,1,24.120795070754088,6,1,0,normal
2026-01-03 06:31:00,19.762233457277798,47.275322916406495,0,33.15308226707087,6,1,0,normal
2026-01-03 06:32:00,30.288445173541426,70.11995104324521,0,19.729328461182455,6,1,0,normal
2026-01-03 06:33:00,29.32681217527349,51.38631721008854,0,20.11186979871467,6,6,0,normal
2026-01-03 06:34:00,19.502355396617652,52.02923762828477,0,31.50495637206479,6,1,0,normal
2026-01-03 06:35:00,33.13265680663297,28.291733311130624,0,17.648681795771516,6,2,0,normal
2026-01-03 06:36:00,32.02119225517962,45.36134138550906,1,28.585458824158685,6,2,0,normal
2026-01-03 06:37:00,25.805778983486757,46.38027644382907,0,19.407441548351837,6,1,0,normal
2026-01-03 06:38:00,25.477587174256218,37.56284771834892,0,21.362500397636573,6,1,0,normal
2026-01-03 06:39:00,28.324346626695444,50.324981175553454,0,21.25075444976095,6,1,0,normal
2026-01-03 06:40:00,19.829781578462452,43.56226564658519,0,17.041508188849434,6,1,0,normal
2026-01-03 06:41:00,25.18018887498449,51.19993782865373,0,15.721657988955663,6,3,0,normal
2026-01-03 06:42:00,12.085698732344918,51.82254514728402,1,14.779199611855326,6,1,0,normal
2026-01-03 06:43:00,30.25873387301761,35.663684632660335,0,9.635056309756816,6,1,0,normal
2026-01-03 06:44:00,15.631040665348843,44.01947326275216,0,16.427255757945012,6,2,0,normal
2026-01-03 06:45:00,34.020518970573995,51.1606142414125,1,17.87716557596126,6,1,0,normal
2026-01-03 06:46:00,23.0192794362013,67.76449146735088,1,23.26023511288078,6,1,0,normal
2026-01-03 06:47:00,23.72999810841294,53.85078759193611,0,19.26168768866883,6,4,0,normal
2026-01-03 06:48:00,21.233596563492966,40.070972301238584,1,28.61916689298049,6,2,0,normal
2026-01-03 06:49:00,23.271766756467542,55.985071388657786,0,28.259303770676784,6,3,0,normal
2026-01-03 06:50:00,33.511188070888224,75.61323333982641,0,30.761909147738876,6,1,0,normal
2026-01-03 06:51:00,10.073148060789524,63.75059708883528,2,18.38127253570827,6,1,0,normal
2026-01-03 06:52:00,32.66179231652913,58.212897956534306,0,15.911926120966882,6,1,0,normal
2026-01-03 06:53:00,27.02814088661025,60.88385263223482,0,9.060181145784634,6,1,0,normal
2026-01-03 06:54:00,17.757870112856708,71.59931062142945,0,30.467401068054848,6,1,0,normal
2026-01-03 06:55:00,18.548125641704573,66.1344019102649,0,10.76427906766564,6,1,0,normal
2026-01-03 06:56:00,35.05835816324922,58.501405716764864,0,12.79118594287705,6,1,0,normal
2026-01-03 06:57:00,19.32695872034361,66.02963329385128,0,21.8059058724658,6,3,0,normal
2026-01-03 06:58:00,18.079896936424245,33.77523355603908,1,17.529149677232635,6,1,0,normal
2026-01-03 06:59:00,31.823887254188378,27.466021214895783,0,31.57844482906659,6,1,0,normal
2026-01-03 07:00:00,27.031317257715486,52.356479759657454,0,13.859647560959747,7,1,0,normal
2026-01-03 07:01:00,19.372446540781606,51.03021064475808,0,20.23260436706453,7,3,0,normal
2026-01-03 07:02:00,26.299749852427713,41.841349197301135,1,5.178123106544172,7,1,0,normal
2026-01-03 07:03:00,18.845483898158335,62.38779004741564,0,29.857308192884908,7,3,0,normal
2026-01-03 07:04:00,31.604928390535633,22.05704620323146,0,6.59362992528742,7,2,0,normal
2026-01-03 07:05:00,31.3682257892388,41.97841615913295,1,39.90171249186459,7,1,0,normal
2026-01-03 07:06:00,28.192037192931657,42.72566682683578,0,19.06082988412377,7,2,0,normal
2026-01-03 07:07:00,27.1699663674821,25.455473223508108,0,17.700911575264186,7,1,0,normal
2026-01-03 07:08:00,35.567128749204244,72.42096510903956,0,19.746877547030373,7,1,0,normal
2026-01-03 07:09:00,24.998117964329353,29.611980970050155,1,11.407728258623832,7,1,0,normal
2026-01-03 07:10:00,17.90875524747519,41.17489914038471,0,25.263133539209594,7,3,0,normal
2026-01-03 07:11:00,27.69684347699384,63.61969636707701,0,16.73155915927729,7,3,0,normal
2026-01-03 07:12:00,37.51628229722268,59.690680151430975,1,17.498854352862903,7,2,0,normal
2026-01-03 07:13:00,93.55846947670084,33.3773795527288,1,30.280888229747866,7,1,1,crypto_mining
2026-01-03 07:14:00,22.831223399836084,60.23733813890955,2,6.241902263354225,7,1,0,normal
2026-01-03 07:15:00,27.498676228608716,54.346767179873325,0,18.433932744041332,7,1,0,normal
2026-01-03 07:16:00,24.676570905965566,84.99553343167202,0,19.124797189994545,7,1,0,normal
2026-01-03 07:17:00,19.10617851773611,56.059106241024566,1,21.104481892585845,7,2,0,normal
2026-01-03 07:18:00,31.731147137382827,47.881372683972025,0,15.550382348034063,7,1,0,normal
2026-01-03 07:19:00,38.92024433210356,37.15247064320866,0,17.447746943682244,7,2,0,normal
2026-01-03 07:20:00,26.176788754143445,38.83634949566643,0,34.79376688159181,7,1,0,normal
2026-01-03 07:21:00,19.575590261583997,37.61346356797763,0,23.99560927125226,7,1,0,normal
2026-01-03 07:22:00,15.70623684967915,70.56648220867883,1,13.767482552500365,7,1,0,normal
2026-01-03 07:23:00,26.547855887327085,50.26954872524706,0,25.217394345511085,7,1,0,normal
2026-01-03 07:24:00,31.623264059897544,58.47870685962095,0,20.36518193364366,7,2,0,normal
2026-01-03 07:25:00,27.85100647897229,72.7137139997133,0,25.935534262107982,7,1,0,normal
2026-01-03 07:26:00,24.985576954486877,14.623037866888026,1,18.368062864067163,7,1,0,normal
2026-01-03 07:27:00,21.464370089264165,69.18310647050562,0,13.537598877646575,7,1,0,normal
2026-01-03 07:28:00,18.447018203691464,50.83095367675001,0,6.651817228873629,7,1,0,normal
2026-01-03 07:29:00,30.00850795794929,56.52572557460667,0,29.21882206457427,7,1,0,normal
2026-01-03 07:30:00,30.482629728313512,37.573951673776236,0,25.47293240786357,7,1,0,normal
2026-01-03 07:31:00,15.725621279855602,38.673134023272226,0,22.85363806920958,7,3,0,normal
2026-01-03 07:32:00,34.53903386908411,57.33268834719482,0,25.191012843687936,7,1,0,normal
2026-01-03 07:33:00,28.444427325364007,85.76896700497204,0,29.8935587974834,7,1,0,normal
2026-01-03 07:34:00,33.39756787087476,65.04969969222353,0,6.535243148627835,7,1,0,normal
2026-01-03 07:35:00,16.94723350908931,68.98284382127811,0,20.666693227516262,7,1,0,normal
2026-01-03 07:36:00,16.805055067507368,47.119980946078705,0,5.513893430869858,7,2,0,normal
2026-01-03 07:37:00,24.10618414139622,40.996936631215576,1,16.847796092308574,7,1,0,normal
2026-01-03 07:38:00,28.016706561371166,38.287925726315095,0,22.639307438486448,7,1,0,normal
2026-01-03 07:39:00,95.90792636680649,42.67589412954968,0,17.184367479151923,7,1,1,crypto_mining
2026-01-03 07:40:00,29.236473482890787,19.20826350244212,0,34.09916455512152,7,2,0,normal
2026-01-03 07:41:00,23.5439123391278,39.12620985662597,0,17.67143832069979,7,1,0,normal
2026-01-03 07:42:00,18.84178475400465,41.59470265910235,1,13.83819041245053,7,1,0,normal
2026-01-03 07:43:00,32.3800034363149,47.36962738407738,15,20.255916018628724,1,1,1,brute_force_login
2026-01-03 07:44:00,19.21176744549571,51.97625164620938,1,11.712680972313548,7,1,0,normal
2026-01-03 07:45:00,34.770811328633926,55.43676302938416,0,12.988287385907668,7,1,0,normal
2026-01-03 07:46:00,23.293692102360943,49.7761194133556,1,27.491799647392245,7,2,0,normal
2026-01-03 07:47:00,34.5434924357071,41.278353704858645,0,27.922174831279598,7,2,0,normal
2026-01-03 07:48:00,29.07358774035567,20.549620351017193,0,21.256652749990824,7,1,0,normal
2026-01-03 07:49:00,24.17802706334525,41.3703708739731,0,24.88240204122587,7,1,0,normal
2026-01-03 07:50:00,21.88362176904324,35.41324043469493,0,36.70714491252169,7,1,0,normal
2026-01-03 07:51:00,22.95455273592352,56.99100122417906,1,19.533023105888688,7,1,0,normal
2026-01-03 07:52:00,27.569900154251425,63.63931095040541,1,13.064937744881773,7,1,0,normal
2026-01-03 07:53:00,25.4629389773063,64.07856600589909,0,24.286028948008813,7,1,0,normal
2026-01-03 07:54:00,21.43713155158777,61.3542910419173,0,26.681915999643206,7,1,0,normal
2026-01-03 07:55:00,24.006211538094206,47.99711396821267,0,27.469561669289504,7,1,0,normal
2026-01-03 07:56:00,25.471462178314898,42.17066651786155,0,29.15347149605252,7,1,0,normal
2026-01-03 07:57:00,12.227595433511127,38.79345869499401,1,27.95937376743512,7,1,0,normal
2026-01-03 07:58:00,27.749008688732193,879.9002376193637,0,24.16030617605873,7,1,1,data_exfiltration
2026-01-03 07:59:00,19.121672651699157,64.87780550761786,0,25.08716591027036,7,1,0,normal
2026-01-03 08:00:00,18.08000558076553,47.37933443105038,0,23.2860143579716,8,1,0,normal
2026-01-03 08:01:00,14.875933917335738,31.304895595686894,0,7.285231713470278,8,2,0,normal
2026-01-03 08:02:00,14.236645012792659,37.602629364346484,0,6.2520645190905935,8,1,0,normal
2026-01-03 08:03:00,16.867314981326267,36.995398153511715,1,11.57386860578276,8,1,0,normal
2026-01-03 08:04:00,20.745874254217057,50.6453672752269,0,26.558385180316296,8,1,0,normal
2026-01-03 08:05:00,36.719554825159406,66.0120177660603,0,16.498709169708142,8,1,0,normal
2026-01-03 08:06:00,21.844721944628777,44.780156756066255,0,21.08962819100179,8,3,0,normal
2026-01-03 08:07:00,26.066500637608186,16.211997278245263,0,32.50634998355295,8,1,0,normal
2026-01-03 08:08:00,27.40288831903797,47.162294972616195,1,28.6694716383984,8,1,0,normal
2026-01-03 08:09:00,25.786391117295093,47.657091498542066,0,2.6163268173567964,8,1,0,normal
2026-01-03 08:10:00,24.535339235644038,46.626196535967175,0,25.84149996505359,8,3,0,normal
2026-01-03 08:11:00,17.828237418404534,40.588082502864474,0,200.42157651455233,8,13,1,credential_stuffing
2026-01-03 08:12:00,33.70556528967527,53.261586210887636,2,14.753411691565802,8,1,0,normal
2026-01-03 08:13:00,35.84317986182731,50.99211672723503,19,17.37998043998261,3,2,1,brute_force_login
2026-01-03 08:14:00,14.904047835263885,49.62754528810029,0,17.491539416892163,8,2,0,normal
2026-01-03 08:15:00,18.85582845468172,56.189620421644484,1,9.506758238407857,8,1,0,normal
2026-01-03 08:16:00,23.321137945737963,43.5525076527822,0,21.9563296114551,8,1,0,normal
2026-01-03 08:17:00,19.21277323053885,42.7012149544902,0,37.41266971440028,8,1,0,normal
2026-01-03 08:18:00,28.03579332073519,70.70184934378099,0,28.12752872277934,8,3,0,normal
2026-01-03 08:19:00,20.63036678556032,58.39033114573154,1,3.7901058074393355,8,1,0,normal
2026-01-03 08:20:00,37.99033640683962,62.40419091414199,0,22.330666059074222,8,1,0,normal
2026-01-03 08:21:00,32.14329156606158,68.39156878001103,34,22.329808204075647,2,2,1,brute_force_login
2026-01-03 08:22:00,26.27544418379329,57.889162709372,0,12.040876669568906,8,1,0,normal
2026-01-03 08:23:00,31.161917579918395,63.925830187042564,29,10.312940762938858,2,1,1,brute_force_login
2026-01-03 08:24:00,31.635402546143855,26.309822568946096,0,27.181427055102464,8,3,0,normal
2026-01-03 08:25:00,21.61631507165054,53.06230807994041,0,20.83941123683362,8,1,0,normal
2026-01-03 08:26:00,20.10269653274821,47.25922307278509,1,16.181721154031088,8,2,0,normal
2026-01-03 08:27:00,25.468858377817885,75.16526136349714,0,24.820339778973736,8,1,0,normal
2026-01-03 08:28:00,30.169816746987664,63.9146829770495,0,36.93858960168413,8,1,0,normal
2026-01-03 08:29:00,25.834362391920507,40.543322138102305,1,22.063751587006337,8,1,0,normal
2026-01-03 08:30:00,15.538021106854018,55.59191237793809,0,22.3308932103272,8,1,0,normal
2026-01-03 08:31:00,20.183053336294947,52.5152200017386,0,209.16506348245653,8,17,1,credential_stuffing
2026-01-03 08:32:00,24.55616281843373,56.81497149728343,0,16.8622297035642,8,1,0,normal
2026-01-03 08:33:00,24.546006374045017,34.717362959380225,0,26.552940448658124,8,1,0,normal
2026-01-03 08:34:00,36.83525306073885,55.40024697857338,1,18.459287005020915,8,1,0,normal
2026-01-03 08:35:00,16.684072345606012,46.57772976067648,1,23.99937313249137,8,1,0,normal
2026-01-03 08:36:00,28.033535451015247,54.236746460834006,0,32.004939910237894,8,1,0,normal
2026-01-03 08:37:00,33.93467864996974,39.13422252316745,0,25.958043775975277,8,2,0,normal
2026-01-03 08:38:00,38.628698472536776,41.22405242905101,0,9.810578964525284,8,1,0,normal
2026-01-03 08:39:00,22.57361546089623,67.60763030550054,1,9.342407322777646,8,1,0,normal
2026-01-03 08:40:00,27.9485767163212,34.226786624897585,1,30.026205366238628,8,2,0,normal
2026-01-03 08:41:00,28.41856214319188,35.33368398436927,0,19.10257465792158,8,3,0,normal
2026-01-03 08:42:00,26.172890389319743,49.22628114176633,1,22.08668854285899,8,2,0,normal
2026-01-03 08:43:00,24.406928792564162,38.42164437221068,0,13.665165625070582,8,2,0,normal
2026-01-03 08:44:00,27.615852337000277,36.72457051605802,0,24.92846025846771,8,1,0,normal
2026-01-03 08:45:00,9.806523488681888,51.576139568124425,1,35.10299874563261,8,3,0,normal
2026-01-03 08:46:00,29.092416940375788,27.42401214644443,2,21.212863282972233,8,1,0,normal
2026-01-03 08:47:00,25.757067421971804,34.88056647629543,0,25.182945990044985,8,1,0,normal
2026-01-03 08:48:00,23.665150619330408,80.81143374385465,0,29.96368917457317,8,1,0,normal
2026-01-03 08:49:00,37.281173174317345,56.89212588453513,0,33.441063980055674,8,4,0,normal
2026-01-03 08:50:00,20.950395887256686,38.80154971595133,0,202.89628844122274,8,11,1,credential_stuffing
2026-01-03 08:51:00,22.581544065609815,56.27322617399295,0,23.309147263469175,8,1,0,normal
2026-01-03 08:52:00,36.949319813228406,58.509957154799444,0,30.201075488329636,8,1,0,normal
2026-01-03 08:53:00,20.007632170900862,64.91621630135357,0,32.432699785553716,8,1,0,normal
2026-01-03 08:54:00,21.699308302380768,48.092659558149045,1,16.610599764164697,8,1,0,normal
2026-01-03 08:55:00,24.1178474594149,64.64746554159333,1,14.638714108520585,8,3,0,normal
2026-01-03 08:56:00,30.044406892777296,19.423302126767407,37,18.760163681037355,2,1,1,brute_force_login
2026-01-03 08:57:00,26.24681504411988,34.1553780428637,0,17.433955355877842,8,2,0,normal
2026-01-03 08:58:00,17.244247917086426,52.45807102604684,1,212.51810964298053,8,11,1,credential_stuffing
2026-01-03 08:59:00,21.80698862123686,54.944502992116874,0,23.29567476883387,8,1,0,normal
2026-01-03 09:00:00,36.35587340072673,66.32326568497038,0,40.673422526267345,9,1,0,normal
2026-01-03 09:01:00,39.536673728661725,83.89129986894739,0,57.473254421622045,9,1,0,normal
2026-01-03 09:02:00,42.555061951778974,650.9771488975225,0,41.76279364078461,9,3,1,data_exfiltration
2026-01-03 09:03:00,42.509234535327835,75.84561358659252,0,40.19063248309413,9,3,0,normal
2026-01-03 09:04:00,29.343929475709587,95.37160700997516,0,35.641233997279954,9,1,0,normal
2026-01-03 09:05:00,46.38364592536514,93.634062453329,0,55.05801463248905,9,1,0,normal
2026-01-03 09:06:00,41.515413075979744,65.04409508955106,0,34.65271450598948,9,1,0,normal
2026-01-03 09:07:00,48.30719228556344,64.14122806969844,0,48.658940611831945,9,1,0,normal
2026-01-03 09:08:00,42.665189963744034,73.83239906670026,1,50.556559386195076,9,2,0,normal
2026-01-03 09:09:00,46.60793774641457,79.59880548240612,0,21.668462522169612,9,1,0,normal
2026-01-03 09:10:00,42.799271868700764,70.13152267137889,2,34.53025269558573,9,2,0,normal
2026-01-03 09:11:00,48.07735453721649,95.60963664199502,0,41.977232414017635,9,1,0,normal
2026-01-03 09:12:00,43.13350381610667,85.21084762562833,1,60.156245952634926,9,1,0,normal
2026-01-03 09:13:00,39.41250852134257,86.09127664811643,1,41.97925068001909,9,1,0,normal
2026-01-03 09:14:00,53.63460832268129,61.00191756582542,1,40.9722915519792,9,1,0,normal
2026-01-03 09:15:00,45.334222733679354,97.50936076075669,1,39.001278935567036,9,1,0,normal
2026-01-03 09:16:00,43.44246652602648,37.697467666389635,1,38.87628547255403,9,2,0,normal
2026-01-03 09:17:00,32.34217350076999,92.51083177774053,0,39.91885057495737,9,1,0,normal
2026-01-03 09:18:00,32.270154295218774,94.01467606506156,0,39.62303571592428,9,1,0,normal
2026-01-03 09:19:00,41.75629289285112,73.51398219083057,1,39.281101488209245,9,3,0,normal
2026-01-03 09:20:00,40.873127186609445,99.09365325871136,0,39.27195038892993,9,1,0,normal
2026-01-03 09:21:00,36.315264609950106,79.0535367056848,0,41.950641460088946,9,3,0,normal
2026-01-03 09:22:00,40.84589619767236,80.93647554991165,1,52.60648073122091,9,1,0,normal
2026-01-03 09:23:00,49.53176156826157,85.09293181106324,0,36.03085013762053,9,1,0,normal
2026-01-03 09:24:00,44.172414847301795,127.79862367716582,0,39.824204395100594,9,1,0,normal
2026-01-03 09:25:00,33.15394894148357,100.16650862124507,1,40.84249143859136,9,3,0,normal
2026-01-03 09:26:00,39.33094703714234,90.51696801069377,0,44.99959748265724,9,1,0,normal
2026-01-03 09:27:00,35.170201114884634,66.30793270098208,0,38.89734180474026,9,4,0,normal
2026-01-03 09:28:00,37.673800501548634,82.15384738219238,26,61.603168605148014,2,1,1,brute_force_login
2026-01-03 09:29:00,37.51830600622215,67.80313859230421,0,49.665723190542295,9,1,0,normal
2026-01-03 09:30:00,37.13412650437597,92.3316627092422,0,52.79527590318942,9,1,0,normal
2026-01-03 09:31:00,32.46918776815963,82.10700463602285,1,46.90868600830405,9,1,0,normal
2026-01-03 09:32:00,39.23407191089086,63.13217480579157,1,56.234823308984424,9,1,0,normal
2026-01-03 09:33:00,36.63635417891614,81.21686875127754,0,35.85481773722693,9,2,0,normal
2026-01-03 09:34:00,22.42330785998639,67.25873795425542,0,40.54023343441141,9,2,0,normal
2026-01-03 09:35:00,52.31783214700998,82.2682433200632,1,38.46741887166462,9,1,0,normal
2026-01-03 09:36:00,46.53261792530003,67.11384025452115,0,43.62893430099667,9,2,0,normal
2026-01-03 09:37:00,37.74219565045002,80.4123145004122,0,57.6696781726984,9,4,0,normal
2026-01-03 09:38:00,40.11291429844359,91.25704792902643,0,62.594991136527284,9,1,0,normal
2026-01-03 09:39:00,32.97007391609463,79.20422012112341,0,52.63706571339547,9,1,0,normal
2026-01-03 09:40:00,50.174337266865194,74.13667599241417,1,44.21630625580752,9,2,0,normal
2026-01-03 09:41:00,51.38373216863867,83.04914331586194,0,53.960365479452065,9,1,0,normal
2026-01-03 09:42:00,40.94016236947915,90.4577393118928,1,56.86511827300742,9,1,0,normal
2026-01-03 09:43:00,46.14118386511207,63.39225095177359,1,54.41209969846881,9,1,0,normal
2026-01-03 09:44:00,41.05172067360354,83.90984232057804,1,43.930921126721124,9,1,0,normal
2026-01-03 09:45:00,31.979647366744416,99.763112285261,1,44.14378410063896,9,3,0,normal
2026-01-03 09:46:00,37.529059786218056,88.60485444915074,0,39.73393355059786,9,1,0,normal
2026-01-03 09:47:00,40.79156780063174,80.86631220000842,0,43.03827919234251,9,3,0,normal
2026-01-03 09:48:00,37.27271368753934,89.59606260048342,1,38.605667300380055,9,1,0,normal
2026-01-03 09:49:00,38.688080335389785,86.78744684154023,0,44.48468601065804,9,2,0,normal
2026-01-03 09:50:00,39.45160265494531,91.30401663739721,0,44.81485959496333,9,1,0,normal
2026-01-03 09:51:00,39.51472901280723,49.64102583525583,0,38.0913871387583,9,1,0,normal
2026-01-03 09:52:00,40.3135509429849,56.69815799505102,1,66.48314731662546,9,1,0,normal
2026-01-03 09:53:00,33.636369601620395,95.07243724224855,0,47.36875410651616,9,1,0,normal
2026-01-03 09:54:00,35.697903105232385,57.42081235757839,1,55.33958546174783,9,1,0,normal
2026-01-03 09:55:00,32.292494405800184,86.02307953578807,0,54.60492758923372,9,1,0,normal
2026-01-03 09:56:00,45.866893298117205,74.71925515951563,0,60.54392144454948,9,2,0,normal
2026-01-03 09:57:00,27.366118348958054,65.05716131606005,1,37.74387213763296,9,1,0,normal
2026-01-03 09:58:00,46.921542059901554,85.24474635721211,0,40.63782457227458,9,2,0,normal
2026-01-03 09:59:00,48.31809638357706,83.01550255574855,0,30.487592660431723,9,1,0,normal
2026-01-03 10:00:00,38.18691647810427,111.65513978144565,0,32.05911746612572,10,1,0,normal
2026-01-03 10:01:00,24.38117747303621,70.62783193196167,0,36.92204257516809,10,1,0,normal
2026-01-03 10:02:00,37.83213662819626,101.6016518010376,0,43.78538982314203,10,2,0,normal
2026-01-03 10:03:00,39.614895032267086,85.28634371576472,0,44.246729176644926,10,1,0,normal
2026-01-03 10:04:00,33.93641068042652,70.08467177685931,1,70.40024424275438,10,1,0,normal
2026-01-03 10:05:00,36.908689637150545,91.98869686275867,0,49.026143254034515,10,1,0,normal
2026-01-03 10:06:00,49.181171193180106,88.48607756680927,0,52.762040922629254,10,1,0,normal
2026-01-03 10:07:00,43.98956297381044,80.53764942287074,0,46.13656372746455,10,1,0,normal
2026-01-03 10:08:00,34.4526153137314,83.99443034660935,0,34.49781723812549,10,1,0,normal
2026-01-03 10:09:00,30.414404982427406,71.04519453431702,0,47.37370641670155,10,1,0,normal
2026-01-03 10:10:00,38.03789609434137,67.6131931211824,0,32.086461911013146,10,1,0,normal
2026-01-03 10:11:00,38.71925932389737,91.39163260733875,0,43.556256698207655,10,1,0,normal
2026-01-03 10:12:00,42.9771951241799,76.64090863530089,0,50.183915292286216,10,1,0,normal
2026-01-03 10:13:00,36.78809972459405,78.7987550262636,0,40.3020874110499,10,1,0,normal
2026-01-03 10:14:00,43.06899745217117,84.19732393916416,1,46.5431725539738,10,2,0,normal
2026-01-03 10:15:00,51.61092424036137,83.97932517175713,0,40.18381503789413,10,1,0,normal
2026-01-03 10:16:00,44.893006134665576,58.560102935389025,0,36.15621213277405,10,1,0,normal
2026-01-03 10:17:00,39.711468956015366,99.29378129682289,0,48.90282250215884,10,1,0,normal
2026-01-03 10:18:00,38.901097173680235,81.81773227851018,0,53.35651344925643,10,1,0,normal
2026-01-03 10:19:00,37.85996119492077,76.96020105766776,0,53.33641934455882,10,1,0,normal
2026-01-03 10:20:00,47.08384547471287,86.4626900775462,1,43.07049717794446,10,2,0,normal
2026-01-03 10:21:00,36.23611932429218,83.54813290422294,0,27.593578849358206,10,1,0,normal
2026-01-03 10:22:00,40.2713362539999,91.50594034234553,0,45.70655720623611,10,1,0,normal
2026-01-03 10:23:00,40.30718741128651,88.06975508226412,0,55.15478374449552,10,1,0,normal
2026-01-03 10:24:00,36.98929484313081,90.767693434944,0,34.4818054459867,10,1,0,normal
2026-01-03 10:25:00,31.765206712695395,100.26490858591274,0,59.24732771364937,10,1,0,normal
2026-01-03 10:26:00,41.937847021706006,93.25436823456458,0,28.52845729050282,10,1,0,normal
2026-01-03 10:27:00,39.6339761688677,770.7736975069431,0,48.17605565281873,10,1,1,data_exfiltration
2026-01-03 10:28:00,43.00144281661942,63.15648265884751,0,51.6380889723456,10,1,0,normal
2026-01-03 10:29:00,36.798398161365,105.01696899506773,0,56.74572537975031,10,2,0,normal
2026-01-03 10:30:00,47.324927792878285,76.43414939979331,0,48.672087393174664,10,1,0,normal
2026-01-03 10:31:00,34.73935731272893,72.90338879959216,0,42.39793636062914,10,1,0,normal
2026-01-03 10:32:00,50.27224170410736,53.94909773353341,0,46.344694245503256,10,1,0,normal
2026-01-03 10:33:00,29.514180941030432,85.07709657968167,0,39.54102275617424,10,1,0,normal
2026-01-03 10:34:00,42.60862038734135,82.23329905930655,0,29.082534164623816,10,1,0,normal
2026-01-03 10:35:00,42.85258409515974,57.27327595625779,0,43.064047796334165,10,1,0,normal
2026-01-03 10:36:00,35.226657592354705,86.79911063199764,0,48.929120174487664,10,1,0,normal
2026-01-03 10:37:00,42.54636362716607,72.52712118947841,0,53.20585330466027,10,1,0,normal
2026-01-03 10:38:00,47.677112018560955,120.3547251093304,0,41.11364589603919,10,1,0,normal
2026-01-03 10:39:00,26.699086963875615,71.45958211863697,0,56.81734328643785,10,2,0,normal
2026-01-03 10:40:00,43.01646884494489,527.0139261578818,0,43.656233260402026,10,1,1,data_exfiltration
2026-01-03 10:41:00,25.040375078019537,66.87835663618449,0,48.82852438966065,10,1,0,normal
2026-01-03 10:42:00,34.20601117886075,99.16814781562958,0,50.967403096439824,10,1,0,normal
2026-01-03 10:43:00,49.77499818940567,74.4083630830287,0,45.42720518980487,10,3,0,normal
2026-01-03 10:44:00,36.50930779964767,69.12628769351755,0,44.27506218726124,10,1,0,normal
2026-01-03 10:45:00,32.95672021354616,90.60432514880813,2,57.45700777092249,10,1,0,normal
2026-01-03 10:46:00,38.81237362609191,59.29470596880222,0,31.407890853738454,10,1,0,normal
2026-01-03 10:47:00,52.40743802898131,89.37665819373422,0,45.339308419625816,10,2,0,normal
2026-01-03 10:48:00,29.00990651676384,106.72099574901287,0,30.324460539407195,10,2,0,normal
2026-01-03 10:49:00,33.69214053016393,88.49911749252634,0,30.619819558997364,10,3,0,normal
2026-01-03 10:50:00,48.98459009907776,89.56847474389888,0,44.5751975133431,10,3,0,normal
2026-01-03 10:51:00,51.146214061226395,93.05090325361226,0,40.79285707757443,10,1,0,normal
2026-01-03 10:52:00,39.379412654258296,574.3023578572981,0,61.631568189601,10,1,1,data_exfiltration
2026-01-03 10:53:00,32.56568378484015,98.14840940028657,0,42.972950668159946,10,1,0,normal
2026-01-03 10:54:00,52.57506101085495,86.59504583409536,2,54.081179675493914,10,1,0,normal
2026-01-03 10:55:00,49.566654350495185,93.55837100954002,0,45.41310177861487,10,1,0,normal
2026-01-03 10:56:00,44.0736819265734,66.71097611802334,0,35.38738580571804,10,3,0,normal
2026-01-03 10:57:00,35.12558590637548,91.64440386120984,0,30.898946477553018,10,1,0,normal
2026-01-03 10:58:00,39.70582395497178,64.91666043224379,1,34.08999089355894,10,2,0,normal
2026-01-03 10:59:00,39.037839513731015,74.4946637205256,19,47.623392163618846,2,1,1,brute_force_login
2026-01-03 11:00:00,41.98510782769347,33.76156737285144,0,57.776967799857196,11,1,0,normal
2026-01-03 11:01:00,48.70600862878801,86.02144489051193,0,37.69060530111214,11,1,0,normal
2026-01-03 11:02:00,45.27650224682442,70.3419198333747,0,51.702790191729,11,3,0,normal
2026-01-03 11:03:00,33.53574353809145,96.66717822806694,1,43.54622844170646,11,2,0,normal
2026-01-03 11:04:00,48.258978700117225,85.85288915908104,1,36.481201313097294,11,1,0,normal
2026-01-03 11:05:00,41.87879284007893,96.86143842052438,0,47.836887453908645,11,1,0,normal
2026-01-03 11:06:00,44.122394775153495,63.746051829911934,1,57.73148425917987,11,1,0,normal
2026-01-03 11:07:00,48.79924515567161,95.5757905573945,1,44.39628018594204,11,1,0,normal
2026-01-03 11:08:00,33.33051850291869,111.5878451654499,0,51.63636400345062,11,1,0,normal
2026-01-03 11:09:00,39.785046527761224,91.46237449897842,0,47.4691944946723,11,1,0,normal
2026-01-03 11:10:00,36.81127269184471,91.85523513038433,1,47.48294358197963,11,2,0,normal
2026-01-03 11:11:00,30.592843447807265,82.54396514592402,0,38.57517468553723,11,1,0,normal
2026-01-03 11:12:00,42.08025986562952,72.12996829151953,1,48.92652001717846,11,1,0,normal
2026-01-03 11:13:00,55.069339309506546,91.41788559052263,1,247.16972260707797,11,18,1,credential_stuffing
2026-01-03 11:14:00,28.959533532965484,57.408756343968975,0,47.8907493752311,11,1,0,normal
2026-01-03 11:15:00,39.80631633370318,73.73367312618775,0,55.980246812217324,11,1,0,normal
2026-01-03 11:16:00,43.84325761044864,53.43414796494227,0,59.4314767396081,11,1,0,normal
2026-01-03 11:17:00,40.73846920993709,69.44515434027376,0,36.66184356273512,11,3,0,normal
2026-01-03 11:18:00,39.321231684905555,89.63067637840342,0,48.53387117492504,11,1,0,normal
2026-01-03 11:19:00,32.20470181932505,87.58090064330695,0,39.357715679754264,11,1,0,normal
2026-01-03 11:20:00,41.39672045764098,80.76370543303209,0,46.12414436849656,11,1,0,normal
2026-01-03 11:21:00,35.45941613790444,82.55601491093016,0,60.3772866802603,11,3,0,normal
2026-01-03 11:22:00,26.86046977012868,51.71203073203686,0,52.02201151699111,11,2,0,normal
2026-01-03 11:23:00,47.16755332308239,74.41156579143627,0,39.78036557132174,11,1,0,normal
2026-01-03 11:24:00,45.75031491905226,69.77972590347186,1,39.32944589856201,11,1,0,normal
2026-01-03 11:25:00,40.30996586110648,70.11410464228189,0,45.13571445334027,11,1,0,normal
2026-01-03 11:26:00,41.37444812923422,88.9936794172063,0,45.67994219893973,11,2,0,normal
2026-01-03 11:27:00,46.44590807629337,67.09239010242034,0,46.063185894513595,11,2,0,normal
2026-01-03 11:28:00,41.346037940668495,70.92978724808884,0,33.08635634321554,11,2,0,normal
2026-01-03 11:29:00,45.42410532856789,48.69396131435725,1,60.992822834447864,11,1,0,normal
2026-01-03 11:30:00,38.2151067947569,75.58815229435746,1,61.7830882292007,11,1,0,normal
2026-01-03 11:31:00,47.87190243144368,63.6824367842957,0,48.834650989321524,11,1,0,normal
2026-01-03 11:32:00,41.9247143555961,81.18804393034465,1,38.03886869833481,11,2,0,normal
2026-01-03 11:33:00,41.164311661635246,65.73337929886303,1,39.98420898162051,11,1,0,normal
2026-01-03 11:34:00,32.37963346772781,81.56813368323824,2,37.46458880419839,11,3,0,normal
2026-01-03 11:35:00,41.721735125810255,77.82971358886485,0,36.74273319225101,11,1,0,normal
2026-01-03 11:36:00,35.008270495033294,105.08062659563481,0,39.9275491488911,11,1,0,normal
2026-01-03 11:37:00,36.17030364082903,87.4582697067979,2,48.37852148713159,11,1,0,normal
2026-01-03 11:38:00,35.107746230103274,52.40543191156546,0,46.027698676914994,11,2,0,normal
2026-01-03 11:39:00,33.60259040860465,61.026667338459376,1,57.1937242527711,11,2,0,normal
2026-01-03 11:40:00,52.748628418101774,80.828120134885,1,32.81418686197678,11,3,0,normal
2026-01-03 11:41:00,47.98803437193042,66.05228077411024,1,37.953190550027834,11,1,0,normal
2026-01-03 11:42:00,51.52220501286557,35.47447354646222,0,28.999073394878117,11,3,0,normal
2026-01-03 11:43:00,32.662629882666614,100.24319470750615,0,46.157497396942965,11,3,0,normal
2026-01-03 11:44:00,40.427522499465354,90.80336025358112,1,57.805129188783766,11,2,0,normal
2026-01-03 11:45:00,32.23895424877543,87.81465310237657,0,41.22042442490311,11,1,0,normal
2026-01-03 11:46:00,35.825830736817615,70.89015431793628,0,55.92341257535497,11,1,0,normal
2026-01-03 11:47:00,34.49123809950055,86.41515156514895,0,50.55012694187478,11,2,0,normal
2026-01-03 11:48:00,47.437504038649365,69.43459513668678,1,51.93423296467203,11,3,0,normal
2026-01-03 11:49:00,37.62262193138944,83.07285950326536,0,49.687204407328466,11,2,0,normal
2026-01-03 11:50:00,46.410276002164096,66.19125161245285,0,59.42574523136844,11,1,0,normal
2026-01-03 11:51:00,43.62472533753111,102.74432675834021,1,43.39836589152305,11,1,0,normal
2026-01-03 11:52:00,53.82183251262873,56.44645018877233,0,50.494399303914726,11,2,0,normal
2026-01-03 11:53:00,31.123334661161657,98.48425744266247,0,59.76385672851861,11,1,0,normal
2026-01-03 11:54:00,47.55539943872079,80.58373742025995,0,36.813554466856544,11,1,0,normal
2026-01-03 11:55:00,46.878645222404366,512.791467034118,0,43.278767218967886,11,2,1,data_exfiltration
2026-01-03 11:56:00,34.15972697183779,82.50504382543608,0,49.59821872056847,11,1,0,normal
2026-01-03 11:57:00,46.04280001883896,91.00022010767272,0,38.13034291147759,11,1,0,normal
2026-01-03 11:58:00,42.01686977815737,100.50120105041596,0,37.79429803185439,11,1,0,normal
2026-01-03 11:59:00,38.63514244027955,84.69714534700299,0,61.23975912607903,11,1,0,normal
2026-01-03 12:00:00,35.056387078168,66.63955872106584,1,38.50364491594892,12,2,0,normal
2026-01-03 12:01:00,35.68534329130488,80.83445185648682,0,42.068605687667706,12,2,0,normal
2026-01-03 12:02:00,90.57680001765968,107.25189854993559,0,46.72736236549034,12,1,1,crypto_mining
2026-01-03 12:03:00,40.004096913744895,100.21517128268937,1,48.42965039789509,12,3,0,normal
2026-01-03 12:04:00,44.69278000918875,93.63145217186538,1,40.63812643929959,12,1,0,normal
2026-01-03 12:05:00,35.25460370999468,91.9353053018358,0,43.33676712382879,12,3,0,normal
2026-01-03 12:06:00,35.320882322670165,90.49175135909813,0,36.985438723806226,12,1,0,normal
2026-01-03 12:07:00,46.49190885549965,97.38132251764804,0,40.56998238834707,12,2,0,normal
2026-01-03 12:08:00,31.902542730690808,73.15056821417141,0,50.5626792688151,12,1,0,normal
2026-01-03 12:09:00,37.50871739256837,59.6737090133749,0,52.251621868742276,12,1,0,normal
2026-01-03 12:10:00,40.20416446643339,81.03505251105592,0,53.145323445991274,12,1,0,normal
2026-01-03 12:11:00,40.668235611040316,67.73627619833464,0,44.96116980468781,12,1,0,normal
2026-01-03 12:12:00,38.925440289903065,64.17468866934223,1,43.42622532068464,12,2,0,normal
2026-01-03 12:13:00,42.37491868657554,69.19582135118102,0,34.53798745840166,12,1,0,normal
2026-01-03 12:14:00,44.15713453490687,117.27970886800529,0,42.15286479805437,12,1,0,normal
2026-01-03 12:15:00,44.40782527275598,82.04186951113766,0,46.38747742212483,12,1,0,normal
2026-01-03 12:16:00,34.085177147993036,85.42861754541482,0,53.70482395167467,12,1,0,normal
2026-01-03 12:17:00,38.29506941242722,61.66455789493619,0,29.534651255205176,12,1,0,normal
2026-01-03 12:18:00,47.168577171261624,52.343705618110555,0,42.30529870679881,12,2,0,normal
2026-01-03 12:19:00,45.367883125443235,67.71421035321791,0,26.87341639478882,12,1,0,normal
2026-01-03 12:20:00,31.76284329111362,101.57293377813122,1,32.170313188629045,12,1,0,normal
2026-01-03 12:21:00,42.10887940211321,85.01413199114782,0,55.53970848883598,12,1,0,normal
2026-01-03 12:22:00,28.13064850375114,88.97892637166588,0,34.5861166564697,12,1,0,normal
2026-01-03 12:23:00,40.281609412362215,91.07849058803092,1,45.864588977773806,12,2,0,normal
2026-01-03 12:24:00,51.38660210047586,71.12975930302584,0,53.20942138339688,12,2,0,normal
2026-01-03 12:25:00,34.31264369638608,100.81948375960052,0,41.2555667839351,12,5,0,normal
2026-01-03 12:26:00,34.99406172705051,70.50788601166727,0,35.20713255018107,12,1,0,normal
2026-01-03 12:27:00,44.58417868943716,101.09348538893829,0,45.95323334404666,12,1,0,normal
2026-01-03 12:28:00,30.743190908742125,86.63453234203011,0,57.478665176145086,12,1,0,normal
2026-01-03 12:29:00,36.20346982068977,53.16432268630517,1,52.94205973233954,12,2,0,normal
2026-01-03 12:30:00,43.578646825490516,68.77985770099198,0,43.01299921393581,12,1,0,normal
2026-01-03 12:31:00,36.194284913863584,53.22592200691843,0,40.54394216239789,12,3,0,normal
2026-01-03 12:32:00,38.58418007673417,97.44923199191314,1,54.25122808048954,12,1,0,normal
2026-01-03 12:33:00,44.46511426189021,79.62896868796399,0,33.30851077589597,12,1,0,normal
2026-01-03 12:34:00,42.52927650121937,46.574863400753294,0,52.49580668011283,12,1,0,normal
2026-01-03 12:35:00,99.85190887925974,85.63620322579487,0,40.75588163763278,12,1,1,crypto_mining
2026-01-03 12:36:00,37.96526632437977,71.9425360641752,2,33.10270626248102,12,1,0,normal
2026-01-03 12:37:00,42.220366691613734,57.74291217450015,0,30.86794971381959,12,2,0,normal
2026-01-03 12:38:00,39.25760391940146,105.16948755453046,1,58.080864650418626,12,1,0,normal
2026-01-03 12:39:00,42.74683365955471,81.60928799144868,0,43.390928394266474,12,3,0,normal
2026-01-03 12:40:00,37.01840784929213,75.59852896530032,0,37.846118194078116,12,1,0,normal
2026-01-03 12:41:00,38.904586153722754,74.00862828520974,0,44.65037061716578,12,1,0,normal
2026-01-03 12:42:00,34.060253244687914,57.300807962633414,1,40.42185418526722,12,2,0,normal
2026-01-03 12:43:00,39.789954339962584,60.43176650623836,0,40.69326116952178,12,1,0,normal
2026-01-03 12:44:00,35.13399481822693,99.27375177312625,0,41.02992893724782,12,2,0,normal
2026-01-03 12:45:00,33.31572129902804,72.89175695321421,1,45.0664111671211,12,2,0,normal
2026-01-03 12:46:00,41.55196688713233,80.33101551405295,0,51.05934839824256,12,1,0,normal
2026-01-03 12:47:00,41.27643865514596,49.33504285698388,1,32.76861721406734,12,1,0,normal
2026-01-03 12:48:00,44.697242409691434,60.22861946306742,0,55.80356202091282,12,4,0,normal
2026-01-03 12:49:00,37.413246582549405,89.1471877981213,0,37.44006487850433,12,3,0,normal
2026-01-03 12:50:00,42.448317081020534,85.6656764017075,0,47.049489633277034,12,2,0,normal
2026-01-03 12:51:00,43.30478543364198,106.30062798086473,1,44.53482057300515,12,1,0,normal
2026-01-03 12:52:00,42.66864284698957,100.1443449744684,1,38.54467311082902,12,2,0,normal
2026-01-03 12:53:00,35.04607790318715,76.53933541272765,1,54.08253138029665,12,1,0,normal
2026-01-03 12:54:00,40.89618089362713,87.09430347069906,0,38.64669425532716,12,1,0,normal
2026-01-03 12:55:00,42.18484177632797,75.25094835645389,0,56.35043201819469,12,1,0,normal
2026-01-03 12:56:00,40.043070801447655,110.82214727957972,0,50.34418934885705,12,1,0,normal
2026-01-03 12:57:00,27.48113404977349,97.235220440786,0,39.00380725093106,12,4,0,normal
2026-01-03 12:58:00,40.96293774384088,82.54527636286628,0,35.41246027241727,12,1,0,normal
2026-01-03 12:59:00,53.275186236383455,83.00592177314527,0,53.52155611928336,12,1,0,normal
2026-01-03 13:00:00,37.839764387458104,101.67275430889711,18,35.87126911839621,1,2,1,brute_force_login
2026-01-03 13:01:00,35.63153741286807,88.69366770670771,0,43.934972609934285,13,1,0,normal
2026-01-03 13:02:00,42.24009135826839,103.37942025605129,0,50.57443931612849,13,2,0,normal
2026-01-03 13:03:00,41.87426926279943,47.0952811061169,1,48.708573603722144,13,2,0,normal
2026-01-03 13:04:00,47.156410992498486,86.91842392248198,1,43.37726895067972,13,1,0,normal
2026-01-03 13:05:00,32.45279106454667,72.26847702977922,1,39.16278904418101,13,1,0,normal
2026-01-03 13:06:00,44.388281515449954,106.34566981441989,1,50.77677879767087,13,1,0,normal
2026-01-03 13:07:00,43.542532367508784,103.19598030784744,0,29.952375588879544,13,3,0,normal
2026-01-03 13:08:00,39.14712077835672,80.4925371365196,1,47.076402093680116,13,5,0,normal
2026-01-03 13:09:00,42.03212390753014,103.03446468216548,0,34.62656942791456,13,1,0,normal
2026-01-03 13:10:00,46.17674488959014,106.74671779988759,1,37.98213671650697,13,1,0,normal
2026-01-03 13:11:00,45.2338922801707,81.1161000788922,0,47.946618092874935,13,1,0,normal
2026-01-03 13:12:00,33.14188412755763,117.07900658647786,0,39.00293794564948,13,1,0,normal
2026-01-03 13:13:00,44.92094912053291,79.52988270995417,0,54.258386078444104,13,2,0,normal
2026-01-03 13:14:00,39.61186836980489,76.78218574496137,1,50.651501655462226,13,1,0,normal
2026-01-03 13:15:00,40.437244588093094,92.98808882876514,0,39.419927993651456,13,1,0,normal
2026-01-03 13:16:00,40.439181946010166,74.69313903286529,0,43.1978856221227,13,1,0,normal
2026-01-03 13:17:00,39.09854206721044,81.2800966369234,0,36.171047682034455,13,3,0,normal
2026-01-03 13:18:00,47.15024498264239,101.14151636076365,1,48.783824365399546,13,1,0,normal
2026-01-03 13:19:00,39.497692240904726,80.28828278325905,0,57.54504554944415,13,1,0,normal
2026-01-03 13:20:00,33.28272322970099,54.574733105370385,0,35.4390040468666,13,2,0,normal
2026-01-03 13:21:00,37.638820864181625,85.50979081773795,1,46.50727008311411,13,3,0,normal
2026-01-03 13:22:00,41.072168300862856,69.55559631421409,0,47.58758252622682,13,1,0,normal
2026-01-03 13:23:00,47.3752887057823,92.9790673594182,0,34.99969768152988,13,1,0,normal
2026-01-03 13:24:00,43.618568109693,90.44284573739368,0,36.93278341384494,13,1,0,normal
2026-01-03 13:25:00,34.89678832751774,102.07100522249783,0,30.533344805976476,13,1,0,normal
2026-01-03 13:26:00,54.91113950007335,93.61298451189046,0,49.48680706222012,13,1,0,normal
2026-01-03 13:27:00,41.58865186586788,96.35366425487098,2,42.122509508570715,13,1,0,normal
2026-01-03 13:28:00,47.65234442799409,69.9635485979343,0,39.1949791232841,13,1,0,normal
2026-01-03 13:29:00,39.089713398536624,92.05979743835753,0,61.514550498255545,13,1,0,normal
2026-01-03 13:30:00,43.200155468232694,109.52676934040436,0,30.58386302850038,13,1,0,normal
2026-01-03 13:31:00,45.03681102711043,69.6702513704485,1,55.28018999962178,13,1,0,normal
2026-01-03 13:32:00,47.30916827052553,106.99607437590647,1,27.767471487563274,13,1,0,normal
2026-01-03 13:33:00,46.34420983226935,71.75974863198005,1,40.83402358640547,13,1,0,normal
2026-01-03 13:34:00,45.233182000437864,67.22043132425038,0,31.41165244976763,13,1,0,normal
2026-01-03 13:35:00,38.10947961283535,84.44300665032257,0,38.43984828971597,13,3,0,normal
2026-01-03 13:36:00,36.569523748263634,90.73865624193215,2,40.672869897989315,13,1,0,normal
2026-01-03 13:37:00,41.99564506194518,93.67625185958397,0,39.32206457087774,13,1,0,normal
2026-01-03 13:38:00,45.59876843404642,65.57356368840198,1,47.0005440694899,13,1,0,normal
2026-01-03 13:39:00,38.66367579534036,86.51810145881436,0,52.02171337131219,13,2,0,normal
2026-01-03 13:40:00,46.39103179428632,69.71668142774742,0,44.09480010459812,13,1,0,normal
2026-01-03 13:41:00,48.71570047291708,57.66616615894135,0,47.58710587465096,13,1,0,normal
2026-01-03 13:42:00,34.50207448555948,66.06895526700823,0,57.487888078923206,13,1,0,normal
2026-01-03 13:43:00,34.97847577722232,68.73649451066272,1,39.416078323809984,13,2,0,normal
2026-01-03 13:44:00,39.15774964656798,87.8239274052876,0,52.23098612808231,13,2,0,normal
2026-01-03 13:45:00,41.845676009135175,97.28320494603003,0,65.20470655034987,13,1,0,normal
2026-01-03 13:46:00,36.852597917397695,57.901900551871,0,59.51311824295524,13,1,0,normal
2026-01-03 13:47:00,48.113216073202864,85.27941611312083,0,58.0345967758376,13,2,0,normal
2026-01-03 13:48:00,42.54440116911071,62.3495272134364,0,50.82491174684169,13,1,0,normal
2026-01-03 13:49:00,40.23668228944444,89.43628113521001,0,54.20928039295161,13,1,0,normal
2026-01-03 13:50:00,31.384542856788833,70.65904128494378,0,41.12923849184935,13,3,0,normal
2026-01-03 13:51:00,32.10510510143496,64.23006472965082,0,187.80382393501316,13,11,1,credential_stuffing
2026-01-03 13:52:00,41.68605550169084,91.99496773021362,0,43.41917318247365,13,1,0,normal
2026-01-03 13:53:00,27.204426243070984,71.19616091832357,0,39.69325890441888,13,1,0,normal
2026-01-03 13:54:00,46.07582445786443,75.26054072970953,0,46.172637412280764,13,2,0,normal
2026-01-03 13:55:00,92.67694526799701,46.700163686654356,0,40.80258560571911,13,1,1,crypto_mining
2026-01-03 13:56:00,59.4585578175684,94.1982704213521,0,45.49789417248303,13,1,0,normal
2026-01-03 13:57:00,53.847497503696665,92.31362781753661,0,33.95403305027851,13,2,0,normal
2026-01-03 13:58:00,38.9113055845149,80.08186766421971,0,40.73247949671364,13,1,0,normal
2026-01-03 13:59:00,39.36197798481211,57.08628587966361,0,55.525070837459985,13,1,0,normal
2026-01-03 14:00:00,45.97348908401218,98.14053767502145,1,46.55963880839256,14,1,0,normal
2026-01-03 14:01:00,50.21903565950822,70.00604920458814,1,55.67764105792874,14,1,0,normal
2026-01-03 14:02:00,30.1718256553839,73.19969824849117,1,40.155360217951994,14,2,0,normal
2026-01-03 14:03:00,29.28174720787188,114.68066084539296,1,43.01360543285275,14,1,0,normal
2026-01-03 14:04:00,36.26779116667371,69.44545333836156,0,46.71944010245574,14,1,0,normal
2026-01-03 14:05:00,43.496425499043184,91.1331494363975,0,43.44249359910886,14,1,0,normal
2026-01-03 14:06:00,42.981241543045584,88.43138393123927,1,33.84579222266468,14,1,0,normal
2026-01-03 14:07:00,46.418628729903105,85.85258289320127,1,49.534839669960164,14,1,0,normal
2026-01-03 14:08:00,32.80181482980815,84.23000813831766,3,37.11528478758686,14,1,0,normal
2026-01-03 14:09:00,26.10313682218674,85.64582842833799,2,44.91661923056579,14,2,0,normal
2026-01-03 14:10:00,45.14808517181287,84.07910886410811,0,27.956146051980056,14,1,0,normal
2026-01-03 14:11:00,35.030822362208596,79.22122461835909,0,39.811265742690594,14,1,0,normal
2026-01-03 14:12:00,27.88907281366817,102.66924686166114,0,43.99005383503665,14,2,0,normal
2026-01-03 14:13:00,93.51496574536277,60.31009158801083,1,49.490509073308026,14,2,1,crypto_mining
2026-01-03 14:14:00,44.75905412931206,95.32187156023065,0,35.11655492684655,14,1,0,normal
2026-01-03 14:15:00,39.267657207272336,92.33513448031327,0,37.87051392008251,14,1,0,normal
2026-01-03 14:16:00,37.25290968290506,90.47598681994101,0,59.11433654982014,14,2,0,normal
2026-01-03 14:17:00,39.04382660712456,96.75469141460192,0,60.721781155213236,14,1,0,normal
2026-01-03 14:18:00,37.7765034255953,78.6110090709741,1,49.11764666782071,14,2,0,normal
2026-01-03 14:19:00,31.911717328358996,51.96538886259685,1,55.237153160833884,14,1,0,normal
2026-01-03 14:20:00,35.71191593805741,78.9156101042827,0,41.840760185804214,14,3,0,normal
2026-01-03 14:21:00,43.127679430082885,65.13208673563169,0,50.22652434983124,14,2,0,normal
2026-01-03 14:22:00,41.930071248259,69.02211185212904,0,49.8245338197833,14,1,0,normal
2026-01-03 14:23:00,41.00835883580092,61.36370489251382,0,37.46720322689171,14,1,0,normal
2026-01-03 14:24:00,34.02910910887972,72.83982712334249,0,46.572052352081975,14,1,0,normal
2026-01-03 14:25:00,38.910981027186,71.05064459024827,36,42.637266750862175,3,1,1,brute_force_login
2026-01-03 14:26:00,26.937609721342874,44.336452551093466,1,283.3199299877948,14,13,1,credential_stuffing
2026-01-03 14:27:00,41.07085998331234,90.50332866923434,0,40.71931225961532,14,1,0,normal
2026-01-03 14:28:00,48.57314624688141,113.30482787007324,2,33.361074263701106,14,2,0,normal
2026-01-03 14:29:00,31.155207207747367,89.09355790244433,1,45.138046575286516,14,1,0,normal
2026-01-03 14:30:00,36.48443396009347,76.95614065198659,2,51.6449024049291,14,2,0,normal
2026-01-03 14:31:00,41.974640672260776,79.17880406485676,0,257.1573539370452,14,8,1,credential_stuffing
2026-01-03 14:32:00,47.517055806564905,73.68521197980236,0,30.790379338047018,14,1,0,normal
2026-01-03 14:33:00,37.3106523021991,702.1040257791226,0,46.459481466386684,14,1,1,data_exfiltration
2026-01-03 14:34:00,35.846498024404625,79.44487858890149,0,50.508552961237804,14,1,0,normal
2026-01-03 14:35:00,28.1864611455035,67.38427354402558,0,46.096260605206254,14,1,0,normal
2026-01-03 14:36:00,40.62062877584864,105.24332583421747,0,51.91725168927681,14,2,0,normal
2026-01-03 14:37:00,52.252456240862465,57.692686464353436,0,33.715549474431036,14,2,0,normal
2026-01-03 14:38:00,41.66415077178806,90.7749731479137,0,35.83997641389981,14,2,0,normal
2026-01-03 14:39:00,39.86632612489772,78.48203559023702,1,49.71481792018571,14,1,0,normal
2026-01-03 14:40:00,41.93249386460191,108.51247722598617,0,42.21379649805736,14,1,0,normal
2026-01-03 14:41:00,39.933447976308386,617.7291093628,0,54.383829374938166,14,1,1,data_exfiltration
2026-01-03 14:42:00,35.12191376643922,74.60141694225128,0,47.4544061474255,14,1,0,normal
2026-01-03 14:43:00,44.93967949406623,76.28439202348254,0,37.8368228725591,14,1,0,normal
2026-01-03 14:44:00,41.35456913867053,80.59860041779642,0,37.43376116161063,14,1,0,normal
2026-01-03 14:45:00,40.10567951160194,62.85813957505398,1,29.985911514994093,14,2,0,normal
2026-01-03 14:46:00,91.82553441272546,68.49695712323133,0,50.49982023252248,14,2,1,crypto_mining
2026-01-03 14:47:00,47.821047591608554,53.225840462122136,0,44.066140259992125,14,2,0,normal
2026-01-03 14:48:00,43.98821647199866,66.15534652438859,0,52.330653269937486,14,1,0,normal
2026-01-03 14:49:00,36.68247497579619,81.40859722490674,1,47.0619547332338,14,1,0,normal
2026-01-03 14:50:00,46.010949122091624,84.50262573926781,1,45.91607710181435,14,1,0,normal
2026-01-03 14:51:00,37.01457496968876,50.31005457505397,0,51.52323399059466,14,2,0,normal
2026-01-03 14:52:00,94.05178640435537,77.941824454337,1,44.216680373477075,14,1,1,crypto_mining
2026-01-03 14:53:00,35.441781295118275,88.45114926233198,1,42.341087496717584,14,1,0,normal
2026-01-03 14:54:00,29.373588681471453,77.55631709935648,1,44.9991010161462,14,1,0,normal
2026-01-03 14:55:00,42.82925428250923,70.493170313333,1,51.73398765785813,14,1,0,normal
2026-01-03 14:56:00,29.013130729969898,73.8175828242768,0,37.4653529179975,14,1,0,normal
2026-01-03 14:57:00,32.62933701240542,71.88854967534166,1,52.39775740391851,14,1,0,normal
2026-01-03 14:58:00,27.5464719455288,70.44904161337914,0,45.50689079704526,14,2,0,normal
2026-01-03 14:59:00,39.48358184325464,82.60735287867273,1,41.92739888728528,14,1,0,normal
2026-01-03 15:00:00,39.09807723836877,114.61532341603177,0,46.465983091028676,15,1,0,normal
2026-01-03 15:01:00,38.039822720881816,68.84450124642225,0,54.41115807538941,15,1,0,normal
2026-01-03 15:02:00,33.74453383197654,75.2278605100786,0,54.35174555532252,15,1,0,normal
2026-01-03 15:03:00,32.96659747938016,79.22453090937152,0,48.136661135240274,15,1,0,normal
2026-01-03 15:04:00,42.78621918127944,69.68968348462559,0,50.00786432988534,15,1,0,normal
2026-01-03 15:05:00,36.69668840974907,96.4735370528514,0,45.3458710034597,15,2,0,normal
2026-01-03 15:06:00,41.89814992921687,44.436719400403426,0,40.32171691886162,15,1,0,normal
2026-01-03 15:07:00,34.688507883254665,72.03411244431986,0,48.55925736585689,15,1,0,normal
2026-01-03 15:08:00,41.086376456626496,92.27470604479943,1,41.409526368544725,15,1,0,normal
2026-01-03 15:09:00,47.819668223896386,75.58858537417049,1,36.78788682278204,15,2,0,normal
2026-01-03 15:10:00,43.5169948023567,67.68741561724563,0,41.621313670854775,15,5,0,normal
2026-01-03 15:11:00,37.525517090701115,86.61135131658146,0,31.86335839973124,15,3,0,normal
2026-01-03 15:12:00,41.543193822135564,93.59514853095727,1,35.09183702684609,15,1,0,normal
2026-01-03 15:13:00,38.55600895281872,83.15953167822587,1,61.23286599511592,15,1,0,normal
2026-01-03 15:14:00,40.04728110816837,67.98169460280675,0,54.007703559696346,15,2,0,normal
2026-01-03 15:15:00,38.04633368710898,86.84304978727614,0,43.078821875684184,15,2,0,normal
2026-01-03 15:16:00,39.01398876468765,73.96926049587815,1,49.17711986195574,15,1,0,normal
2026-01-03 15:17:00,41.27256011844505,91.17780322840741,0,37.395817239763346,15,1,0,normal
2026-01-03 15:18:00,34.0398478025083,102.24888327284887,0,50.29272610331906,15,1,0,normal
2026-01-03 15:19:00,33.90472703806013,40.91634866467201,0,47.08976204339203,15,1,0,normal
2026-01-03 15:20:00,31.668744677012732,81.66601209793448,0,39.360404975551276,15,1,0,normal
2026-01-03 15:21:00,30.39837337297774,53.963990945785596,0,42.413793268325946,15,1,0,normal
2026-01-03 15:22:00,32.696303846677125,116.62682877994656,0,41.858516515652205,15,1,0,normal
2026-01-03 15:23:00,40.95677504082477,72.97813199305715,1,51.80002786025319,15,2,0,normal
2026-01-03 15:24:00,34.64327490704869,91.19559862738059,3,187.2719981153098,15,9,1,credential_stuffing
2026-01-03 15:25:00,43.08168678538658,79.47024710607657,1,32.374876430710906,15,1,0,normal
2026-01-03 15:26:00,40.20828249251537,67.9537312892141,0,41.40881603477062,15,1,0,normal
2026-01-03 15:27:00,28.18897471937168,66.1692042923386,0,38.741071599024835,15,1,0,normal
2026-01-03 15:28:00,43.929853505330136,103.78518759651138,0,33.17629570706018,15,1,0,normal
2026-01-03 15:29:00,44.86479187355026,94.33907090267466,0,38.91048218046559,15,1,0,normal
2026-01-03 15:30:00,34.03682395099088,109.15376131066344,0,27.731978345785777,15,2,0,normal
2026-01-03 15:31:00,42.52114925736995,80.83180002736549,0,37.55374924788856,15,1,0,normal
2026-01-03 15:32:00,34.86101057554481,84.31879431869001,1,46.56883066527201,15,2,0,normal
2026-01-03 15:33:00,40.58602226049001,75.99212651517068,36,48.62984026397598,4,2,1,brute_force_login
2026-01-03 15:34:00,32.413009558270204,75.69376695327486,0,49.027605755415465,15,3,0,normal
2026-01-03 15:35:00,29.24136128479254,64.37169601283948,0,52.65883154231545,15,1,0,normal
2026-01-03 15:36:00,37.70309686232219,81.26015286386527,1,54.50089035036014,15,2,0,normal
2026-01-03 15:37:00,39.25762632235098,68.16130107670705,0,36.803729949355564,15,2,0,normal
2026-01-03 15:38:00,37.61392183831238,86.62863383246304,0,33.98670455962688,15,2,0,normal
2026-01-03 15:39:00,32.89581665066464,82.55015328470314,0,45.34070501827705,15,1,0,normal
2026-01-03 15:40:00,37.60060562721318,84.31523065513584,0,49.37285046837497,15,1,0,normal
2026-01-03 15:41:00,41.615768515484405,105.12694909535338,0,38.31732385092439,15,1,0,normal
2026-01-03 15:42:00,39.730641819264775,79.43423075351613,0,47.11715610628672,15,1,0,normal
2026-01-03 15:43:00,41.09500618359528,91.35090504280143,0,59.580274181123045,15,1,0,normal
2026-01-03 15:44:00,35.979308797274605,110.77264196128372,1,34.31002741445036,15,1,0,normal
2026-01-03 15:45:00,47.030307488296955,99.59925603942571,0,45.0472976961934,15,3,0,normal
2026-01-03 15:46:00,32.94295998067132,97.29754547682268,0,53.31000900833055,15,2,0,normal
2026-01-03 15:47:00,42.92536178252031,75.3996767671925,0,43.417779006125905,15,1,0,normal
2026-01-03 15:48:00,47.09134655775977,83.44464583351696,1,48.30292044622145,15,2,0,normal
2026-01-03 15:49:00,42.88544855649337,60.22585561955087,1,52.28091019122131,15,1,0,normal
2026-01-03 15:50:00,38.78485463761102,87.48371601446621,1,42.586417614482556,15,2,0,normal
2026-01-03 15:51:00,36.83021772002213,84.11690266420763,0,36.51065769160515,15,1,0,normal
2026-01-03 15:52:00,46.21652590627754,80.35077687734271,0,44.193151688334204,15,2,0,normal
2026-01-03 15:53:00,31.462150448429963,843.9335511355982,0,36.24248717536793,15,2,1,data_exfiltration
2026-01-03 15:54:00,34.179254437722136,61.88337766363405,0,247.2153010569304,15,10,1,credential_stuffing
2026-01-03 15:55:00,37.61465340704967,104.52294276740521,0,48.535585134627354,15,1,0,normal
2026-01-03 15:56:00,47.42592254507199,93.52647031910426,1,46.44907197437731,15,2,0,normal
2026-01-03 15:57:00,42.278605816245374,78.9404903052204,0,52.98260137114755,15,2,0,normal
2026-01-03 15:58:00,34.19172544893853,77.76905618273909,1,46.856080833278355,15,1,0,normal
2026-01-03 15:59:00,38.138153767690575,87.20916822872891,1,38.762520117136766,15,2,0,normal
2026-01-03 16:00:00,36.314061135422236,102.81276848095669,0,37.02630502732661,16,1,0,normal
2026-01-03 16:01:00,35.74126604659879,81.52411578035016,0,50.02238050552055,16,1,0,normal
2026-01-03 16:02:00,45.87333735134067,82.1604635296884,3,46.92174219466122,16,1,0,normal
2026-01-03 16:03:00,31.769541224418965,80.27177716438807,1,43.4631701878236,16,3,0,normal
2026-01-03 16:04:00,49.65268513440624,106.73036169052209,0,47.71052938795527,16,2,0,normal
2026-01-03 16:05:00,44.96937814110774,74.46675345594464,1,39.36592688060259,16,1,0,normal
2026-01-03 16:06:00,46.54517002362219,79.55738602071393,0,25.435985449780738,16,1,0,normal
2026-01-03 16:07:00,37.22236292784845,101.95153481391492,0,244.55212163968994,16,15,1,credential_stuffing
2026-01-03 16:08:00,39.100355685525344,82.20516250419296,1,50.19141451866817,16,1,0,normal
2026-01-03 16:09:00,31.40108911285173,97.05588290068283,0,44.30426128270517,16,1,0,normal
2026-01-03 16:10:00,36.852025557599184,66.33079914645562,1,37.81078555553965,16,1,0,normal
2026-01-03 16:11:00,42.961929085858905,76.92061217557229,0,43.29183483622977,16,3,0,normal
2026-01-03 16:12:00,47.77637837068838,102.26651057660342,0,31.16264435466032,16,1,0,normal
2026-01-03 16:13:00,33.35705909918529,69.85490426354681,1,45.916040034261385,16,1,0,normal
2026-01-03 16:14:00,37.8069643780884,77.73051440345439,0,29.51294099770307,16,1,0,normal
2026-01-03 16:15:00,39.092204678604865,83.85027846337218,0,45.85291462819765,16,1,0,normal
2026-01-03 16:16:00,31.62526478684509,65.1626822301052,0,39.35692786280904,16,1,0,normal
2026-01-03 16:17:00,43.5480954505504,73.79284822067154,0,43.81921473119815,16,3,0,normal
2026-01-03 16:18:00,35.656058009544346,81.6895502273846,0,35.886489231213986,16,4,0,normal
2026-01-03 16:19:00,38.82765789293786,80.70022601242943,0,57.065427402653675,16,2,0,normal
2026-01-03 16:20:00,37.288303768528735,99.20528031255704,1,47.88399018488861,16,1,0,normal
2026-01-03 16:21:00,35.263968965681954,103.1218579224838,1,39.49193434171715,16,1,0,normal
2026-01-03 16:22:00,39.95773008711667,67.15872691998634,0,43.564186432292516,16,1,0,normal
2026-01-03 16:23:00,38.70634252859187,552.3680797983093,0,57.84866464626154,16,1,1,data_exfiltration
2026-01-03 16:24:00,37.768852706328005,90.11372462637148,1,37.401822735299355,16,3,0,normal
2026-01-03 16:25:00,35.62923026991794,102.74521198698795,1,36.1016169569115,16,1,0,normal
2026-01-03 16:26:00,41.91714802469773,90.77735445975694,0,35.75911330217947,16,4,0,normal
2026-01-03 16:27:00,49.92170361095371,84.36370102388497,0,39.54978047205343,16,1,0,normal
2026-01-03 16:28:00,40.83932339703476,89.99813797973945,0,56.96047602164671,16,1,0,normal
2026-01-03 16:29:00,45.976709289466775,90.1065325150439,0,40.52105300399794,16,1,0,normal
2026-01-03 16:30:00,31.658668449079222,66.08428561573447,0,41.66377105724804,16,1,0,normal
2026-01-03 16:31:00,40.94656863576262,82.89198188759403,0,46.613219344805984,16,1,0,normal
2026-01-03 16:32:00,33.4157900861736,101.88741491283037,0,44.7507313312808,16,1,0,normal
2026-01-03 16:33:00,31.13845043480859,76.88964846958993,0,52.75582644609476,16,2,0,normal
2026-01-03 16:34:00,35.56377155524578,81.94169963821166,0,51.5703173079076,16,1,0,normal
2026-01-03 16:35:00,47.151396006481434,76.36225325710967,0,47.61825483614784,16,1,0,normal
2026-01-03 16:36:00,45.70009497201787,45.29210756589688,0,43.16164247602268,16,1,0,normal
2026-01-03 16:37:00,41.4580283323264,80.30885265852018,0,52.67854797692484,16,2,0,normal
2026-01-03 16:38:00,30.803796640660416,84.5268789597931,1,38.702310319665166,16,1,0,normal
2026-01-03 16:39:00,38.82231609167238,72.31259913678647,1,38.19003734791997,16,1,0,normal
2026-01-03 16:40:00,41.81020005341041,62.68044576672908,0,41.73645001718815,16,2,0,normal
2026-01-03 16:41:00,41.05321737747159,66.79090310327526,0,54.293993906049934,16,1,0,normal
2026-01-03 16:42:00,28.937238499115526,91.46281424203346,0,38.304644784805994,16,1,0,normal
2026-01-03 16:43:00,34.65809291188077,109.58787159570358,0,40.19696372663611,16,2,0,normal
2026-01-03 16:44:00,39.6155334151077,100.73650011358149,0,46.39178354824129,16,1,0,normal
2026-01-03 16:45:00,43.21774545710314,59.83480992754173,0,44.546807585844704,16,1,0,normal
2026-01-03 16:46:00,26.82323307340032,92.81940965826054,0,41.96446806962449,16,2,0,normal
2026-01-03 16:47:00,99.80106697251135,70.05256436286065,1,48.73630003494013,16,1,1,crypto_mining
2026-01-03 16:48:00,40.85829261927371,71.26599406236835,0,41.21510651921469,16,1,0,normal
2026-01-03 16:49:00,45.09767193109728,73.07036603043073,1,53.44824026420366,16,2,0,normal
2026-01-03 16:50:00,44.15714550542462,90.59100424783145,0,46.89933123902216,16,2,0,normal
2026-01-03 16:51:00,43.49542791285283,94.38880064673558,1,53.13191590413577,16,1,0,normal
2026-01-03 16:52:00,35.200356959788394,78.52953393080318,0,38.67494345035113,16,1,0,normal
2026-01-03 16:53:00,28.551987177260155,78.78393888487963,0,43.814173939386706,16,1,0,normal
2026-01-03 16:54:00,37.64168345763159,86.9639561485369,0,29.820912537868697,16,1,0,normal
2026-01-03 16:55:00,46.00979095125136,88.51991809286363,0,55.69683875046397,16,1,0,normal
2026-01-03 16:56:00,48.360727165146585,97.64338560137793,0,63.35111778052691,16,2,0,normal
2026-01-03 16:57:00,44.26329461378671,60.73442036736202,0,42.69497727440748,16,1,0,normal
2026-01-03 16:58:00,42.576044936810405,80.30041009706045,0,47.98182957734789,16,1,0,normal
2026-01-03 16:59:00,42.277837890315794,63.979634361632336,1,45.90590284714414,16,1,0,normal
2026-01-03 17:00:00,36.663287519435315,79.23586581404895,1,34.66354221581799,17,1,0,normal
2026-01-03 17:01:00,39.21963823867828,76.60737068478859,0,54.97972839479001,17,1,0,normal
2026-01-03 17:02:00,50.01441715495798,79.29875819145947,1,42.80326203198261,17,1,0,normal
2026-01-03 17:03:00,34.344651965248744,68.00385667834202,0,28.613500412738055,17,1,0,normal
2026-01-03 17:04:00,49.68867274425911,57.69065310188857,0,39.272985459235414,17,1,0,normal
2026-01-03 17:05:00,38.06783107304765,48.58343709927645,0,33.844914508533776,17,2,0,normal
2026-01-03 17:06:00,47.95259265457047,78.03229768602739,1,45.977743497531655,17,1,0,normal
2026-01-03 17:07:00,31.55910994301477,73.53498341250591,0,45.92977831850611,17,1,0,normal
2026-01-03 17:08:00,43.51542520698789,69.86093502794259,0,54.48931198175245,17,2,0,normal
2026-01-03 17:09:00,35.57937918431427,99.8382269424749,0,59.6384464658905,17,2,0,normal
2026-01-03 17:10:00,31.508396848454876,67.10842719807033,2,60.29157408720122,17,2,0,normal
2026-01-03 17:11:00,41.31120425446567,101.25251123208204,0,36.797150703153065,17,1,0,normal
2026-01-03 17:12:00,46.056830731575815,104.35765616403886,0,221.38212821187128,17,13,1,credential_stuffing
2026-01-03 17:13:00,34.93035136843902,50.736492998159285,1,51.374784982630864,17,1,0,normal
2026-01-03 17:14:00,31.00590423724959,81.38572188498455,1,40.812109263360526,17,2,0,normal
2026-01-03 17:15:00,39.448931413990266,74.00455263746014,1,47.29699516390865,17,1,0,normal
2026-01-03 17:16:00,39.47538802733691,36.32294082924101,0,48.1945584816067,17,1,0,normal
2026-01-03 17:17:00,43.28991776532699,58.330381203973786,0,41.119235088481645,17,1,0,normal
2026-01-03 17:18:00,45.69756742818693,91.62404160662712,1,55.25556773547592,17,2,0,normal
2026-01-03 17:19:00,39.643508912365036,110.28798879066896,0,46.880961085919445,17,1,0,normal
2026-01-03 17:20:00,51.133019888765574,93.54017214048872,0,43.62666308012338,17,1,0,normal
2026-01-03 17:21:00,41.34540846721175,84.85448708769466,2,35.211505110027815,17,1,0,normal
2026-01-03 17:22:00,37.9214409639586,79.6800142755337,0,54.21062927212918,17,1,0,normal
2026-01-03 17:23:00,30.330595845383034,105.23994371972171,0,45.59977708601519,17,2,0,normal
2026-01-03 17:24:00,38.424042878102995,112.2235880293646,1,45.62631323589081,17,2,0,normal
2026-01-03 17:25:00,37.98167832753318,71.1973598071372,0,38.23097202856529,17,1,0,normal
2026-01-03 17:26:00,45.76182877768882,50.00020159534563,0,52.15036597782586,17,1,0,normal
2026-01-03 17:27:00,42.77490174440113,48.527188050931976,0,35.92194019416414,17,2,0,normal
2026-01-03 17:28:00,32.9237852702043,99.82821488239703,0,27.33543624851702,17,2,0,normal
2026-01-03 17:29:00,41.03352631846622,79.2941218883842,0,39.329973748753005,17,1,0,normal
2026-01-03 17:30:00,44.02918703037432,82.74862865688078,0,47.77616625082882,17,1,0,normal
2026-01-03 17:31:00,49.168188156327,53.1402351056493,1,47.70717078626911,17,1,0,normal
2026-01-03 17:32:00,45.32502380448436,68.702166308173,0,46.123931432472496,17,1,0,normal
2026-01-03 17:33:00,44.565079925868865,75.56778779148827,0,43.62327062548132,17,1,0,normal
2026-01-03 17:34:00,40.36051596769098,83.11757575046106,0,46.26894403880724,17,1,0,normal
2026-01-03 17:35:00,42.3298720325407,74.02111941629362,1,67.88237912845366,17,1,0,normal
2026-01-03 17:36:00,47.497029404236955,64.44010702547986,0,46.998259185374835,17,3,0,normal
2026-01-03 17:37:00,32.003335615122104,68.23149511096216,1,41.6207686555987,17,1,0,normal
2026-01-03 17:38:00,37.903364036698264,98.1248492892085,0,44.162408969317674,17,1,0,normal
2026-01-03 17:39:00,35.36458750746256,83.6717692940525,0,43.340831585505995,17,1,0,normal
2026-01-03 17:40:00,42.274918712356744,89.18235210433328,1,45.554552158818325,17,1,0,normal
2026-01-03 17:41:00,47.381333053904726,66.51689283684006,2,37.70810059844112,17,1,0,normal
2026-01-03 17:42:00,36.41815427967356,35.692647718990635,0,51.391495312760625,17,1,0,normal
2026-01-03 17:43:00,25.658173795183373,72.15343539673256,0,47.37488810847933,17,3,0,normal
2026-01-03 17:44:00,37.52667552985318,67.00144168361756,1,38.687102445645635,17,1,0,normal
2026-01-03 17:45:00,45.48084239210444,85.23518402942119,0,53.158148263979214,17,1,0,normal
2026-01-03 17:46:00,43.22577941769928,129.28585570522762,2,29.77867250348588,17,1,0,normal
2026-01-03 17:47:00,42.569117486863455,90.42749026427384,1,62.22058426822315,17,2,0,normal
2026-01-03 17:48:00,38.32004018875312,121.03940239075233,0,60.081615671838335,17,1,0,normal
2026-01-03 17:49:00,32.32581558268128,88.53154543009173,0,58.801138203925845,17,1,0,normal
2026-01-03 17:50:00,43.091765929746806,70.55170643640928,1,41.02776696802507,17,1,0,normal
2026-01-03 17:51:00,34.99430913979225,85.21874117181325,0,46.925364428436616,17,1,0,normal
2026-01-03 17:52:00,53.104580400282735,106.70957899216562,0,40.02541412536252,17,3,0,normal
2026-01-03 17:53:00,43.423043250127094,107.44343894481858,1,48.44542548110003,17,1,0,normal
2026-01-03 17:54:00,36.51611018467629,71.36993947935382,0,45.14692249735332,17,2,0,normal
2026-01-03 17:55:00,36.33168851566823,83.79775543548948,0,41.317968237524646,17,1,0,normal
2026-01-03 17:56:00,39.442334760318474,58.56099680493283,0,41.23272020815299,17,1,0,normal
2026-01-03 17:57:00,38.5629884678695,746.9269778794888,0,45.65988866722973,17,1,1,data_exfiltration
2026-01-03 17:58:00,46.70100265317973,103.30032048583841,1,68.48955591833004,17,1,0,normal
2026-01-03 17:59:00,41.118497018464275,80.59699181174024,1,55.44427202565091,17,1,0,normal
2026-01-03 18:00:00,35.61020956654883,69.98923918459808,0,45.685336679408536,18,2,0,normal
2026-01-03 18:01:00,51.3426441109347,85.40196426916344,0,43.55050573002171,18,1,0,normal
2026-01-03 18:02:00,40.295849989121336,86.2618854704475,0,49.98396736334498,18,1,0,normal
2026-01-03 18:03:00,44.613038055813384,81.21715747774431,1,40.09641198733814,18,1,0,normal
2026-01-03 18:04:00,36.35064095533144,82.68072686503929,0,43.17552434342804,18,1,0,normal
2026-01-03 18:05:00,42.17869376646714,77.39277724295944,0,29.38761007921068,18,1,0,normal
2026-01-03 18:06:00,41.86665994685917,94.93932392339609,0,45.726828683033254,18,2,0,normal
2026-01-03 18:07:00,28.66210424742308,91.04341167747691,0,45.930201040459046,18,2,0,normal
2026-01-03 18:08:00,52.09165066276384,65.25345279283776,0,40.649624836176045,18,1,0,normal
2026-01-03 18:09:00,47.74386676553528,64.84114095262107,1,48.61111838487183,18,2,0,normal
2026-01-03 18:10:00,37.61682810312407,76.18438374460158,0,45.995747056692444,18,2,0,normal
2026-01-03 18:11:00,33.38638155726487,91.05255686157768,0,40.74564719494278,18,1,0,normal
2026-01-03 18:12:00,42.08536968282131,82.22086120836222,1,51.584379692498345,18,1,0,normal
2026-01-03 18:13:00,40.52018619648638,70.35274384816017,0,43.562520654537614,18,1,0,normal
2026-01-03 18:14:00,42.13401369137938,83.92277895088745,0,36.62006064741618,18,2,0,normal
2026-01-03 18:15:00,41.149464377164534,75.03784220716592,0,30.909713866404083,18,1,0,normal
2026-01-03 18:16:00,43.03744593583556,93.20729690336196,0,56.48326960419463,18,1,0,normal
2026-01-03 18:17:00,48.68383419635084,84.99587652600572,2,46.00732312813627,18,1,0,normal
2026-01-03 18:18:00,43.408619230771876,75.27082718821784,0,45.66812834389254,18,2,0,normal
2026-01-03 18:19:00,33.702067006540354,83.47278158069692,0,44.64961808201495,18,1,0,normal
2026-01-03 18:20:00,48.17537711627471,99.72572089286302,1,54.74426380709523,18,1,0,normal
2026-01-03 18:21:00,49.84368738092972,71.45554885180434,1,46.14084397443875,18,1,0,normal
2026-01-03 18:22:00,58.912340407072506,86.03985472470741,0,57.384248916551755,18,1,0,normal
2026-01-03 18:23:00,33.259035800562415,78.94309489301007,0,46.16644710585761,18,1,0,normal
2026-01-03 18:24:00,41.45729207890165,86.4047552579315,0,23.602346877037146,18,1,0,normal
2026-01-03 18:25:00,27.507407780866075,70.18152587606404,0,55.13505049714023,18,2,0,normal
2026-01-03 18:26:00,43.31889493827526,81.65503149739064,0,47.52217142527846,18,1,0,normal
2026-01-03 18:27:00,36.710798210999364,96.61734923625201,0,40.944789265951044,18,1,0,normal
2026-01-03 18:28:00,51.54067476894972,65.94489528130839,0,42.94624664911244,18,1,0,normal
2026-01-03 18:29:00,35.352310179888505,60.05892345012377,1,42.5380476474701,18,1,0,normal
2026-01-03 18:30:00,29.86490177219643,60.62816653269553,0,35.067772254969384,18,2,0,normal
2026-01-03 18:31:00,37.17241755578488,62.44006204699717,1,52.01777327620944,18,1,0,normal
2026-01-03 18:32:00,28.147073372697175,88.92984931838996,1,41.43309794722363,18,2,0,normal
2026-01-03 18:33:00,44.50659672704386,58.91210471201802,0,38.05492540177569,18,2,0,normal
2026-01-03 18:34:00,27.609501722462078,75.53156982884704,0,79.39086057839009,18,1,0,normal
2026-01-03 18:35:00,40.170745487098955,89.27433954966062,2,35.77566219465631,18,1,0,normal
2026-01-03 18:36:00,27.53312908086282,86.2498859082289,2,44.29771202777853,18,1,0,normal
2026-01-03 18:37:00,38.078213172780146,707.3273562636236,0,26.59596798212251,18,1,1,data_exfiltration
2026-01-03 18:38:00,49.860268934827204,82.86385597632659,0,55.034398820357225,18,1,0,normal
2026-01-03 18:39:00,42.16388734861477,81.60717994606352,0,42.74042975807109,18,2,0,normal
2026-01-03 18:40:00,34.81903837021039,76.6363856667772,0,51.53535927385103,18,1,0,normal
2026-01-03 18:41:00,39.81277906636549,76.8374792201813,0,37.453832204629606,18,1,0,normal
2026-01-03 18:42:00,40.10810123226668,113.53141152135441,0,32.07460558040769,18,1,0,normal
2026-01-03 18:43:00,42.835782075060436,92.13966355896952,0,39.03209945590268,18,4,0,normal
2026-01-03 18:44:00,31.79884982031504,117.20976376268214,0,55.76382960672386,18,3,0,normal
2026-01-03 18:45:00,43.555403643083984,72.54555300619248,0,49.61752106649993,18,2,0,normal
2026-01-03 18:46:00,23.773650210383348,78.72550104667779,0,32.068403435425154,18,1,0,normal
2026-01-03 18:47:00,36.22069268581714,60.01811352085029,0,25.643468476113593,18,2,0,normal
2026-01-03 18:48:00,37.07035694529073,67.85649796865641,1,42.43024803009965,18,2,0,normal
2026-01-03 18:49:00,43.799960956427434,108.5286972299375,0,53.73897489763817,18,2,0,normal
2026-01-03 18:50:00,40.135785116061214,72.16948565237365,0,38.93186361133945,18,2,0,normal
2026-01-03 18:51:00,31.56662167686228,108.78921950216689,0,53.61048285866177,18,1,0,normal
2026-01-03 18:52:00,34.09004124509791,61.34956608980164,0,235.97825484119463,18,13,1,credential_stuffing
2026-01-03 18:53:00,41.19208005728444,64.19796448890085,0,59.02214769391655,18,1,0,normal
2026-01-03 18:54:00,39.525595948812665,74.88153168464868,0,39.57029630780101,18,2,0,normal
2026-01-03 18:55:00,36.525255342185524,79.04375117481233,0,44.51964798196205,18,1,0,normal
2026-01-03 18:56:00,37.11499726292812,93.84630938675194,0,39.75845178213337,18,1,0,normal
2026-01-03 18:57:00,44.177007982955736,86.76155625779398,0,52.882805678392856,18,1,0,normal
2026-01-03 18:58:00,36.893844562784714,73.75527113983958,0,49.726539656071594,18,1,0,normal
2026-01-03 18:59:00,39.47145253582556,78.0002629022284,0,31.412511785699778,18,3,0,normal
2026-01-03 19:00:00,38.01961952848326,45.2140562032295,1,25.53739621861869,19,1,0,normal
2026-01-03 19:01:00,16.45790417869646,36.280193970114055,0,8.087940080771032,19,1,0,normal
2026-01-03 19:02:00,13.888943610552047,36.68055595097567,0,12.710161449971809,19,1,0,normal
2026-01-03 19:03:00,29.701537988791642,65.41825837150114,1,25.965527792378836,19,1,0,normal
2026-01-03 19:04:00,20.92814163223538,22.577526081092902,0,9.964300014138864,19,2,0,normal
2026-01-03 19:05:00,23.090574833544277,74.26038046167582,0,17.028669999737367,19,1,0,normal
2026-01-03 19:06:00,20.313061731213317,44.85508661596652,0,26.075087026565978,19,3,0,normal
2026-01-03 19:07:00,23.441199155394926,38.412370904117594,0,23.32164658771971,19,1,0,normal
2026-01-03 19:08:00,34.59122867257805,61.09638936045904,1,22.85379560614608,19,1,0,normal
2026-01-03 19:09:00,29.812770751708715,72.27824876220676,1,26.334370256370804,19,2,0,normal
2026-01-03 19:10:00,30.173341071321865,66.76448662405936,1,30.456178112918295,19,2,0,normal
2026-01-03 19:11:00,16.502637665244126,57.52778074039836,0,10.075767472883811,19,1,0,normal
2026-01-03 19:12:00,18.093077580682785,66.30295234582753,1,22.665964938785464,19,1,0,normal
2026-01-03 19:13:00,7.9655280430874384,24.25253634284201,1,27.71614864908876,19,1,0,normal
2026-01-03 19:14:00,20.143715073503476,42.17254187767777,1,26.142827649614468,19,1,0,normal
2026-01-03 19:15:00,30.740219118313952,36.33244909962733,1,18.725378057341516,19,1,0,normal
2026-01-03 19:16:00,28.101679094490226,68.36958096822762,0,18.263183143093165,19,1,0,normal
2026-01-03 19:17:00,23.670920422287256,44.2478297161417,0,26.594650314774732,19,3,0,normal
2026-01-03 19:18:00,24.86619829769168,62.68109835173083,1,21.71220020672559,19,1,0,normal
2026-01-03 19:19:00,20.866686744547565,58.03785413732957,0,28.75304705890222,19,1,0,normal
2026-01-03 19:20:00,26.228553294410705,37.06539595754478,0,20.87895898048419,19,2,0,normal
2026-01-03 19:21:00,29.59526967688369,41.19562685035574,0,17.011556197838747,19,1,0,normal
2026-01-03 19:22:00,15.304679275537163,69.40726536222088,0,5.892259171133739,19,1,0,normal
2026-01-03 19:23:00,26.79788612702409,38.3677602697338,1,18.156507936395972,19,1,0,normal
2026-01-03 19:24:00,30.594609225728004,51.873014152932186,0,10.152366319510781,19,1,0,normal
2026-01-03 19:25:00,22.509398266219783,38.26188070510332,1,5.363645065930783,19,1,0,normal
2026-01-03 19:26:00,29.2042036727235,45.290717196262094,0,13.075639494353268,19,2,0,normal
2026-01-03 19:27:00,41.88792666683532,49.307570840450424,1,25.62489857109316,19,1,0,normal
2026-01-03 19:28:00,24.37394324207865,38.25700234553763,0,18.06519425354049,19,1,0,normal
2026-01-03 19:29:00,27.359842300031943,35.593295690241774,0,21.425414237582427,19,1,0,normal
2026-01-03 19:30:00,20.57165749803165,54.29410005166164,0,25.38879314215957,19,1,0,normal
2026-01-03 19:31:00,26.087506975612303,37.328938868132354,0,19.71353904362643,19,3,0,normal
2026-01-03 19:32:00,27.761629749893824,37.84013666451991,1,14.49590016676354,19,1,0,normal
2026-01-03 19:33:00,26.16905404162083,35.91420284447044,0,16.43113095350489,19,2,0,normal
2026-01-03 19:34:00,18.88182808174686,48.831379305030225,1,26.179438275226893,19,1,0,normal
2026-01-03 19:35:00,26.238170627952705,64.15552451599761,0,19.790298588133208,19,2,0,normal
2026-01-03 19:36:00,33.77317563230582,72.597929544684,1,0.0,19,1,0,normal
2026-01-03 19:37:00,27.691814587087165,39.11122871009332,2,17.174813490086017,19,1,0,normal
2026-01-03 19:38:00,30.771923134431045,82.25466189996817,1,24.253397042127194,19,1,0,normal
2026-01-03 19:39:00,23.577928179924236,34.92942708939806,1,21.463016131314685,19,1,0,normal
2026-01-03 19:40:00,29.499401436542264,66.25322784991805,0,11.835642222895952,19,1,0,normal
2026-01-03 19:41:00,26.675607029299155,39.17455318976836,0,14.03128675432318,19,1,0,normal
2026-01-03 19:42:00,19.29453562187661,36.93615095194984,0,4.4108822634810245,19,2,0,normal
2026-01-03 19:43:00,26.911126028793248,38.82865764823417,1,24.39494725373449,19,3,0,normal
2026-01-03 19:44:00,19.049820019358137,49.21328450526321,0,24.97439799839333,19,1,0,normal
2026-01-03 19:45:00,21.20271835069125,58.69958256550416,0,18.932854707865452,19,3,0,normal
2026-01-03 19:46:00,26.135969843754246,60.048020568572326,1,17.19745421940788,19,1,0,normal
2026-01-03 19:47:00,26.783465640280745,35.84022476978168,0,11.348236491913713,19,1,0,normal
2026-01-03 19:48:00,17.864605209537224,35.155110687330975,0,22.658987966349866,19,2,0,normal
2026-01-03 19:49:00,31.323914627097256,36.250419599546795,1,6.8625331602558095,19,1,0,normal
2026-01-03 19:50:00,28.43203766980284,48.32968396421733,0,26.21460932047733,19,1,0,normal
2026-01-03 19:51:00,20.771629386334695,46.84766593713688,0,24.63341799301917,19,3,0,normal
2026-01-03 19:52:00,15.774491221304949,35.74736806895308,0,29.345474412331146,19,1,0,normal
2026-01-03 19:53:00,24.13057252551141,54.04405541094866,1,20.402784402358474,19,1,0,normal
2026-01-03 19:54:00,22.32433771683304,83.93853212502978,0,15.84006245071984,19,2,0,normal
2026-01-03 19:55:00,25.678842742318135,42.42926807247273,0,23.457464582688836,19,1,0,normal
2026-01-03 19:56:00,22.8213000330666,43.497322681947,1,26.24733803011249,19,1,0,normal
2026-01-03 19:57:00,12.955258835529941,58.39492355486553,0,10.738482984053414,19,1,0,normal
2026-01-03 19:58:00,22.66991837019305,41.61775562394808,2,19.44614827221339,19,2,0,normal
2026-01-03 19:59:00,23.16628533359012,60.03446722577274,0,22.122909926349028,19,1,0,normal
2026-01-03 20:00:00,28.801966148644354,39.22185939831439,0,23.85040076570554,20,1,0,normal
2026-01-03 20:01:00,20.8108019523337,77.48179411365952,0,17.18161706813099,20,2,0,normal
2026-01-03 20:02:00,35.0720480402354,55.17162458888442,0,25.048135893053534,20,1,0,normal
2026-01-03 20:03:00,13.530156696089458,40.69965576384933,0,12.318459516582484,20,1,0,normal
2026-01-03 20:04:00,32.86700498681574,41.16962450796089,0,36.14434133310688,20,1,0,normal
2026-01-03 20:05:00,23.654086174731372,42.29300370937948,1,15.004964450919188,20,1,0,normal
2026-01-03 20:06:00,30.157509234061337,70.5912449937331,0,23.262171884536965,20,2,0,normal
2026-01-03 20:07:00,25.478808904352398,30.96873488598075,0,15.579697483075863,20,1,0,normal
2026-01-03 20:08:00,31.837333216152814,39.98087494310743,0,20.783893647803374,20,1,0,normal
2026-01-03 20:09:00,22.675828212683133,41.57509164611861,0,11.36606230205343,20,1,0,normal
2026-01-03 20:10:00,18.408277448933127,49.76468049864593,1,28.604586412434422,20,3,0,normal
2026-01-03 20:11:00,33.523025723626375,45.93335461029808,0,13.460912831657776,20,1,0,normal
2026-01-03 20:12:00,24.319116124707154,27.63158252914306,0,20.65274944056598,20,1,0,normal
2026-01-03 20:13:00,26.329350841745264,44.002659746067984,0,19.48897184364451,20,1,0,normal
2026-01-03 20:14:00,32.40851148426877,48.50673975222547,0,14.386692465382326,20,1,0,normal
2026-01-03 20:15:00,18.808268547433393,40.57853247380325,0,0.0,20,1,0,normal
2026-01-03 20:16:00,28.572945385835546,60.30163233571497,2,28.475207185430897,20,1,0,normal
2026-01-03 20:17:00,21.460631461222654,63.791126431304704,0,21.155048671873548,20,1,0,normal
2026-01-03 20:18:00,24.20698386613377,48.82419950405911,0,163.20763428888458,20,19,1,credential_stuffing
2026-01-03 20:19:00,25.433673792305733,53.45812380276094,1,4.693690550510251,20,3,0,normal
2026-01-03 20:20:00,15.998668831318383,17.58416003976094,0,237.3214678007397,20,16,1,credential_stuffing
2026-01-03 20:21:00,20.326977743077393,43.683458417572524,0,19.34025476774009,20,1,0,normal
2026-01-03 20:22:00,33.106437354478835,65.0723253763687,0,18.28031648111529,20,1,0,normal
2026-01-03 20:23:00,30.317147131508776,43.648451252310835,0,31.551494109580496,20,3,0,normal
2026-01-03 20:24:00,24.62416253603659,38.941074854120586,0,6.643461368700022,20,2,0,normal
2026-01-03 20:25:00,26.458740751077357,84.16533389046396,0,21.69833861131156,20,1,0,normal
2026-01-03 20:26:00,23.234544966181254,77.28615785293708,0,25.16504853740835,20,1,0,normal
2026-01-03 20:27:00,33.13950031496789,57.013623687232354,0,24.995721062670945,20,1,0,normal
2026-01-03 20:28:00,23.797884533235017,67.08365917220071,0,27.150816492237674,20,1,0,normal
2026-01-03 20:29:00,26.39105255280909,16.610968730628834,0,20.935246990622062,20,1,0,normal
2026-01-03 20:30:00,31.87618086485239,38.1867283905694,23,21.969027381314575,1,2,1,brute_force_login
2026-01-03 20:31:00,20.33577109092456,42.950631902402726,0,17.36125573580391,20,1,0,normal
2026-01-03 20:32:00,34.35273510698136,46.460298516995806,0,7.922939467563115,20,1,0,normal
2026-01-03 20:33:00,15.817231541539739,42.650839685390565,0,22.630330359491747,20,3,0,normal
2026-01-03 20:34:00,34.77785278667679,11.749605627254802,0,16.77886112882992,20,1,0,normal
2026-01-03 20:35:00,22.763946496288153,55.7903692806284,0,14.048027727193425,20,1,0,normal
2026-01-03 20:36:00,23.54380751304831,58.1548119242091,0,22.979955408233007,20,1,0,normal
2026-01-03 20:37:00,13.659938972902342,74.02848187384973,0,23.691704151273346,20,2,0,normal
2026-01-03 20:38:00,22.271231695733842,38.17536102837555,1,14.354296183832567,20,1,0,normal
2026-01-03 20:39:00,18.761160813838693,36.94755263330147,2,22.00007007017413,20,1,0,normal
2026-01-03 20:40:00,21.354121927759163,9.800232710532967,1,19.35017733477874,20,1,0,normal
2026-01-03 20:41:00,24.176134205266724,45.596497451136706,0,21.51911728842544,20,1,0,normal
2026-01-03 20:42:00,30.746749686837433,63.516676715932576,0,30.028541572960865,20,3,0,normal
2026-01-03 20:43:00,26.245620108403756,40.82348206710921,0,23.540241366477243,20,3,0,normal
2026-01-03 20:44:00,26.846059920406685,82.15167227815472,0,22.93565616592065,20,1,0,normal
2026-01-03 20:45:00,18.426883666926628,46.15107746315715,0,12.918317321530266,20,2,0,normal
2026-01-03 20:46:00,19.71547546238362,52.204884264328335,0,14.04520843640406,20,1,0,normal
2026-01-03 20:47:00,35.792350110107876,29.553453791276095,0,23.85243574151269,20,1,0,normal
2026-01-03 20:48:00,20.58879379142052,54.308305177629194,0,7.298727088684672,20,2,0,normal
2026-01-03 20:49:00,34.937249512343776,20.31020307720957,0,17.148870355823846,20,2,0,normal
2026-01-03 20:50:00,23.5416328067148,60.405469325197174,1,13.893976098645133,20,1,0,normal
2026-01-03 20:51:00,25.013727616861026,60.86642264353118,0,18.862352107124543,20,1,0,normal
2026-01-03 20:52:00,31.422190961379577,70.38937136504765,0,18.27482899836031,20,1,0,normal
2026-01-03 20:53:00,32.63135453163194,34.70046921848467,1,21.04463192898418,20,1,0,normal
2026-01-03 20:54:00,24.335124638325475,52.40843177446129,1,23.721150882920874,20,1,0,normal
2026-01-03 20:55:00,22.670541678870766,58.45724839079756,0,27.73285538046366,20,1,0,normal
2026-01-03 20:56:00,24.664477308866722,56.63422457495465,2,28.334392645869354,20,1,0,normal
2026-01-03 20:57:00,27.02774516939271,37.02051087297723,0,18.103044771686143,20,1,0,normal
2026-01-03 20:58:00,30.347822121218535,14.120271656657899,1,15.272718771192919,20,1,0,normal
2026-01-03 20:59:00,25.02537915396491,55.204404453267216,0,13.697874803259593,20,1,0,normal
2026-01-03 21:00:00,28.713317788138923,47.71250482535121,0,17.420825371764774,21,1,0,normal
2026-01-03 21:01:00,34.830158393625645,41.499941105578394,0,12.097347643663838,21,1,0,normal
2026-01-03 21:02:00,27.287857673588707,61.459180455731996,1,23.757216632901642,21,1,0,normal
2026-01-03 21:03:00,26.86991713602867,49.3262069276835,1,28.187712476664522,21,1,0,normal
2026-01-03 21:04:00,15.886535049459592,30.21207420848301,0,7.803030031041702,21,1,0,normal
2026-01-03 21:05:00,9.21561917902562,21.028215663556676,0,20.07588222317616,21,2,0,normal
2026-01-03 21:06:00,27.33025437538101,33.06555102300252,2,32.44762859244844,21,1,0,normal
2026-01-03 21:07:00,24.431054612314767,85.8951844215018,0,8.147135648780802,21,1,0,normal
2026-01-03 21:08:00,21.91130395051155,60.8416516089916,2,31.817866501274565,21,3,0,normal
2026-01-03 21:09:00,26.461181225118068,52.82918512962517,0,13.121563531120572,21,1,0,normal
2026-01-03 21:10:00,24.63757762481855,47.27508609221293,0,15.142532680584715,21,1,0,normal
2026-01-03 21:11:00,31.76668150380339,46.28910590078846,0,24.94051438200725,21,1,0,normal
2026-01-03 21:12:00,25.516665209553867,67.50793975038643,1,24.060625230148297,21,1,0,normal
2026-01-03 21:13:00,20.518460289578996,42.64106387144852,0,19.156744886943983,21,1,0,normal
2026-01-03 21:14:00,30.940997433755733,58.65380616026439,0,13.892513852587172,21,1,0,normal
2026-01-03 21:15:00,23.697213550322786,44.77358074562609,0,10.048671418799705,21,2,0,normal
2026-01-03 21:16:00,28.159220102033842,79.10234947752593,1,19.38685455224855,21,1,0,normal
2026-01-03 21:17:00,22.135535762843197,61.13432761367456,0,18.301611140435327,21,1,0,normal
2026-01-03 21:18:00,21.101038687015382,68.68335222025439,1,13.661830471964176,21,1,0,normal
2026-01-03 21:19:00,25.505009381114178,41.23385337967642,0,17.955693717313128,21,2,0,normal
2026-01-03 21:20:00,25.07697186126211,65.87204168851133,0,22.007138234962245,21,2,0,normal
2026-01-03 21:21:00,27.878962212201,45.31133861907964,0,28.558947268321162,21,1,0,normal
2026-01-03 21:22:00,23.388125480141547,51.65052235899274,1,21.56050244390906,21,1,0,normal
2026-01-03 21:23:00,13.981841297377617,74.52571505929188,0,255.63441832994533,21,18,1,credential_stuffing
2026-01-03 21:24:00,22.40335669846967,34.35837414865371,0,13.412464180744506,21,1,0,normal
2026-01-03 21:25:00,29.762910802862894,53.048715969581,0,14.04426408353148,21,1,0,normal
2026-01-03 21:26:00,23.21574352454136,56.5700788777809,0,21.7315627678913,21,1,0,normal
2026-01-03 21:27:00,23.52169958491271,57.80006571201215,0,22.16599180953766,21,3,0,normal
2026-01-03 21:28:00,30.91825903543562,43.23823260359802,0,18.22200486739259,21,1,0,normal
2026-01-03 21:29:00,20.728160636446464,81.29396151212123,0,27.240613852296867,21,1,0,normal
2026-01-03 21:30:00,15.743180690542601,30.576021719896097,0,20.470695664960893,21,2,0,normal
2026-01-03 21:31:00,24.036213282847033,71.88328082948703,0,16.108891228079596,21,1,0,normal
2026-01-03 21:32:00,22.09495629250758,68.22598408387458,1,14.759664597975316,21,1,0,normal
2026-01-03 21:33:00,19.202522081480474,78.51333184405527,0,14.22284258567105,21,3,0,normal
2026-01-03 21:34:00,23.947729264607855,26.176593519382696,0,23.840215995231496,21,1,0,normal
2026-01-03 21:35:00,27.949033883480702,36.967527681654346,0,15.029258357085887,21,1,0,normal
2026-01-03 21:36:00,24.944268630593104,72.37914588742461,0,20.860541658454594,21,1,0,normal
2026-01-03 21:37:00,26.841886436117427,21.844412680545368,0,13.212080573396456,21,2,0,normal
2026-01-03 21:38:00,35.88044619109254,528.9022009368265,1,18.66378885915215,21,1,1,data_exfiltration
2026-01-03 21:39:00,22.942726830654614,42.67538319932763,0,19.56368613898077,21,1,0,normal
2026-01-03 21:40:00,26.67009180786802,52.87990682933401,0,38.91313174614062,21,2,0,normal
2026-01-03 21:41:00,21.944719824405194,73.88337610473162,1,9.543184790269294,21,1,0,normal
2026-01-03 21:42:00,19.921841680678163,47.22101127604463,0,26.46931680218711,21,5,0,normal
2026-01-03 21:43:00,21.490554079493382,40.87641277903191,1,13.851476973584901,21,1,0,normal
2026-01-03 21:44:00,22.12744857086987,54.670849065446404,17,30.79792569620929,1,1,1,brute_force_login
2026-01-03 21:45:00,27.156854785282754,57.043947249416014,0,14.415779782733985,21,2,0,normal
2026-01-03 21:46:00,39.094454720204546,56.61859733255407,0,28.289895583003954,21,1,0,normal
2026-01-03 21:47:00,20.703739382344956,47.330206880729826,0,21.773938254511364,21,1,0,normal
2026-01-03 21:48:00,22.500248166307223,20.673708291227754,0,9.349025411228348,21,1,0,normal
2026-01-03 21:49:00,24.62126192133251,36.23576016340502,1,21.589815485680536,21,1,0,normal
2026-01-03 21:50:00,27.374793092258482,71.30406627901193,1,24.12471194831353,21,1,0,normal
2026-01-03 21:51:00,26.58130487172871,52.806034069648994,0,24.701166206825153,21,1,0,normal
2026-01-03 21:52:00,32.704574763688704,45.162168213394146,1,18.10451651946783,21,1,0,normal
2026-01-03 21:53:00,10.44164757678875,66.77252822560962,1,40.75703130174614,21,1,0,normal
2026-01-03 21:54:00,10.678420778825963,33.04825051446578,1,35.5686911318725,21,2,0,normal
2026-01-03 21:55:00,22.024730967939103,46.61977799430488,0,22.70505918676577,21,3,0,normal
2026-01-03 21:56:00,31.58380112526225,52.066376077610556,0,9.470947227531333,21,2,0,normal
2026-01-03 21:57:00,15.606111810366421,43.379337450580564,0,11.997703743383349,21,1,0,normal
2026-01-03 21:58:00,6.954205961837456,51.51144234352398,0,170.7380486973334,21,16,1,credential_stuffing
2026-01-03 21:59:00,28.42707643731525,47.18459102867352,0,19.23189479547999,21,1,0,normal
2026-01-03 22:00:00,26.461943342216287,29.009854283211876,0,13.391042667858843,22,1,0,normal
2026-01-03 22:01:00,18.458749559203422,52.722168228185836,0,15.650132385411586,22,1,0,normal
2026-01-03 22:02:00,19.08676239567442,30.07472312730699,0,4.08918720060789,22,2,0,normal
2026-01-03 22:03:00,19.18153768219195,52.48422687645083,0,2.7096015049551525,22,1,0,normal
2026-01-03 22:04:00,25.663211904843642,70.61203736225164,0,20.110069002070684,22,1,0,normal
2026-01-03 22:05:00,21.242108342901957,45.784652040859186,0,32.73912233376747,22,2,0,normal
2026-01-03 22:06:00,27.964383513853118,32.42775305043521,0,7.591257701549059,22,1,0,normal
2026-01-03 22:07:00,7.872240022573653,48.09518280192529,1,18.293010542621573,22,1,0,normal
2026-01-03 22:08:00,19.858888809233203,37.520433378822034,0,19.852073207732992,22,1,0,normal
2026-01-03 22:09:00,18.243676234533698,58.917635039472046,1,291.325572429475,22,9,1,credential_stuffing
2026-01-03 22:10:00,23.461955929765047,47.780168787157194,0,15.916997396183763,22,1,0,normal
2026-01-03 22:11:00,21.77171344905917,75.6464487749686,0,11.198607905959323,22,1,0,normal
2026-01-03 22:12:00,29.7870626793746,67.44484393516007,0,25.16621805224094,22,2,0,normal
2026-01-03 22:13:00,13.843979370039655,47.70379243277896,0,4.367067164550113,22,1,0,normal
2026-01-03 22:14:00,25.272948857984513,60.73413601959636,1,23.054315113346806,22,1,0,normal
2026-01-03 22:15:00,28.350018539270234,44.10145386255732,1,13.568645958938886,22,1,0,normal
2026-01-03 22:16:00,36.13988461937173,50.50935327747752,1,21.950776867901876,22,1,0,normal
2026-01-03 22:17:00,22.10940417343915,44.57848705474532,0,29.284078369147473,22,1,0,normal
2026-01-03 22:18:00,26.946751626115102,61.49683939774563,0,14.50927851450469,22,1,0,normal
2026-01-03 22:19:00,14.17682324462581,71.49482415064367,1,17.054582718576533,22,1,0,normal
2026-01-03 22:20:00,10.648262774121857,61.97972310786715,0,16.635248192275036,22,2,0,normal
2026-01-03 22:21:00,30.0686462546902,63.82904901928033,0,38.22779389951133,22,2,0,normal
2026-01-03 22:22:00,24.966638238111578,63.84550155853594,1,18.976178292202942,22,1,0,normal
2026-01-03 22:23:00,32.07107613879054,58.268838835020645,0,18.609144652107652,22,1,0,normal
2026-01-03 22:24:00,16.759582666181505,32.91070761184598,0,19.308091733795138,22,2,0,normal
2026-01-03 22:25:00,28.119412837172515,75.5145727912475,0,30.82313701167307,22,1,0,normal
2026-01-03 22:26:00,36.212907043263115,77.06616240047637,1,14.896284651335044,22,1,0,normal
2026-01-03 22:27:00,27.518233650143596,46.49180595029947,31,26.346648280107665,3,1,1,brute_force_login
2026-01-03 22:28:00,26.659489033546294,44.439531271757275,0,13.927986564433379,22,3,0,normal
2026-01-03 22:29:00,95.86197976358218,59.18617479373063,0,13.372966701068805,22,1,1,crypto_mining
2026-01-03 22:30:00,15.574711257244527,741.9338176010646,0,22.966575241423527,22,1,1,data_exfiltration
2026-01-03 22:31:00,33.13343761426209,46.970808968704716,0,29.713821875425072,22,2,0,normal
2026-01-03 22:32:00,21.334854161169606,31.249615166185936,1,16.933370792294824,22,1,0,normal
2026-01-03 22:33:00,28.026899538298103,54.58551786124666,0,16.877024214077387,22,1,0,normal
2026-01-03 22:34:00,15.62179416057248,58.27154807263318,1,25.081854232630327,22,2,0,normal
2026-01-03 22:35:00,17.923242012953317,60.88731722058196,0,19.914801983371643,22,1,0,normal
2026-01-03 22:36:00,33.610524395333414,55.239391585313115,0,25.44000812566363,22,2,0,normal
2026-01-03 22:37:00,22.916186266252943,45.93327277457136,0,6.997081327829509,22,1,0,normal
2026-01-03 22:38:00,33.719652856255266,64.91003059259417,0,11.685276078059314,22,1,0,normal
2026-01-03 22:39:00,24.530616045648895,50.987727463488774,0,19.506986625076465,22,1,0,normal
2026-01-03 22:40:00,13.948613362252855,43.02615478452919,0,23.614577260262358,22,1,0,normal
2026-01-03 22:41:00,30.352405598390323,47.290199269314186,0,18.961107667673907,22,1,0,normal
2026-01-03 22:42:00,21.46064609346635,23.81046451287527,0,20.638753708454303,22,1,0,normal
2026-01-03 22:43:00,29.19213288110226,47.266372637321915,0,24.852437864225816,22,1,0,normal
2026-01-03 22:44:00,25.15126520524049,60.32654779812003,0,10.026515125461838,22,3,0,normal
2026-01-03 22:45:00,15.741290632342778,55.09674533208845,0,24.85097822588519,22,1,0,normal
2026-01-03 22:46:00,25.985768592223415,72.80996259471779,1,28.40492871207112,22,1,0,normal
2026-01-03 22:47:00,38.17733885291679,46.05537628976444,0,17.257267503123774,22,1,0,normal
2026-01-03 22:48:00,27.957918751086755,57.30969744579974,1,13.11092605483191,22,1,0,normal
2026-01-03 22:49:00,24.65489348196722,61.89110264458658,1,27.110228466270883,22,2,0,normal
2026-01-03 22:50:00,31.452060411741385,85.14285512431113,1,33.7561929130445,22,1,0,normal
2026-01-03 22:51:00,26.264010791218666,52.17148236676461,1,21.18227634729484,22,2,0,normal
2026-01-03 22:52:00,26.257205381576767,34.33719231703965,0,12.93674090286159,22,2,0,normal
2026-01-03 22:53:00,18.450248967045383,62.71893130032923,0,19.953235196742597,22,1,0,normal
2026-01-03 22:54:00,26.40308815473759,77.98591033952685,0,13.330019462137676,22,1,0,normal
2026-01-03 22:55:00,31.21266049850167,45.16176934660068,0,25.728799888908306,22,1,0,normal
2026-01-03 22:56:00,19.983627087399853,62.61622307909624,1,19.595102441033855,22,1,0,normal
2026-01-03 22:57:00,33.546974927481685,68.4309208284338,1,12.576298828791062,22,1,0,normal
2026-01-03 22:58:00,24.449763855129245,65.2559831595523,0,21.59541154977063,22,1,0,normal
2026-01-03 22:59:00,19.673382930768756,51.883377837103666,0,14.756996566373022,22,1,0,normal
2026-01-03 23:00:00,30.985792461521466,39.522893626802805,0,9.479523972543493,23,1,0,normal
2026-01-03 23:01:00,23.279234585570386,48.780806779796215,0,26.07421885598489,23,2,0,normal
2026-01-03 23:02:00,29.557089324916646,56.87900680816446,0,22.38904946279441,23,3,0,normal
2026-01-03 23:03:00,23.249448206448776,63.62333786137594,0,16.24679858289211,23,2,0,normal
2026-01-03 23:04:00,24.641043138820578,55.00917571998559,1,30.17658514275996,23,1,0,normal
2026-01-03 23:05:00,27.96136122600575,44.301380501891344,1,14.02610259026497,23,1,0,normal
2026-01-03 23:06:00,26.745382345540037,58.33069484224653,0,16.52254251691056,23,1,0,normal
2026-01-03 23:07:00,13.026809317289569,62.901276016142305,0,23.000388012644212,23,1,0,normal
2026-01-03 23:08:00,18.27253755943365,55.694150846217205,0,27.01012043314582,23,1,0,normal
2026-01-03 23:09:00,30.576459908744894,37.45719328192513,0,23.127758741854734,23,2,0,normal
2026-01-03 23:10:00,24.207180466590717,47.27890947924215,0,15.488344103742273,23,1,0,normal
2026-01-03 23:11:00,21.85761218337147,64.217311646187,0,18.101188528020174,23,1,0,normal
2026-01-03 23:12:00,16.848555908455154,29.254732868832892,0,14.83756478747065,23,2,0,normal
2026-01-03 23:13:00,18.52158207234491,18.60232966413261,0,17.341383426717076,23,1,0,normal
2026-01-03 23:14:00,12.869208160228315,72.62124275216031,0,17.94706131949751,23,1,0,normal
2026-01-03 23:15:00,24.392315687790802,57.67122882532819,0,23.330282590182883,23,1,0,normal
2026-01-03 23:16:00,21.40937451651372,59.100950037801596,0,14.479886140650883,23,1,0,normal
2026-01-03 23:17:00,19.20047265408811,33.84774539559416,0,27.63852334475572,23,1,0,normal
2026-01-03 23:18:00,24.591259448992282,61.062920951998066,0,19.800187819799717,23,2,0,normal
2026-01-03 23:19:00,27.183823785116427,54.128730313525466,0,13.16873967335051,23,1,0,normal
2026-01-03 23:20:00,37.559187593259665,26.235086332274044,0,23.1088350380291,23,1,0,normal
2026-01-03 23:21:00,15.928699482620718,71.36425121410787,0,19.038940742089064,23,2,0,normal
2026-01-03 23:22:00,31.956286259803132,52.38024985428093,0,16.319354322341127,23,1,0,normal
2026-01-03 23:23:00,30.83860936609043,44.05874050881097,1,31.33212045605942,23,3,0,normal
2026-01-03 23:24:00,20.325443563739796,44.33015381022174,0,17.498793723518943,23,1,0,normal
2026-01-03 23:25:00,26.219415727516186,675.2972944327797,0,16.36736381312022,23,1,1,data_exfiltration
2026-01-03 23:26:00,22.25420050397431,58.90004899447045,0,27.685606229608535,23,4,0,normal
2026-01-03 23:27:00,26.114131482512434,53.92785810868588,1,24.030950498262147,23,1,0,normal
2026-01-03 23:28:00,34.054786080427306,47.088798015003576,0,26.035395585890015,23,1,0,normal
2026-01-03 23:29:00,28.63363739578788,69.17727811177508,1,15.495354837720782,23,2,0,normal
2026-01-03 23:30:00,28.05165023940065,29.242114715062314,0,21.75934884102056,23,1,0,normal
2026-01-03 23:31:00,22.418144080272146,41.048412854485775,0,8.908926703677,23,1,0,normal
2026-01-03 23:32:00,16.09566001045399,37.249876178594214,0,4.636424056651947,23,1,0,normal
2026-01-03 23:33:00,23.74919073675755,45.8180753034267,2,15.272668543677725,23,1,0,normal
2026-01-03 23:34:00,32.23964892918349,51.01205037885835,0,20.37735760301472,23,1,0,normal
2026-01-03 23:35:00,15.836992860462114,56.450202857170325,0,39.20161827503547,23,1,0,normal
2026-01-03 23:36:00,18.66946379093983,44.79539820342324,1,29.998178626813377,23,3,0,normal
2026-01-03 23:37:00,25.75760641740441,36.83966397267659,0,11.252001248608824,23,1,0,normal
2026-01-03 23:38:00,19.092071290916426,75.29010424655667,0,27.004785949624367,23,2,0,normal
2026-01-03 23:39:00,20.244859317308723,86.17460287682853,1,9.23564902106664,23,1,0,normal
2026-01-03 23:40:00,95.49580567937888,52.14930007823038,0,32.264288513025,23,1,1,crypto_mining
2026-01-03 23:41:00,16.806295574859103,38.64829449468699,0,15.957448345920913,23,1,0,normal
2026-01-03 23:42:00,19.15526892270179,72.13181196563441,1,15.403472390347972,23,1,0,normal
2026-01-03 23:43:00,29.220567500723853,28.298643405073022,0,28.161703953146915,23,1,0,normal
2026-01-03 23:44:00,17.155781306614216,44.978400129427584,0,15.527060128900319,23,2,0,normal
2026-01-03 23:45:00,15.412767193030973,39.558244229805474,2,33.98614121967327,23,2,0,normal
2026-01-03 23:46:00,21.219850122796633,32.606966743242666,0,15.438983108661855,23,1,0,normal
2026-01-03 23:47:00,29.391733015059074,45.79963650617346,0,27.099840415437804,23,3,0,normal
2026-01-03 23:48:00,23.81846915201866,37.03741881239053,0,20.92772794469548,23,1,0,normal
2026-01-03 23:49:00,22.21251353130629,50.18981696222982,1,25.430385222339844,23,1,0,normal
2026-01-03 23:50:00,25.26615278509364,50.40765751508696,0,11.938275528074932,23,3,0,normal
2026-01-03 23:51:00,14.525755402842087,40.680024147170315,0,5.332421270925359,23,1,0,normal
2026-01-03 23:52:00,27.968233922650196,44.44229965109196,1,12.49010077461549,23,1,0,normal
2026-01-03 23:53:00,27.300610188421864,46.537265481444344,0,16.768889790173738,23,4,0,normal
2026-01-03 23:54:00,22.54414915542567,62.147690916791404,0,18.400591112502465,23,1,0,normal
2026-01-03 23:55:00,31.0355470707785,47.773558984037216,0,16.127527536753515,23,2,0,normal
2026-01-03 23:56:00,18.23502340628177,62.37052611179146,0,2.907410734943099,23,3,0,normal
2026-01-03 23:57:00,31.767453959521415,58.78719475331984,1,14.890203470024918,23,1,0,normal
2026-01-03 23:58:00,25.926961993571506,58.57296045351113,0,20.316429878797095,23,1,0,normal
2026-01-03 23:59:00,22.98068446073096,70.8176895551896,0,18.053186926098217,23,2,0,normal
2026-01-04 00:00:00,24.880758187790132,33.209136803811354,1,17.0051911687975,0,1,0,normal
2026-01-04 00:01:00,24.35641140513435,42.902253405393296,0,264.4642342607845,0,10,1,credential_stuffing
2026-01-04 00:02:00,32.3216973785063,76.44948200449355,1,20.451360954767292,0,3,0,normal
2026-01-04 00:03:00,18.539925235173918,46.140252491160986,0,11.622298957367587,0,1,0,normal
2026-01-04 00:04:00,20.42488456512041,7.773144651412252,1,18.03776336659131,0,1,0,normal
2026-01-04 00:05:00,31.217817352434878,46.95547485278172,0,16.739516096992563,0,1,0,normal
2026-01-04 00:06:00,21.426790388896844,52.02409295244875,1,10.009137755294443,0,1,0,normal
2026-01-04 00:07:00,30.40319846398955,10.743303238531837,0,18.548045589096247,0,1,0,normal
2026-01-04 00:08:00,35.19661589805226,70.00903459831923,0,4.110917964615851,0,1,0,normal
2026-01-04 00:09:00,22.5892298383502,39.29431304201597,0,14.5685556426596,0,1,0,normal
2026-01-04 00:10:00,29.088173959451833,54.928446727812734,1,22.694912417601024,0,1,0,normal
2026-01-04 00:11:00,18.077846311960847,46.610276819839065,0,23.29524321686555,0,1,0,normal
2026-01-04 00:12:00,29.528399788406855,30.674728711939377,1,20.10549339621541,0,1,0,normal
2026-01-04 00:13:00,26.196543915920603,33.942377980468706,0,21.798332321076956,0,1,0,normal
2026-01-04 00:14:00,27.838229692961292,35.9737574535868,1,24.95886868155448,0,1,0,normal
2026-01-04 00:15:00,21.12656756778763,66.28507863775457,1,20.837093387300197,0,1,0,normal
2026-01-04 00:16:00,15.033499506596964,47.78692717849772,0,29.412271938819966,0,2,0,normal
2026-01-04 00:17:00,28.019512388497027,42.1720172517238,0,3.027661319082277,0,1,0,normal
2026-01-04 00:18:00,12.619581085123272,35.98086631114653,0,26.59837452037668,0,1,0,normal
2026-01-04 00:19:00,23.095897046544792,67.9422533228919,0,2.6029894541551286,0,1,0,normal
2026-01-04 00:20:00,30.647091198519817,71.96301908785381,0,14.98665155108631,0,1,0,normal
2026-01-04 00:21:00,26.151386415238218,67.7711584806002,0,25.843671805222588,0,1,0,normal
2026-01-04 00:22:00,36.69005586873888,57.3865600873125,0,24.9609382712775,0,1,0,normal
2026-01-04 00:23:00,31.15065491549064,54.34745062806067,0,12.240537269117052,0,2,0,normal
2026-01-04 00:24:00,21.07660967004654,31.76093273036148,0,19.61598073447803,0,2,0,normal
2026-01-04 00:25:00,25.163880279108632,46.31271309933414,0,15.237788613650356,0,1,0,normal
2026-01-04 00:26:00,24.715775784733385,39.742096949803454,0,26.779259334651197,0,1,0,normal
2026-01-04 00:27:00,15.506939419923237,22.617318365229355,0,19.381302119868604,0,1,0,normal
2026-01-04 00:28:00,19.35760650109388,65.85565128748048,1,14.814542928300913,0,2,0,normal
2026-01-04 00:29:00,21.63543455812084,39.56255080411587,0,23.054089158980283,0,1,0,normal
2026-01-04 00:30:00,12.78267698286438,67.93912861152961,0,24.632681431224114,0,1,0,normal
2026-01-04 00:31:00,25.284960809509858,63.226196011400184,0,18.438596813878068,0,1,0,normal
2026-01-04 00:32:00,23.505568932081754,58.35076964950128,0,25.226763459621942,0,1,0,normal
2026-01-04 00:33:00,14.962636592130554,59.193261076447754,1,32.492886244143754,0,2,0,normal
2026-01-04 00:34:00,27.425277191663994,40.77029176889438,0,3.356087079056511,0,1,0,normal
2026-01-04 00:35:00,29.295236468145756,77.86775226935997,0,29.64835737463533,0,1,0,normal
2026-01-04 00:36:00,26.362206873189333,50.64688146429574,0,31.45649266280811,0,1,0,normal
2026-01-04 00:37:00,23.05559094874618,54.52897527678056,1,23.593072476582616,0,1,0,normal
2026-01-04 00:38:00,28.54865291051113,40.26385499650041,0,17.49989280850721,0,1,0,normal
2026-01-04 00:39:00,29.081322162860147,36.032521088345604,0,7.530631439394943,0,1,0,normal
2026-01-04 00:40:00,26.84442141831813,57.15944013214135,0,20.33970309758025,0,1,0,normal
2026-01-04 00:41:00,20.052326497391434,53.262702439081785,0,16.779580724590186,0,1,0,normal
2026-01-04 00:42:00,26.659604593067083,38.15971451146134,0,8.871432900855055,0,1,0,normal
2026-01-04 00:43:00,32.172883904952876,28.42359921836894,1,14.746519213762532,0,1,0,normal
2026-01-04 00:44:00,21.42022564832962,30.951153690086795,0,19.680997520641156,0,1,0,normal
2026-01-04 00:45:00,37.587636034794585,67.9420057563666,0,22.155384130853204,0,1,0,normal
2026-01-04 00:46:00,21.846214396087692,40.801192780248925,1,11.802665451264609,0,1,0,normal
2026-01-04 00:47:00,25.19444208004082,44.916371814862494,0,0.959253717668993,0,1,0,normal
2026-01-04 00:48:00,20.965086423961985,71.75510388138593,0,17.954685077496862,0,1,0,normal
2026-01-04 00:49:00,26.339625015521566,33.16774157770378,0,12.656147477295724,0,1,0,normal
2026-01-04 00:50:00,14.546669844188349,39.09507761424415,0,16.509217947071026,0,2,0,normal
2026-01-04 00:51:00,21.723749207099672,38.4684975715896,0,3.625284196686149,0,1,0,normal
2026-01-04 00:52:00,18.447272797908596,74.2710272174906,0,17.433856181301856,0,1,0,normal
2026-01-04 00:53:00,25.812030087353744,79.9007525087362,1,22.97883364494773,0,1,0,normal
2026-01-04 00:54:00,30.966684253053444,61.273448381032566,2,16.452771773982757,0,1,0,normal
2026-01-04 00:55:00,28.876037122687308,61.7507708623136,1,20.826571441553696,0,1,0,normal
2026-01-04 00:56:00,10.770043834846646,41.29467495720903,1,17.6465849114135,0,1,0,normal
2026-01-04 00:57:00,37.252417917567286,79.20992730356424,0,4.230952989731884,0,1,0,normal
2026-01-04 00:58:00,26.77167964372521,54.015443815379925,1,20.648215262360704,0,1,0,normal
2026-01-04 00:59:00,20.341005157041998,62.7966539667461,0,13.723636228964832,0,1,0,normal
2026-01-04 01:00:00,25.942767513945647,48.41712591843569,1,9.402017081854767,1,1,0,normal
2026-01-04 01:01:00,26.057138935016155,45.979511190085844,1,25.425637097515402,1,4,0,normal
2026-01-04 01:02:00,20.99890769829062,74.94563389394176,0,22.155085927138355,1,2,0,normal
2026-01-04 01:03:00,26.187500004052453,58.09585519607461,0,15.102071001152659,1,2,0,normal
2026-01-04 01:04:00,21.355166274278155,71.77063191605572,1,18.75897495562854,1,1,0,normal
2026-01-04 01:05:00,22.573828043859862,53.82992257617567,1,21.283416268646462,1,1,0,normal
2026-01-04 01:06:00,20.882325185469494,37.27450195365364,0,6.410474929175335,1,1,0,normal
2026-01-04 01:07:00,16.40397226156208,41.24985600682268,0,10.876071565125011,1,2,0,normal
2026-01-04 01:08:00,25.875018821292304,51.54447863696916,0,11.257948058404375,1,4,0,normal
2026-01-04 01:09:00,28.51179661909803,40.6024967593501,0,23.981394888351915,1,1,0,normal
2026-01-04 01:10:00,28.089301576458233,33.38807887058464,0,32.52378317393521,1,1,0,normal
2026-01-04 01:11:00,91.14569310943634,68.02125547680538,0,24.729587919757222,1,1,1,crypto_mining
2026-01-04 01:12:00,26.94604126008921,41.826948937647316,0,20.941556724141535,1,1,0,normal
2026-01-04 01:13:00,21.80364701069858,52.072891216869806,1,11.78215531191426,1,1,0,normal
2026-01-04 01:14:00,30.037983186587134,54.442003848284074,0,25.92497663651514,1,3,0,normal
2026-01-04 01:15:00,16.85489476094839,41.17770312019147,0,17.100116065584494,1,1,0,normal
2026-01-04 01:16:00,19.59597170492512,71.76199199463109,2,11.908464849404421,1,1,0,normal
2026-01-04 01:17:00,19.21479957146053,33.24287358193081,0,25.780601121385942,1,1,0,normal
2026-01-04 01:18:00,31.480336354835863,53.92437895371156,1,30.638800480442022,1,1,0,normal
2026-01-04 01:19:00,30.65673108484045,53.691765595648754,1,25.909562233423838,1,1,0,normal
2026-01-04 01:20:00,27.92383142226997,49.186180957037784,1,39.02784402487373,1,2,0,normal
2026-01-04 01:21:00,31.431579191270785,30.54631080092026,0,13.931774262328815,1,3,0,normal
2026-01-04 01:22:00,19.72430330552807,63.06226327795196,0,16.249047842394337,1,1,0,normal
2026-01-04 01:23:00,27.091570719165883,61.15266005501895,0,12.954559279711333,1,1,0,normal
2026-01-04 01:24:00,24.248953429701015,503.70108139061256,0,12.905989297732306,1,1,1,data_exfiltration
2026-01-04 01:25:00,30.081292623309484,60.61230810808043,0,31.17765351299527,1,3,0,normal
2026-01-04 01:26:00,24.308654604686815,55.62361529451164,1,11.136516137743905,1,1,0,normal
2026-01-04 01:27:00,22.69034266953951,30.790817819583374,0,15.620826679265456,1,1,0,normal
2026-01-04 01:28:00,28.245451111365938,37.19106628142964,0,30.08612758179506,1,1,0,normal
2026-01-04 01:29:00,30.257015003147398,67.07422167334369,1,23.089811026229825,1,2,0,normal
2026-01-04 01:30:00,20.98992883091919,54.641242777130756,0,11.873186022149854,1,2,0,normal
2026-01-04 01:31:00,24.633545971885745,41.53545581284061,1,19.35412243564509,1,1,0,normal
2026-01-04 01:32:00,18.649356198150084,37.12286163241037,0,6.410230364587173,1,2,0,normal
2026-01-04 01:33:00,10.011633895042364,42.269093028268685,0,18.391870913357323,1,1,0,normal
2026-01-04 01:34:00,26.202757788482373,43.33280705183443,0,20.613982711172444,1,1,0,normal
2026-01-04 01:35:00,28.65343213752779,37.310554510561225,0,21.12776036891278,1,1,0,normal
2026-01-04 01:36:00,26.572400854520353,23.873538314250464,0,35.01968133963206,1,1,0,normal
2026-01-04 01:37:00,13.302629693473797,67.10019929601178,1,25.94580872112664,1,1,0,normal
2026-01-04 01:38:00,22.89490341954115,64.55950508917165,0,10.634939513481225,1,2,0,normal
2026-01-04 01:39:00,11.689913439693512,30.90116822289711,1,20.869732173339674,1,3,0,normal
2026-01-04 01:40:00,33.21820664592511,52.04466943345501,0,19.477088629522935,1,1,0,normal
2026-01-04 01:41:00,18.483672507291484,36.4664269592785,0,34.92483824076096,1,1,0,normal
2026-01-04 01:42:00,32.53242165675938,46.07649165160197,0,16.469152312461745,1,4,0,normal
2026-01-04 01:43:00,30.675217862104873,44.82850130189515,0,21.042716172209396,1,1,0,normal
2026-01-04 01:44:00,19.596457884783632,43.582486764231916,1,22.13666636494099,1,1,0,normal
2026-01-04 01:45:00,18.20329029239353,80.0442062611443,0,11.441779731247449,1,2,0,normal
2026-01-04 01:46:00,27.102221298318028,43.39511472985714,2,7.80486669089251,1,1,0,normal
2026-01-04 01:47:00,19.934055776901573,37.87604262399613,1,18.188494190564892,1,1,0,normal
2026-01-04 01:48:00,25.614907852949244,38.561278557544284,0,25.334453719412164,1,1,0,normal
2026-01-04 01:49:00,22.10303445515849,65.65665434602633,0,9.496304146468834,1,1,0,normal
2026-01-04 01:50:00,14.313049513206199,25.218465024605976,0,19.201783732168273,1,3,0,normal
2026-01-04 01:51:00,11.617191885253245,38.5606562534672,0,14.64510454448217,1,1,0,normal
2026-01-04 01:52:00,26.360105490967584,71.70234260167301,0,4.5116295550780166,1,2,0,normal
2026-01-04 01:53:00,21.630653522016246,53.6597928199647,0,21.865112551804067,1,1,0,normal
2026-01-04 01:54:00,21.681461098515207,52.8788300755417,0,23.273685998003426,1,1,0,normal
2026-01-04 01:55:00,29.175183034562714,81.98219690215552,0,25.36344141447379,1,1,0,normal
2026-01-04 01:56:00,32.04065365979467,53.695219294227485,1,26.265824843333363,1,2,0,normal
2026-01-04 01:57:00,23.364731671829144,39.377207579606264,0,19.206627751705124,1,1,0,normal
2026-01-04 01:58:00,22.95640775854083,45.76884414685477,1,23.20362104491756,1,1,0,normal
2026-01-04 01:59:00,28.000858198683304,32.968515364541474,0,21.503078187135614,1,1,0,normal
2026-01-04 02:00:00,16.85838658180255,68.83905560023545,0,0.0,2,1,0,normal
2026-01-04 02:01:00,26.338918328486184,58.61842576305073,0,8.001562625815415,2,1,0,normal
2026-01-04 02:02:00,28.311315830932923,66.86621224956333,2,14.076507462164745,2,1,0,normal
2026-01-04 02:03:00,29.081381250505775,68.19475892824056,0,20.419040354377664,2,3,0,normal
2026-01-04 02:04:00,13.379483784985212,43.78683828608701,0,22.141970864471272,2,1,0,normal
2026-01-04 02:05:00,20.431868381146355,35.82870721986665,0,25.217017447549402,2,1,0,normal
2026-01-04 02:06:00,19.7304204830592,49.224303330379314,1,25.397346225518426,2,1,0,normal
2026-01-04 02:07:00,25.59932172645528,36.90858393817193,0,21.48817087644013,2,1,0,normal
2026-01-04 02:08:00,27.884467478607903,52.47435313113537,1,23.93766341042709,2,2,0,normal
2026-01-04 02:09:00,33.98026244467589,66.98145321252034,1,32.2642338707962,2,1,0,normal
2026-01-04 02:10:00,22.030207117791562,47.47790530926249,0,23.286955961070205,2,1,0,normal
2026-01-04 02:11:00,22.014565010144718,52.249926348616086,0,19.73158052568221,2,1,0,normal
2026-01-04 02:12:00,31.898032113272482,48.592315756649505,0,23.665367594657614,2,1,0,normal
2026-01-04 02:13:00,26.77946163118183,62.040913586565466,1,26.525249273134577,2,2,0,normal
2026-01-04 02:14:00,32.60590906712784,39.98326408567565,1,32.3957197023617,2,1,0,normal
2026-01-04 02:15:00,26.732368018059017,17.05330607535351,2,11.24122920675009,2,1,0,normal
2026-01-04 02:16:00,18.057300287720373,57.06303289063071,0,6.884426310377361,2,1,0,normal
2026-01-04 02:17:00,17.00122987133316,64.8175163196199,1,21.658556604883202,2,1,0,normal
2026-01-04 02:18:00,15.690926505646425,56.695613671378034,1,8.437704169257811,2,3,0,normal
2026-01-04 02:19:00,28.97231100855084,40.39654256797979,0,18.006498683300077,2,2,0,normal
2026-01-04 02:20:00,32.13158093852205,32.97481852720897,0,34.48768120660763,2,1,0,normal
2026-01-04 02:21:00,36.09617284831829,57.41746297670482,1,20.027647689637167,2,1,0,normal
2026-01-04 02:22:00,30.058631993939443,52.1221842940201,1,20.115341682773824,2,1,0,normal
2026-01-04 02:23:00,31.977031465209915,48.11311058512506,0,16.795598301832026,2,1,0,normal
2026-01-04 02:24:00,21.519902004077892,77.33695014490687,1,32.04037952181953,2,1,0,normal
2026-01-04 02:25:00,18.06150509953686,35.79799858728002,1,23.38644818653843,2,1,0,normal
2026-01-04 02:26:00,30.10047599450532,76.62555531691198,0,16.25598109833808,2,1,0,normal
2026-01-04 02:27:00,27.506084513436406,50.4767585730596,0,31.83962840972714,2,1,0,normal
2026-01-04 02:28:00,25.644666246045354,22.46644284693688,0,21.481441277690323,2,3,0,normal
2026-01-04 02:29:00,27.32422888379794,47.31196018521289,0,16.68013873745865,2,1,0,normal
2026-01-04 02:30:00,26.939112894749236,64.39244114899162,0,3.294873573855501,2,1,0,normal
2026-01-04 02:31:00,32.70290115912137,44.52417450792544,1,21.09932278533297,2,1,0,normal
2026-01-04 02:32:00,32.76991350890174,27.878321881424075,1,16.38893241739991,2,2,0,normal
2026-01-04 02:33:00,28.265322114042082,47.53228202305745,1,17.482158138825955,2,1,0,normal
2026-01-04 02:34:00,30.07481723537757,37.14241439162441,1,17.032513976134474,2,1,0,normal
2026-01-04 02:35:00,28.084375314548655,57.37721601631944,1,5.355184619451164,2,3,0,normal
2026-01-04 02:36:00,22.232981607792286,61.60099724101417,0,40.51020297864662,2,2,0,normal
2026-01-04 02:37:00,29.53938804947884,34.155943883778406,0,14.449523366430542,2,1,0,normal
2026-01-04 02:38:00,16.63302958684443,39.41293917326526,0,25.346592610797206,2,1,0,normal
2026-01-04 02:39:00,31.3233493137753,61.34963697660407,1,18.248801471231516,2,2,0,normal
2026-01-04 02:40:00,17.83286236140379,37.11733582551561,0,0.0,2,1,0,normal
2026-01-04 02:41:00,26.714819720768396,33.76762796258008,0,18.814140845882196,2,1,0,normal
2026-01-04 02:42:00,19.929076249443046,32.319633023056184,2,20.955595094878372,2,1,0,normal
2026-01-04 02:43:00,28.32033389844656,55.2805791943718,0,15.639366611110875,2,1,0,normal
2026-01-04 02:44:00,24.796448644432548,54.63736579276196,0,31.60726661833575,2,3,0,normal
2026-01-04 02:45:00,15.431464251020007,39.739309544314374,0,34.335844296952494,2,1,0,normal
2026-01-04 02:46:00,27.524197786110875,50.076280941923514,0,22.296859595820916,2,3,0,normal
2026-01-04 02:47:00,21.532475339003735,72.90698576232695,0,23.386279498436693,2,2,0,normal
2026-01-04 02:48:00,30.286880324880215,35.38909764622667,0,10.779613473326425,2,3,0,normal
2026-01-04 02:49:00,25.007954132406443,20.723860864843257,0,10.74983411609049,2,2,0,normal
2026-01-04 02:50:00,27.37252591232823,820.8450156169023,0,14.764434585715083,2,3,1,data_exfiltration
2026-01-04 02:51:00,19.254586269908728,48.34398254147617,0,36.00117645747252,2,2,0,normal
2026-01-04 02:52:00,21.464006611435828,39.34962369777348,0,15.61144678605148,2,3,0,normal
2026-01-04 02:53:00,22.248168183393492,59.78120356032362,0,30.536551487248538,2,2,0,normal
2026-01-04 02:54:00,30.140214881455336,62.58837717003185,0,14.21956710056279,2,1,0,normal
2026-01-04 02:55:00,35.064262526832934,16.875829701798608,0,12.302143302398237,2,1,0,normal
2026-01-04 02:56:00,20.168969489542743,40.211031360027675,1,15.997067325028901,2,1,0,normal
2026-01-04 02:57:00,31.46108886794608,84.76274346795282,1,15.792712477230513,2,3,0,normal
2026-01-04 02:58:00,11.981935493645787,58.75107373697286,0,14.195889264674298,2,1,0,normal
2026-01-04 02:59:00,17.834863593446265,60.141554574457246,0,32.4923121785155,2,1,0,normal
2026-01-04 03:00:00,19.24732926287935,67.59341417947218,28,19.56652052515348,2,1,1,brute_force_login
2026-01-04 03:01:00,16.884947863355666,50.25603237799589,0,18.408275468489155,3,1,0,normal
2026-01-04 03:02:00,15.49846966127452,61.9502624013743,0,20.20302697419517,3,1,0,normal
2026-01-04 03:03:00,27.477993472826785,60.77093065755804,17,27.31931201527722,1,1,1,brute_force_login
2026-01-04 03:04:00,23.715593813632832,58.085622451291385,0,20.2006595816925,3,2,0,normal
2026-01-04 03:05:00,27.27643238563066,45.16982044073893,0,22.444265355994148,3,1,0,normal
2026-01-04 03:06:00,29.14283611672908,52.580883835493886,0,28.141420688786596,3,1,0,normal
2026-01-04 03:07:00,26.5937019590352,41.17457653539833,0,11.447576539398934,3,1,0,normal
2026-01-04 03:08:00,28.94657905690224,898.3126452533802,0,13.298181060706508,3,1,1,data_exfiltration
2026-01-04 03:09:00,24.582806282546382,32.472636618511,1,20.867603491846378,3,1,0,normal
2026-01-04 03:10:00,17.87803967016553,38.14064013090571,0,14.337812590313401,3,3,0,normal
2026-01-04 03:11:00,31.34688508492478,45.765319371126054,0,18.143233520657866,3,1,0,normal
2026-01-04 03:12:00,21.465327203313237,35.84441852854886,0,11.177482186191112,3,2,0,normal
2026-01-04 03:13:00,19.386422207425444,42.42474093882235,0,13.097350661719538,3,1,0,normal
2026-01-04 03:14:00,23.93249274517361,47.54111034866726,1,28.883098210470237,3,3,0,normal
2026-01-04 03:15:00,19.523134484220922,56.03393516996566,2,17.06480000570943,3,1,0,normal
2026-01-04 03:16:00,22.495417708063407,64.23885952779364,0,183.84060898520886,3,16,1,credential_stuffing
2026-01-04 03:17:00,27.0643235293808,43.04323442932838,0,13.383590232665771,3,1,0,normal
2026-01-04 03:18:00,27.090050435476762,70.02656925902936,0,12.916930953141364,3,1,0,normal
2026-01-04 03:19:00,19.613019601446226,64.0791661793824,0,11.700006260178853,3,1,0,normal
2026-01-04 03:20:00,22.073767762307533,57.56140747915913,1,9.671135699883038,3,3,0,normal
2026-01-04 03:21:00,31.44599802862146,52.304736939449285,1,14.36970132586952,3,1,0,normal
2026-01-04 03:22:00,27.978400706403647,54.78681262802812,1,19.074773133955194,3,1,0,normal
2026-01-04 03:23:00,37.45039023609125,67.80576725999573,1,25.125117239955166,3,2,0,normal
2026-01-04 03:24:00,32.08076904244916,68.3536948963891,0,19.32446319435936,3,1,0,normal
2026-01-04 03:25:00,31.865758411359636,70.02420092575466,2,11.939718967306334,3,1,0,normal
2026-01-04 03:26:00,16.67278869726519,50.61990247815505,1,15.66936102159071,3,1,0,normal
2026-01-04 03:27:00,29.583162109800536,58.32450747497919,0,15.185773067640659,3,1,0,normal
2026-01-04 03:28:00,24.681359189818536,70.15319759933077,0,14.710771430069073,3,3,0,normal
2026-01-04 03:29:00,21.694109178770503,40.644259476254106,0,16.97003347482081,3,1,0,normal
2026-01-04 03:30:00,26.00809204319517,45.223747194225446,0,27.11677531296862,3,1,0,normal
2026-01-04 03:31:00,30.6712692076689,653.1891918005244,0,25.390213264482618,3,1,1,data_exfiltration
2026-01-04 03:32:00,28.00498954602527,63.493981069691095,0,32.77362472810121,3,1,0,normal
2026-01-04 03:33:00,19.72915719194764,63.72758226077934,0,176.35085925040056,3,12,1,credential_stuffing
2026-01-04 03:34:00,29.45475348155572,46.537038332030974,0,11.065737900352524,3,1,0,normal
2026-01-04 03:35:00,21.174474747544217,27.37085818430435,0,17.04660760804833,3,1,0,normal
2026-01-04 03:36:00,26.30009871378572,53.69275916443951,0,29.331215184878367,3,3,0,normal
2026-01-04 03:37:00,23.179899595137194,36.22525794007398,0,3.1621196321349885,3,1,0,normal
2026-01-04 03:38:00,93.77246555835208,27.650956930396664,0,20.911444039213222,3,1,1,crypto_mining
2026-01-04 03:39:00,29.597457850243057,31.04192658899425,0,17.2919076513059,3,1,0,normal
2026-01-04 03:40:00,18.758837681104612,54.89571511768341,0,24.988249187902774,3,2,0,normal
2026-01-04 03:41:00,36.6711704456616,70.4155604139921,0,23.36191387608099,3,2,0,normal
2026-01-04 03:42:00,14.073483584233022,50.583417743543656,1,24.952952402464142,3,1,0,normal
2026-01-04 03:43:00,21.413993900470857,53.17070981968947,0,23.921124243112732,3,2,0,normal
2026-01-04 03:44:00,27.221271339650446,67.74342408316888,0,42.417669284145404,3,1,0,normal
2026-01-04 03:45:00,28.505884998611858,26.833176363746688,0,34.27438131202734,3,1,0,normal
2026-01-04 03:46:00,24.39714567656977,57.80264632400407,0,26.603171521545256,3,1,0,normal
2026-01-04 03:47:00,24.655655781990745,49.82615323521768,33,16.118190215128884,2,1,1,brute_force_login
2026-01-04 03:48:00,27.4633005119657,58.490861882481006,0,16.9940283722794,3,1,0,normal
2026-01-04 03:49:00,23.61358313525392,42.74774137394276,0,29.19308524319439,3,1,0,normal
2026-01-04 03:50:00,33.359087547609434,37.730940643602764,0,29.502936219266626,3,1,0,normal
2026-01-04 03:51:00,30.036094685389614,52.10763356428408,1,13.193598714698432,3,1,0,normal
2026-01-04 03:52:00,30.236946106033805,74.73786985001692,0,4.007337866461812,3,1,0,normal
2026-01-04 03:53:00,19.203059659777498,62.91365156812194,0,5.344357625123321,3,1,0,normal
2026-01-04 03:54:00,24.523669453565784,42.384608447298625,0,29.38125556523889,3,1,0,normal
2026-01-04 03:55:00,23.19720430767578,29.885419460280804,0,30.8828093199322,3,1,0,normal
2026-01-04 03:56:00,18.966391745863206,24.76899074453322,0,20.138450749353062,3,4,0,normal
2026-01-04 03:57:00,27.1609851036746,69.74149177775722,0,22.590815846422796,3,2,0,normal
2026-01-04 03:58:00,21.7741254533211,35.673765677962585,0,34.25873949583644,3,1,0,normal
2026-01-04 03:59:00,28.93242297910142,45.117298805075954,0,36.11276925704564,3,1,0,normal
2026-01-04 04:00:00,18.578850622634008,69.81816689116364,1,25.43732903525782,4,1,0,normal
2026-01-04 04:01:00,35.314243677050925,25.791478167815125,0,19.826413329991993,4,1,0,normal
2026-01-04 04:02:00,19.62200404844763,72.38396764212588,0,16.54118516801014,4,1,0,normal
2026-01-04 04:03:00,26.315814023202616,46.195393191612474,0,17.748061656092244,4,1,0,normal
2026-01-04 04:04:00,29.751155862328403,32.77125027141892,0,13.803302077880202,4,1,0,normal
2026-01-04 04:05:00,21.576157418799323,46.289736092766304,0,25.213783524800423,4,1,0,normal
2026-01-04 04:06:00,30.114811860597705,39.16104827897784,0,18.949005456601956,4,1,0,normal
2026-01-04 04:07:00,17.624898413197503,56.612296983585736,0,13.443023537401661,4,3,0,normal
2026-01-04 04:08:00,33.712706195095365,40.27801349168333,0,29.033675142816044,4,1,0,normal
2026-01-04 04:09:00,25.08489558979455,21.325366836214357,0,24.423419845072615,4,1,0,normal
2026-01-04 04:10:00,21.42153155218672,46.69156198386516,0,22.06149982698253,4,2,0,normal
2026-01-04 04:11:00,23.204909365435395,29.651824215701915,0,18.714544844108083,4,2,0,normal
2026-01-04 04:12:00,29.85351561635632,53.0647982598248,1,23.65715082130134,4,1,0,normal
2026-01-04 04:13:00,21.493268248897373,32.19304501575014,0,17.213278510281366,4,1,0,normal
2026-01-04 04:14:00,20.503853863463334,42.67980795241871,0,42.152915973182076,4,1,0,normal
2026-01-04 04:15:00,23.67078041449757,52.738817063215045,0,38.26076842312621,4,3,0,normal
2026-01-04 04:16:00,17.93822732338019,46.81311912448596,0,13.461811810623729,4,1,0,normal
2026-01-04 04:17:00,35.923263447650896,53.756454245015675,0,17.922355950039613,4,1,0,normal
2026-01-04 04:18:00,21.601632452711662,60.20430748576635,0,12.810569906922153,4,2,0,normal
2026-01-04 04:19:00,29.98970071708242,32.63099450403041,0,4.994730969597811,4,1,0,normal
2026-01-04 04:20:00,26.256820501886637,49.03403689062938,1,33.65451801270791,4,1,0,normal
2026-01-04 04:21:00,19.09279569710819,0.05744303737806433,0,18.801911318731264,4,1,0,normal
2026-01-04 04:22:00,24.964271744723625,53.709999525237855,0,11.246205862296131,4,1,0,normal
2026-01-04 04:23:00,29.704016675864487,45.48778804437737,0,6.136522281325661,4,1,0,normal
2026-01-04 04:24:00,23.87043198948216,35.24825354783043,0,21.78275725851222,4,1,0,normal
2026-01-04 04:25:00,32.15867767510617,54.73579133444786,0,22.866464686220404,4,1,0,normal
2026-01-04 04:26:00,31.12909235669118,67.59046365777601,0,23.29203171551529,4,1,0,normal
2026-01-04 04:27:00,30.513489127949974,42.85973378601585,0,28.561936917939946,4,1,0,normal
2026-01-04 04:28:00,22.242059366362017,35.827782646374196,2,27.17050842025821,4,2,0,normal
2026-01-04 04:29:00,18.520945313311078,52.475378936580675,1,9.701036332887382,4,1,0,normal
2026-01-04 04:30:00,21.318474367823235,29.96590000030459,1,11.291812813726818,4,3,0,normal
2026-01-04 04:31:00,26.177445644000322,40.09427944196691,1,27.797296784577338,4,1,0,normal
2026-01-04 04:32:00,28.274720281194135,68.33603242475753,0,15.057758162342296,4,1,0,normal
2026-01-04 04:33:00,11.970571571437315,50.93268844718431,0,8.268670557171054,4,1,0,normal
2026-01-04 04:34:00,24.951320790329497,21.807995540807504,1,9.010826723503646,4,1,0,normal
2026-01-04 04:35:00,25.948535351939107,23.045125290808986,1,27.495435920664935,4,1,0,normal
2026-01-04 04:36:00,23.33473446210669,52.431285389701635,0,268.21185632133256,4,11,1,credential_stuffing
2026-01-04 04:37:00,32.747643034095276,62.93585863876531,0,21.025532132743578,4,1,0,normal
2026-01-04 04:38:00,27.530680445505226,25.735678120607748,2,12.457886709170111,4,2,0,normal
2026-01-04 04:39:00,32.86115144848538,56.74568911244763,0,19.4963248214946,4,1,0,normal
2026-01-04 04:40:00,23.704236877898605,69.95515261234578,0,18.72250512072336,4,3,0,normal
2026-01-04 04:41:00,30.62486495504155,78.31788481937959,0,16.47647181397647,4,1,0,normal
2026-01-04 04:42:00,34.81039836716512,54.96834139789814,0,25.471248890850955,4,3,0,normal
2026-01-04 04:43:00,32.87016069563597,57.602038918287114,0,16.159910931708204,4,1,0,normal
2026-01-04 04:44:00,18.447150439427602,18.00223358557784,0,24.32169216916304,4,1,0,normal
2026-01-04 04:45:00,23.477943534745712,81.49628821993983,0,22.670680071543533,4,2,0,normal
2026-01-04 04:46:00,22.929011767301223,41.36764680355818,1,8.468278391178034,4,1,0,normal
2026-01-04 04:47:00,27.935527210457966,35.99793262362438,1,35.94674003771315,4,1,0,normal
2026-01-04 04:48:00,29.1181213300872,704.2747239561012,0,24.615377847047437,4,2,1,data_exfiltration
2026-01-04 04:49:00,19.966643955845583,72.67510121278147,0,7.258686643076631,4,2,0,normal
2026-01-04 04:50:00,25.407031083501625,83.12069071315322,0,8.504909332572078,4,1,0,normal
2026-01-04 04:51:00,12.880436007063182,51.88113019213767,0,32.67328025638068,4,2,0,normal
2026-01-04 04:52:00,33.65167003481134,64.97126258905483,0,21.438077284818633,4,1,0,normal
2026-01-04 04:53:00,21.92575455593984,50.64806073028256,2,24.486154874878387,4,1,0,normal
2026-01-04 04:54:00,25.335183639066983,34.43306790472724,0,23.103178928425912,4,1,0,normal
2026-01-04 04:55:00,23.142101716071632,72.15115506182437,1,28.698879052864847,4,1,0,normal
2026-01-04 04:56:00,31.876165450080492,40.66808779465416,0,29.05461996246485,4,1,0,normal
2026-01-04 04:57:00,7.974961351615725,73.03296160057823,1,12.979479342221701,4,2,0,normal
2026-01-04 04:58:00,24.900337946044544,69.47811994653625,0,24.02552338798978,4,1,0,normal
2026-01-04 04:59:00,24.365087455013814,59.21054395935812,0,8.760233599012652,4,1,0,normal
2026-01-04 05:00:00,22.278181674449904,77.4346213438153,0,11.296644182209612,5,1,0,normal
2026-01-04 05:01:00,35.3573592738138,83.48519049778608,0,17.57296848727329,5,1,0,normal
2026-01-04 05:02:00,19.676023246865373,47.371349555535325,0,6.395959355694748,5,1,0,normal
2026-01-04 05:03:00,29.630777063413966,37.86808822375353,1,13.778811422172755,5,2,0,normal
2026-01-04 05:04:00,27.137516732236502,22.035952441152915,0,2.620813082980849,5,1,0,normal
2026-01-04 05:05:00,32.5691155152131,83.67023383145384,0,19.839667931572002,5,1,0,normal
2026-01-04 05:06:00,20.99686549133497,43.404769866223255,0,33.14080463331238,5,1,0,normal
2026-01-04 05:07:00,20.602186605257447,67.02555285652609,0,20.256239440132116,5,2,0,normal
2026-01-04 05:08:00,31.576419444864392,38.88116948735775,1,20.27902198686499,5,2,0,normal
2026-01-04 05:09:00,27.55192784998066,73.07398461368052,0,17.12510983935394,5,2,0,normal
2026-01-04 05:10:00,15.730375919939448,39.4982361227688,0,27.814554893373327,5,3,0,normal
2026-01-04 05:11:00,21.76416991322038,32.12421299573985,1,19.585500625516087,5,1,0,normal
2026-01-04 05:12:00,27.318295923088364,46.87240353569374,0,11.205384635011303,5,2,0,normal
2026-01-04 05:13:00,30.026585329279534,42.02336448557544,0,250.72898255948465,5,15,1,credential_stuffing
2026-01-04 05:14:00,20.92461608084227,58.94449678191819,1,32.41966952423663,5,1,0,normal
2026-01-04 05:15:00,7.5144640610983515,49.229076092112145,1,8.58078095871623,5,2,0,normal
2026-01-04 05:16:00,28.1393391144222,59.41553591827882,0,12.472083440642573,5,1,0,normal
2026-01-04 05:17:00,17.678075860336143,45.63467790372059,0,19.164540060042576,5,4,0,normal
2026-01-04 05:18:00,12.895967211265532,40.02338943471792,0,237.20546998152636,5,8,1,credential_stuffing
2026-01-04 05:19:00,8.006044450095153,41.2465917815589,0,23.3598211712208,5,4,0,normal
2026-01-04 05:20:00,29.88388516118645,80.6740819704654,0,12.136217044534881,5,1,0,normal
2026-01-04 05:21:00,25.771704702429798,53.37756398340404,0,15.762208749160017,5,3,0,normal
2026-01-04 05:22:00,23.64606171572649,20.243566858204332,0,20.419542513037644,5,1,0,normal
2026-01-04 05:23:00,33.334146177776574,42.196864798188784,0,20.693783242463358,5,1,0,normal
2026-01-04 05:24:00,28.823948098138434,51.45299048713814,0,40.82700077762273,5,1,0,normal
2026-01-04 05:25:00,34.6978002563315,77.68099521875568,1,26.266310701749283,5,2,0,normal
2026-01-04 05:26:00,16.64358716699802,65.43048073834849,0,7.6754812226400375,5,1,0,normal
2026-01-04 05:27:00,24.79269625627622,36.17423245277128,0,11.87699925092889,5,3,0,normal
2026-01-04 05:28:00,15.299719750311915,86.27533630358677,1,9.10723490004356,5,2,0,normal
2026-01-04 05:29:00,23.623706008867195,49.532594527977835,0,32.911783168932395,5,1,0,normal
2026-01-04 05:30:00,23.508304877399937,68.69494716612417,24,11.44652590670578,1,2,1,brute_force_login
2026-01-04 05:31:00,28.759681823578426,32.674872539001456,1,24.698898701877475,5,1,0,normal
2026-01-04 05:32:00,25.27338328685139,14.027553571236538,0,23.896921268296563,5,1,0,normal
2026-01-04 05:33:00,28.740442829679495,28.87352764447459,1,8.274274229481277,5,1,0,normal
2026-01-04 05:34:00,29.220640798833365,1.244997857064412,2,16.649002562978875,5,3,0,normal
2026-01-04 05:35:00,37.92957206429885,81.68133990879363,0,17.88465670970317,5,1,0,normal
2026-01-04 05:36:00,23.108220068283252,53.21799378329624,0,7.352150753261176,5,2,0,normal
2026-01-04 05:37:00,99.68811237235326,36.13033972327953,0,34.27999121556308,5,1,1,crypto_mining
2026-01-04 05:38:00,26.476501691898452,56.78936044970182,1,21.36290672163896,5,1,0,normal
2026-01-04 05:39:00,20.18631983716274,52.84001054270249,0,32.745071520033314,5,1,0,normal
2026-01-04 05:40:00,33.89176461061922,59.31400093420987,0,37.664479384233644,5,2,0,normal
2026-01-04 05:41:00,23.300691766328605,68.14297101704403,0,21.27687139505633,5,1,0,normal
2026-01-04 05:42:00,21.606541792756058,45.65118270462477,1,22.98872501041924,5,1,0,normal
2026-01-04 05:43:00,22.17210567309329,36.8024104084852,0,13.697665181907183,5,2,0,normal
2026-01-04 05:44:00,29.310504540829847,62.41662821557877,0,30.668693488472464,5,3,0,normal
2026-01-04 05:45:00,24.05351810061109,62.03499166826698,1,19.61742646424025,5,1,0,normal
2026-01-04 05:46:00,21.149999079217707,51.51103712182017,1,16.613023657060914,5,1,0,normal
2026-01-04 05:47:00,34.992111505741185,82.6633128302116,0,13.858603339720576,5,2,0,normal
2026-01-04 05:48:00,19.8629809560295,43.43266815707521,2,20.58609465735914,5,2,0,normal
2026-01-04 05:49:00,25.21339644419796,36.50213042547098,0,24.972162766293334,5,1,0,normal
2026-01-04 05:50:00,93.03010327529437,56.271371412599024,1,21.629165975939063,5,1,1,crypto_mining
2026-01-04 05:51:00,15.21198933749756,39.87593214629753,0,23.699855586197067,5,1,0,normal
2026-01-04 05:52:00,27.88156300843555,57.432747862173436,0,18.274693196331903,5,1,0,normal
2026-01-04 05:53:00,18.669353947117305,37.5048761624084,1,24.038589939483238,5,1,0,normal
2026-01-04 05:54:00,29.936696685004016,43.99636575602172,1,23.792963305082214,5,1,0,normal
2026-01-04 05:55:00,19.22409392848614,78.36260630058749,0,29.718673377583166,5,1,0,normal
2026-01-04 05:56:00,29.156614191093162,43.916189648784815,0,26.450094392513364,5,1,0,normal
2026-01-04 05:57:00,31.63499839776828,38.01722683974056,1,21.236985331931955,5,2,0,normal
2026-01-04 05:58:00,30.16861915379683,67.5601818305975,0,23.318037683836792,5,1,0,normal
2026-01-04 05:59:00,26.507899889428614,34.23437074569959,1,10.789351620112502,5,2,0,normal
2026-01-04 06:00:00,23.6121943424218,39.605851547793975,1,30.22296418949724,6,1,0,normal
2026-01-04 06:01:00,21.541482541990938,58.648416807634916,0,18.00358710083027,6,1,0,normal
2026-01-04 06:02:00,33.82620814490262,64.07617135809937,0,19.002321193853412,6,2,0,normal
2026-01-04 06:03:00,20.80302867899414,68.30714586621612,1,16.17274884942421,6,1,0,normal
2026-01-04 06:04:00,18.777603558580022,38.79167251669273,1,12.9064933655426,6,1,0,normal
2026-01-04 06:05:00,28.99221361019698,58.9401300947918,0,13.45963464494307,6,1,0,normal
2026-01-04 06:06:00,20.223179180881026,530.8990118525503,0,11.379252839598307,6,1,1,data_exfiltration
2026-01-04 06:07:00,19.299619015203238,40.91516549734052,1,18.0845100780748,6,1,0,normal
2026-01-04 06:08:00,16.33837442698141,68.04819173438428,0,26.6668482005696,6,1,0,normal
2026-01-04 06:09:00,22.102540963236894,41.7566840621062,23,19.81857053716022,3,1,1,brute_force_login
2026-01-04 06:10:00,24.50370985662104,54.1730689403147,0,25.30744379227459,6,2,0,normal
2026-01-04 06:11:00,26.458550365964193,52.33369203845958,0,23.849608640857255,6,1,0,normal
2026-01-04 06:12:00,30.7078374657969,33.93868435492246,0,16.412232223214048,6,2,0,normal
2026-01-04 06:13:00,28.161387541994763,64.49139283034481,0,29.90540127533471,6,2,0,normal
2026-01-04 06:14:00,23.85476668268092,58.40421340518431,1,27.99395362387797,6,1,0,normal
2026-01-04 06:15:00,23.81082594172168,20.205640821943685,0,26.56984795005697,6,1,0,normal
2026-01-04 06:16:00,28.0609448134911,54.16131666856015,1,265.63314143205594,6,12,1,credential_stuffing
2026-01-04 06:17:00,32.635420977571414,38.40539848750068,1,17.28186952818428,6,1,0,normal
2026-01-04 06:18:00,25.757885196899203,66.45612959618941,0,290.25817894267607,6,10,1,credential_stuffing
2026-01-04 06:19:00,22.185214874737547,28.31900244828863,0,19.760969540520737,6,1,0,normal
2026-01-04 06:20:00,19.04280399348673,44.65284547055684,0,31.023387560732758,6,1,0,normal
2026-01-04 06:21:00,16.328768413526646,55.43036826482699,0,28.941790857755606,6,1,0,normal
2026-01-04 06:22:00,28.997618032261137,50.81510441212813,0,8.458977272534245,6,1,0,normal
2026-01-04 06:23:00,28.467871141837342,61.44437385070957,0,22.07726573817358,6,1,0,normal
2026-01-04 06:24:00,28.46418115063997,27.223670209860664,0,0.10255264540158393,6,1,0,normal
2026-01-04 06:25:00,24.228043321887665,74.77871505301067,0,16.469279911555866,6,1,0,normal
2026-01-04 06:26:00,33.441608475350506,57.877169881824074,0,14.582836905872215,6,2,0,normal
2026-01-04 06:27:00,22.095289032491095,70.39577319501345,0,24.448528981120134,6,1,0,normal
2026-01-04 06:28:00,30.731615423243234,63.113602538498625,0,11.295380412720803,6,1,0,normal
2026-01-04 06:29:00,24.767542630062742,49.825848283174345,0,7.7732578198250994,6,1,0,normal
2026-01-04 06:30:00,21.349895411923974,30.73702683633259,0,16.009138408951884,6,2,0,normal
2026-01-04 06:31:00,28.555181843906567,41.54670228126949,0,19.93736902216286,6,1,0,normal
2026-01-04 06:32:00,27.457816712103963,73.84344999293866,0,6.0889397262880305,6,3,0,normal
2026-01-04 06:33:00,27.141836555601557,70.78156672484573,0,29.102473050212016,6,2,0,normal
2026-01-04 06:34:00,25.48767053233719,40.70600029844465,0,18.389415230399226,6,1,0,normal
2026-01-04 06:35:00,24.772641509699014,7.725435706967318,1,20.202305291397526,6,3,0,normal
2026-01-04 06:36:00,39.33023195722263,46.80965398542322,0,28.820969703527297,6,1,0,normal
2026-01-04 06:37:00,32.10553987117704,45.684456678063256,0,14.137209239113322,6,1,0,normal
2026-01-04 06:38:00,29.336961369913073,46.25341081939425,1,31.850337720960006,6,1,0,normal
2026-01-04 06:39:00,25.67079494922033,57.92808802747102,0,20.044365956727077,6,1,0,normal
2026-01-04 06:40:00,31.042943203580016,63.143188689824946,0,26.33580417733163,6,1,0,normal
2026-01-04 06:41:00,28.10796865834871,64.85449320649286,1,23.551707548932526,6,1,0,normal
2026-01-04 06:42:00,25.157228516644214,784.1786638664578,0,25.495997031907624,6,2,1,data_exfiltration
2026-01-04 06:43:00,23.17861404840451,22.98843947116046,0,20.608170410128206,6,4,0,normal
2026-01-04 06:44:00,24.51449597402387,44.882004009600564,0,16.25500992795862,6,2,0,normal
2026-01-04 06:45:00,5.977445584731665,84.56134675323784,0,35.51010400258306,6,1,0,normal
2026-01-04 06:46:00,26.26360503578585,55.613251022037176,0,19.83891634807145,6,1,0,normal
2026-01-04 06:47:00,22.069143519337842,55.51729352665798,1,11.218673482641211,6,4,0,normal
2026-01-04 06:48:00,34.556019989697305,55.39228909660787,1,31.7504997885762,6,1,0,normal
2026-01-04 06:49:00,25.116064424870526,56.230694337589846,2,17.51382927645382,6,3,0,normal
2026-01-04 06:50:00,17.86621948279023,14.253317283711148,0,6.214277526190768,6,1,0,normal
2026-01-04 06:51:00,24.700719075231294,46.40713524633397,0,13.406166373017475,6,1,0,normal
2026-01-04 06:52:00,18.723273489624972,49.431607523079656,0,4.335386495602712,6,1,0,normal
2026-01-04 06:53:00,27.8404444942748,69.2224309888012,0,13.77401075522295,6,1,0,normal
2026-01-04 06:54:00,26.74568418603691,50.71509341933444,1,34.06486647598827,6,2,0,normal
2026-01-04 06:55:00,30.747037786649607,25.30232920097088,0,23.67165005171446,6,1,0,normal
2026-01-04 06:56:00,20.254709249832608,56.45133734257628,0,19.962010525228237,6,1,0,normal
2026-01-04 06:57:00,25.20404857736888,37.94263027635882,0,15.380542871167254,6,1,0,normal
2026-01-04 06:58:00,16.80986922744019,31.748215383778735,0,18.895433234745255,6,1,0,normal
2026-01-04 06:59:00,29.208968691548286,37.48761429925129,1,28.917949579328564,6,3,0,normal
2026-01-04 07:00:00,28.113227082640734,58.13756344496773,1,5.378383306742789,7,1,0,normal
2026-01-04 07:01:00,27.974830126165426,68.88141859640103,0,43.5154240327551,7,1,0,normal
2026-01-04 07:02:00,25.009714188141647,57.2439491776638,0,12.938752374637367,7,1,0,normal
2026-01-04 07:03:00,27.488637344732744,59.48034835425532,0,18.004004969707136,7,1,0,normal
2026-01-04 07:04:00,34.626034649851576,57.095679092570016,0,18.721659581057935,7,1,0,normal
2026-01-04 07:05:00,23.289434457747916,51.51990765290702,0,18.511598818419543,7,1,0,normal
2026-01-04 07:06:00,25.831871102260507,60.453959524441366,1,14.625701421466509,7,1,0,normal
2026-01-04 07:07:00,18.48324220491154,13.718367993958694,0,26.99846812708974,7,2,0,normal
2026-01-04 07:08:00,19.790434230410007,51.666325269572496,0,29.127108007564157,7,2,0,normal
2026-01-04 07:09:00,25.586879758559846,34.32612448066622,0,27.6423380070258,7,1,0,normal
2026-01-04 07:10:00,31.623601280211442,67.44353858816208,0,20.712769098868307,7,1,0,normal
2026-01-04 07:11:00,23.462315054490567,47.79267042174709,0,15.285322891776246,7,1,0,normal
2026-01-04 07:12:00,23.584500824127257,50.46422132401745,1,18.515540448024783,7,1,0,normal
2026-01-04 07:13:00,22.55868853297375,27.42392188619295,0,19.30828210788791,7,1,0,normal
2026-01-04 07:14:00,21.79145997493406,65.25246333519277,0,12.156572963313907,7,3,0,normal
2026-01-04 07:15:00,26.76982873425293,59.40992180410714,0,21.425257611506517,7,1,0,normal
2026-01-04 07:16:00,16.01645412892813,58.354218235107545,0,34.396222091738174,7,1,0,normal
2026-01-04 07:17:00,32.685637460000365,37.804657217467664,1,18.641872587966834,7,1,0,normal
2026-01-04 07:18:00,21.00746621122324,38.395402325928046,0,23.999358201435705,7,1,0,normal
2026-01-04 07:19:00,29.33142091262885,53.35399181668858,2,14.744646072310069,7,2,0,normal
2026-01-04 07:20:00,17.380008415636745,39.58252384627923,0,27.08601189592482,7,5,0,normal
2026-01-04 07:21:00,29.013040783277308,56.523394440160075,1,14.737772746467805,7,3,0,normal
2026-01-04 07:22:00,29.031667646886987,17.58631095849917,0,16.694292502653852,7,1,0,normal
2026-01-04 07:23:00,27.30521243203538,42.68683165390111,0,24.13936546408231,7,1,0,normal
2026-01-04 07:24:00,19.033428869201245,76.95130198139736,0,12.074190298817992,7,1,0,normal
2026-01-04 07:25:00,26.497289137588464,56.59228741993647,0,23.460110173584095,7,3,0,normal
2026-01-04 07:26:00,17.901662891593666,52.50190496796489,0,28.40891479591278,7,1,0,normal
2026-01-04 07:27:00,23.48342046942289,79.77839803507035,0,21.30336402249168,7,2,0,normal
2026-01-04 07:28:00,31.17647860573196,14.96069571797846,1,26.949678652154432,7,1,0,normal
2026-01-04 07:29:00,29.78021156242445,37.770333278178384,0,9.666824629462583,7,1,0,normal
2026-01-04 07:30:00,25.0910976552426,43.98240242378916,0,23.58558982435226,7,1,0,normal
2026-01-04 07:31:00,19.151160544462947,62.87526849508085,0,16.350666579166656,7,3,0,normal
2026-01-04 07:32:00,28.87352627304516,63.13484544842355,0,23.082527530680004,7,1,0,normal
2026-01-04 07:33:00,25.11628742618815,37.00989936526061,0,32.654040925842985,7,1,0,normal
2026-01-04 07:34:00,11.07810641061746,64.96931483213825,0,0.0,7,2,0,normal
2026-01-04 07:35:00,29.69577895789911,43.950278490174384,0,15.034288722141572,7,1,0,normal
2026-01-04 07:36:00,24.854602996781846,68.1745943847375,1,1.6729827128523773,7,1,0,normal
2026-01-04 07:37:00,32.21470748789844,34.51035952816913,0,10.151740160606705,7,3,0,normal
2026-01-04 07:38:00,18.42837688694317,48.15032601400759,0,16.197824427910035,7,1,0,normal
2026-01-04 07:39:00,5.939777120823997,42.64749026935159,0,26.879523569068336,7,3,0,normal
2026-01-04 07:40:00,26.67450315007111,65.84045557348571,0,26.462547519377203,7,1,0,normal
2026-01-04 07:41:00,26.749382060091836,42.15828175150743,0,26.23112866267284,7,1,0,normal
2026-01-04 07:42:00,14.855970234361289,49.36327206482366,0,24.481444757135996,7,3,0,normal
2026-01-04 07:43:00,19.129002724800362,57.602170964945735,2,9.271496651982366,7,3,0,normal
2026-01-04 07:44:00,41.53130646231941,58.17887724539179,0,26.416406389967495,7,4,0,normal
2026-01-04 07:45:00,23.16633631507718,63.30428911209758,1,14.577749634220503,7,1,0,normal
2026-01-04 07:46:00,29.385753858257296,53.166871652670004,0,23.583267824532232,7,2,0,normal
2026-01-04 07:47:00,21.096041035789696,43.72626627080253,0,12.65572233136055,7,1,0,normal
2026-01-04 07:48:00,12.45818260688106,44.754518819618745,0,18.556271494814883,7,1,0,normal
2026-01-04 07:49:00,23.978450519224566,50.38508472811418,0,19.45842575618812,7,4,0,normal
2026-01-04 07:50:00,23.40637263828337,53.74388714111575,1,22.764065958735543,7,1,0,normal
2026-01-04 07:51:00,22.60073056798977,47.792425282273456,0,13.28527456276634,7,1,0,normal
2026-01-04 07:52:00,24.312154986961644,50.288051314483205,0,25.292593425670322,7,2,0,normal
2026-01-04 07:53:00,26.58560962987382,27.24119209141842,2,9.494990385220257,7,1,0,normal
2026-01-04 07:54:00,24.09929829247716,60.01032926682017,1,33.604217498051895,7,2,0,normal
2026-01-04 07:55:00,17.41596299231582,52.71668433334145,0,13.987042957851795,7,2,0,normal
2026-01-04 07:56:00,27.917108749371632,65.02805620311632,0,4.33969451986871,7,1,0,normal
2026-01-04 07:57:00,13.303769468065461,50.00240761110627,0,19.423217256078047,7,1,0,normal
2026-01-04 07:58:00,12.697855256294797,23.924036322173208,0,16.705028554576657,7,1,0,normal
2026-01-04 07:59:00,29.435082968209407,44.623307160399875,0,12.65574037624927,7,1,0,normal
2026-01-04 08:00:00,28.04212163281214,47.00105115322375,0,30.765790020271773,8,1,0,normal
2026-01-04 08:01:00,90.78159327253287,61.14354958150398,0,26.039090737856014,8,2,1,crypto_mining
2026-01-04 08:02:00,16.627308971469567,18.945896832299074,0,23.696512090406635,8,1,0,normal
2026-01-04 08:03:00,20.752534355955547,50.61769275423402,0,12.356850994736664,8,1,0,normal
2026-01-04 08:04:00,23.423519513880976,57.70512823689959,0,15.76001546416524,8,1,0,normal
2026-01-04 08:05:00,15.42463618855532,40.07768172077721,0,15.111630202965014,8,1,0,normal
2026-01-04 08:06:00,20.565828051860603,51.11942014725271,1,5.384919215407832,8,1,0,normal
2026-01-04 08:07:00,28.91398202906008,40.594452362752335,0,22.171295042277713,8,2,0,normal
2026-01-04 08:08:00,33.5638321857353,39.05640600169414,0,22.756023230210083,8,1,0,normal
2026-01-04 08:09:00,22.483391484048695,43.87370224803024,0,20.977147063399606,8,1,0,normal
2026-01-04 08:10:00,29.53893012589659,39.33962011299484,1,21.819942142016806,8,1,0,normal
2026-01-04 08:11:00,13.515639576475197,60.25427467904499,1,10.937621096673812,8,1,0,normal
2026-01-04 08:12:00,28.95670744668167,38.97572184746933,1,12.844344255802238,8,6,0,normal
2026-01-04 08:13:00,20.176309511635115,36.45634989428109,1,17.468619251333863,8,1,0,normal
2026-01-04 08:14:00,26.84407370024782,76.51893000259301,1,31.075252013096147,8,1,0,normal
2026-01-04 08:15:00,23.513485490561745,64.41110017736054,0,29.300439262418074,8,2,0,normal
2026-01-04 08:16:00,32.922484058703006,22.077299590111995,1,24.135926316918052,8,1,0,normal
2026-01-04 08:17:00,19.75338610996049,38.528475652211995,0,36.11900197397485,8,1,0,normal
2026-01-04 08:18:00,28.765637785370988,53.63694457584066,0,24.07813107760633,8,2,0,normal
2026-01-04 08:19:00,23.3229552202208,54.8563260084724,2,25.087638934563742,8,1,0,normal
2026-01-04 08:20:00,24.05016713194202,27.6426070139466,0,31.838255730291213,8,3,0,normal
2026-01-04 08:21:00,95.15535578673864,67.37848239233483,1,25.565331707071344,8,3,1,crypto_mining
2026-01-04 08:22:00,19.92596137303532,62.37836628772439,1,33.188850236829765,8,1,0,normal
2026-01-04 08:23:00,24.91540620455997,57.22852448060508,1,20.22811360160036,8,1,0,normal
2026-01-04 08:24:00,94.7587462154817,70.35092736068182,2,14.877377939969538,8,1,1,crypto_mining
2026-01-04 08:25:00,26.447441490440376,56.78434988856377,0,19.236879322513857,8,2,0,normal
2026-01-04 08:26:00,25.507030874157174,56.72871318877771,0,21.901779207362846,8,1,0,normal
2026-01-04 08:27:00,29.78796729767342,73.36518907733364,0,12.761845966113334,8,1,0,normal
2026-01-04 08:28:00,97.04992331140417,66.51829371091563,0,14.30108285951092,8,4,1,crypto_mining
2026-01-04 08:29:00,18.696260069033194,37.37738811632703,0,16.616838565283388,8,1,0,normal
2026-01-04 08:30:00,30.212635003544626,59.49792768007873,0,11.2131985661254,8,1,0,normal
2026-01-04 08:31:00,17.881981437340873,40.035982025621266,0,15.295158815970538,8,1,0,normal
2026-01-04 08:32:00,28.52713532882641,57.562318264254166,1,25.87927952240552,8,2,0,normal
2026-01-04 08:33:00,28.71843270821721,57.14920260529722,1,26.35222700772493,8,1,0,normal
2026-01-04 08:34:00,13.532098650024976,29.24799031316021,0,8.779311814678628,8,1,0,normal
2026-01-04 08:35:00,25.55787547917646,48.17231583033447,0,22.47225363432161,8,1,0,normal
2026-01-04 08:36:00,22.189023319838107,53.97885535370603,0,19.445644898968904,8,1,0,normal
2026-01-04 08:37:00,20.447408452387748,43.455647135087645,0,28.408579427552315,8,1,0,normal
2026-01-04 08:38:00,33.105113984194034,54.72064913586139,0,17.84624983146588,8,1,0,normal
2026-01-04 08:39:00,21.077925156175485,62.088466655016035,0,10.083715875963714,8,1,0,normal
2026-01-04 08:40:00,20.161738425291702,49.54110403653866,0,16.10709080894024,8,2,0,normal
2026-01-04 08:41:00,25.45416964003056,53.368992150623896,0,10.4214948834557,8,1,0,normal
2026-01-04 08:42:00,29.1135384777905,70.75136117833962,0,1.9599164153143747,8,2,0,normal
2026-01-04 08:43:00,24.15010848393924,57.09794874837839,0,19.57349559392653,8,1,0,normal
2026-01-04 08:44:00,31.998223274015512,53.012364345117106,0,24.15361281492144,8,1,0,normal
2026-01-04 08:45:00,28.185853971784542,35.62880930537959,0,21.496385564389723,8,3,0,normal
2026-01-04 08:46:00,11.930732081611417,60.06539017083273,0,9.720448135793108,8,1,0,normal
2026-01-04 08:47:00,21.82319821895795,54.95224924087908,0,9.179596589551217,8,2,0,normal
2026-01-04 08:48:00,21.628947403889807,69.25609150552111,1,21.74403761746476,8,1,0,normal
2026-01-04 08:49:00,27.876165720576534,50.70317814954967,0,33.58600253080505,8,2,0,normal
2026-01-04 08:50:00,9.25109766175533,22.756002497990064,1,30.35928344801728,8,2,0,normal
2026-01-04 08:51:00,40.29405825230633,24.49818696757607,0,17.650882155388143,8,1,0,normal
2026-01-04 08:52:00,28.18615656936526,61.035211456396,0,21.692396003217187,8,1,0,normal
2026-01-04 08:53:00,25.893260823506147,41.4470960345277,0,27.30558198508738,8,1,0,normal
2026-01-04 08:54:00,32.089406298514874,56.55151626665746,0,18.84896828728973,8,1,0,normal
2026-01-04 08:55:00,39.061924316875746,51.71348966753534,0,9.249127188661372,8,1,0,normal
2026-01-04 08:56:00,30.22447986753042,47.49740498459119,1,0.0,8,1,0,normal
2026-01-04 08:57:00,30.69287857882972,48.55458071617665,3,21.45436351833502,8,3,0,normal
2026-01-04 08:58:00,25.784140146786292,37.0191574243216,0,18.41000005367049,8,1,0,normal
2026-01-04 08:59:00,24.15084547979831,49.76333466650494,0,218.7353754161066,8,18,1,credential_stuffing
2026-01-04 09:00:00,37.145227335970596,71.23259850808402,0,33.58382740143607,9,1,0,normal
2026-01-04 09:01:00,35.04332804971275,74.41615219811443,1,42.89939845055571,9,2,0,normal
2026-01-04 09:02:00,35.877915401803016,75.14526432936259,0,40.62848242926528,9,1,0,normal
2026-01-04 09:03:00,31.896664213942103,76.59960095151921,1,56.457633176780185,9,1,0,normal
2026-01-04 09:04:00,39.54477129588986,93.8326018476063,0,56.35109940718188,9,1,0,normal
2026-01-04 09:05:00,29.89199453664168,78.0531375619296,0,38.20093628751666,9,1,0,normal
2026-01-04 09:06:00,41.145499144862264,95.35553504885148,0,57.03607655543679,9,1,0,normal
2026-01-04 09:07:00,39.78201635174595,103.06782426989723,0,57.93591521764254,9,2,0,normal
2026-01-04 09:08:00,40.88161179032013,92.82416976584224,0,47.34351309640143,9,1,0,normal
2026-01-04 09:09:00,36.867210579880044,88.01702802602767,1,37.55265974843019,9,1,0,normal
2026-01-04 09:10:00,58.46116222108302,84.9024831422528,0,45.95293740464865,9,1,0,normal
2026-01-04 09:11:00,48.16069540108188,92.98038063575105,0,27.998144029803438,9,1,0,normal
2026-01-04 09:12:00,32.53274499949166,81.34041107894359,0,40.297475466002155,9,2,0,normal
2026-01-04 09:13:00,41.39720852456139,94.76854768935797,0,47.13155133319641,9,1,0,normal
2026-01-04 09:14:00,36.35196314237606,89.21158707934526,0,48.08405101576621,9,1,0,normal
2026-01-04 09:15:00,33.913121639755516,74.60239308829418,0,41.44200123794451,9,1,0,normal
2026-01-04 09:16:00,31.95956757325639,93.43776320154208,0,45.561161160822806,9,1,0,normal
2026-01-04 09:17:00,42.59330014455552,81.37220008966352,0,36.84737943477435,9,1,0,normal
2026-01-04 09:18:00,35.911718589582556,78.40801988581526,0,56.26128621151112,9,1,0,normal
2026-01-04 09:19:00,45.80695614415122,72.85701259401519,0,56.583127264720616,9,1,0,normal
2026-01-04 09:20:00,45.96269328718263,82.49028271811858,0,50.68388421477882,9,2,0,normal
2026-01-04 09:21:00,48.2434863112687,94.94693923119475,1,42.8584153057095,9,1,0,normal
2026-01-04 09:22:00,34.88567940355538,93.33410008389556,0,38.411304527167154,9,1,0,normal
2026-01-04 09:23:00,42.85219366415206,85.30090696188435,0,51.76646521958934,9,3,0,normal
2026-01-04 09:24:00,43.7947252998538,88.99465461087553,1,46.476624816404794,9,1,0,normal
2026-01-04 09:25:00,37.15493094937621,99.07545187283837,1,36.98469049719824,9,1,0,normal
2026-01-04 09:26:00,35.36936825564275,77.75050563243708,1,53.46758442129314,9,1,0,normal
2026-01-04 09:27:00,49.657123994655834,63.26869994704691,0,41.41996734281944,9,2,0,normal
2026-01-04 09:28:00,41.36497525439232,99.51694778267859,2,38.090078634226316,9,1,0,normal
2026-01-04 09:29:00,43.81580650427043,72.05332621953923,1,52.57325233959564,9,1,0,normal
2026-01-04 09:30:00,35.06754392903244,69.64492814984143,0,38.6912551361218,9,1,0,normal
2026-01-04 09:31:00,32.68429320086684,53.05703366998173,0,46.005730534683146,9,3,0,normal
2026-01-04 09:32:00,36.58330135304734,88.56924579746445,0,55.2649737270337,9,2,0,normal
2026-01-04 09:33:00,39.25587167566002,55.67821063171668,1,54.462430010963665,9,2,0,normal
2026-01-04 09:34:00,33.61467995909591,68.74611788462394,0,47.73306908312708,9,1,0,normal
2026-01-04 09:35:00,39.940931148097704,88.82355191772588,0,35.618918026562945,9,1,0,normal
2026-01-04 09:36:00,29.868968871589,90.82881878612558,0,41.020768882562386,9,1,0,normal
2026-01-04 09:37:00,33.279715465180765,70.22443777672649,0,229.275408933002,9,12,1,credential_stuffing
2026-01-04 09:38:00,44.02546748966125,77.98770009511392,0,52.58183181731452,9,1,0,normal
2026-01-04 09:39:00,43.62274312166736,66.9110821039077,1,43.15118811188278,9,1,0,normal
2026-01-04 09:40:00,37.648739407678804,71.77404818283226,0,34.924268759572335,9,3,0,normal
2026-01-04 09:41:00,33.89341414553828,83.99322890229361,0,29.800113285478865,9,1,0,normal
2026-01-04 09:42:00,33.83557869084393,72.47529981805313,0,54.721295684261,9,1,0,normal
2026-01-04 09:43:00,37.76039052435212,76.33677439736496,0,54.88043655635262,9,1,0,normal
2026-01-04 09:44:00,43.86711094987175,58.02939977573649,0,44.69468564696572,9,1,0,normal
2026-01-04 09:45:00,45.56947414806595,96.99434247209206,0,41.712044761449384,9,1,0,normal
2026-01-04 09:46:00,37.02080958710819,87.65099889756598,1,54.0739764770957,9,1,0,normal
2026-01-04 09:47:00,33.0790454440913,91.89358057755803,1,176.69333036186634,9,14,1,credential_stuffing
2026-01-04 09:48:00,41.607061827198,99.35637986925293,0,60.986014185761285,9,1,0,normal
2026-01-04 09:49:00,35.058790176244905,67.62180686681425,0,50.90248180349576,9,1,0,normal
2026-01-04 09:50:00,36.890484166832785,74.62408275457965,0,34.97629677376182,9,1,0,normal
2026-01-04 09:51:00,47.951656542622224,699.4262370101842,0,51.28780790501081,9,1,1,data_exfiltration
2026-01-04 09:52:00,44.96269257139461,127.10634365153356,1,39.53254007303461,9,1,0,normal
2026-01-04 09:53:00,40.94784587350871,77.75622027023935,0,34.313757835421505,9,1,0,normal
2026-01-04 09:54:00,32.36848599332366,95.58091849872368,0,51.260338364202006,9,1,0,normal
2026-01-04 09:55:00,41.26837940482395,61.42758283496812,0,36.16326057176602,9,1,0,normal
2026-01-04 09:56:00,46.37594374472516,94.94582638464514,0,34.309053590733356,9,1,0,normal
2026-01-04 09:57:00,37.74619800540679,107.86386314974499,1,48.87758901819304,9,1,0,normal
2026-01-04 09:58:00,48.106684539920295,79.09578876458028,1,44.171256892971,9,1,0,normal
2026-01-04 09:59:00,47.756471737109244,64.83677755115598,0,53.092154911798836,9,1,0,normal
2026-01-04 10:00:00,49.98239699286084,77.91805398581695,0,42.59833313044498,10,2,0,normal
2026-01-04 10:01:00,41.831458759188116,46.598577125641604,0,41.8794894250745,10,2,0,normal
2026-01-04 10:02:00,43.524350198836075,79.43169948467236,0,28.706491581422544,10,1,0,normal
2026-01-04 10:03:00,48.48512372998654,92.31450708969494,0,49.018576719174916,10,1,0,normal
2026-01-04 10:04:00,42.684363622413855,79.46363533439728,0,44.8575083797171,10,2,0,normal
2026-01-04 10:05:00,36.99259535325872,75.73790667966549,1,54.506183411964535,10,1,0,normal
2026-01-04 10:06:00,37.30874298083283,87.9135217416805,1,51.07933038654685,10,2,0,normal
2026-01-04 10:07:00,41.43132972264244,89.06037270424329,1,47.656748574050184,10,1,0,normal
2026-01-04 10:08:00,32.25663146832269,55.10141656242226,0,39.154079358149524,10,2,0,normal
2026-01-04 10:09:00,39.14044650781484,81.33234443418182,1,41.67726930240392,10,1,0,normal
2026-01-04 10:10:00,46.57928270938152,116.53977686343865,0,49.39410945778428,10,1,0,normal
2026-01-04 10:11:00,26.852476893008316,59.97475631527964,0,44.58705043757272,10,1,0,normal
2026-01-04 10:12:00,49.20689261076709,78.718717507504,0,56.34548373161957,10,1,0,normal
2026-01-04 10:13:00,46.73424531221896,109.12619183077554,2,55.51689095661362,10,1,0,normal
2026-01-04 10:14:00,37.24141230501714,96.56262734815513,1,42.996872927371264,10,1,0,normal
2026-01-04 10:15:00,43.26034496723086,72.29904978835907,0,45.7464362783181,10,1,0,normal
2026-01-04 10:16:00,40.01888636143796,83.09203069433906,1,38.644790330880966,10,1,0,normal
2026-01-04 10:17:00,47.379942210632095,79.96832480022765,0,44.18232949359503,10,1,0,normal
2026-01-04 10:18:00,45.896098856619645,68.77892293517499,0,52.59907631625963,10,2,0,normal
2026-01-04 10:19:00,31.599575660901944,78.88621838760376,1,40.64892085275069,10,1,0,normal
2026-01-04 10:20:00,43.52357448078506,75.80050800790207,1,42.064499961003214,10,1,0,normal
2026-01-04 10:21:00,38.766232878140514,81.69123407115124,0,35.651478367071384,10,2,0,normal
2026-01-04 10:22:00,40.4969954231086,68.7742522896345,2,40.49280734752984,10,1,0,normal
2026-01-04 10:23:00,35.630968594181105,60.85072699633008,0,49.908782574376275,10,2,0,normal
2026-01-04 10:24:00,50.488822414725014,79.38078839911444,0,43.07426799278489,10,1,0,normal
2026-01-04 10:25:00,46.240370919415454,105.7267732726817,1,35.787919890104675,10,1,0,normal
2026-01-04 10:26:00,35.56137301616219,81.23304389394195,0,46.69680829353851,10,2,0,normal
2026-01-04 10:27:00,31.992336358538605,75.02609331602682,0,44.58914740736352,10,1,0,normal
2026-01-04 10:28:00,37.68596421413291,91.31128707557748,0,53.965347232621774,10,2,0,normal
2026-01-04 10:29:00,42.607015876547834,77.62520581106932,0,43.91335584729641,10,1,0,normal
2026-01-04 10:30:00,41.44123506367734,108.02049387438664,3,37.03970784328519,10,2,0,normal
2026-01-04 10:31:00,47.51879694860946,79.94131236057382,1,52.70658336155094,10,1,0,normal
2026-01-04 10:32:00,44.739518333085115,90.50745594737245,0,37.24374593964,10,1,0,normal
2026-01-04 10:33:00,45.817414154517444,68.68093426410091,0,34.58871506210062,10,1,0,normal
2026-01-04 10:34:00,41.961132403662624,87.54633880004994,0,36.680110742269704,10,1,0,normal
2026-01-04 10:35:00,31.66420761873406,84.12640215415631,0,40.113882681619295,10,1,0,normal
2026-01-04 10:36:00,38.82580881311859,79.15240813011188,0,29.877084017778085,10,2,0,normal
2026-01-04 10:37:00,46.36053843945199,72.4736335824542,1,31.186880284721838,10,1,0,normal
2026-01-04 10:38:00,39.69086242885212,70.42954751521438,0,51.246589905770406,10,1,0,normal
2026-01-04 10:39:00,43.01854221174248,84.23528995969478,0,43.630808891848034,10,1,0,normal
2026-01-04 10:40:00,38.087510108523205,89.43408664544711,1,43.678970556500964,10,1,0,normal
2026-01-04 10:41:00,33.82112890874893,78.09255805558803,0,44.549226343264976,10,1,0,normal
2026-01-04 10:42:00,39.259935615723336,84.30901893681188,0,49.51323494300696,10,1,0,normal
2026-01-04 10:43:00,41.85428465819592,79.43127982800846,0,38.44781717996786,10,1,0,normal
2026-01-04 10:44:00,36.06587368323134,81.47789037358082,0,49.4830868902806,10,1,0,normal
2026-01-04 10:45:00,38.585732530859985,76.99332525984163,0,45.90169502873,10,2,0,normal
2026-01-04 10:46:00,34.3632205480841,80.26958869052463,0,37.33848496544886,10,2,0,normal
2026-01-04 10:47:00,46.715469505384576,120.4706068522614,0,49.87204228760073,10,1,0,normal
2026-01-04 10:48:00,38.2332654544718,84.67451448211138,0,45.45817069513368,10,2,0,normal
2026-01-04 10:49:00,48.7165332707571,89.67945437646564,0,36.627573062734264,10,2,0,normal
2026-01-04 10:50:00,49.17248710324545,86.57035407992146,1,37.23460798354785,10,2,0,normal
2026-01-04 10:51:00,39.51372421166954,76.0577476505441,0,48.83813079241948,10,1,0,normal
2026-01-04 10:52:00,33.9493076047159,99.40983819937502,1,53.115797677465224,10,1,0,normal
2026-01-04 10:53:00,27.484612733599977,75.63254344360487,0,47.26097272300265,10,2,0,normal
2026-01-04 10:54:00,31.16777756183925,95.82581823413827,0,52.114976706083304,10,1,0,normal
2026-01-04 10:55:00,31.75699105060804,74.98689502900326,0,54.86136161425173,10,1,0,normal
2026-01-04 10:56:00,48.27081776476903,65.60041221283939,0,43.1985118245959,10,1,0,normal
2026-01-04 10:57:00,40.69494752336168,85.4809431235429,0,46.316503434924655,10,1,0,normal
2026-01-04 10:58:00,42.337627144551924,63.429974658468396,2,50.35441041842088,10,1,0,normal
2026-01-04 10:59:00,26.677473946389245,88.03460337524913,0,35.82186525895517,10,2,0,normal
2026-01-04 11:00:00,32.81220142469643,62.08762015863025,1,53.27394634583617,11,1,0,normal
2026-01-04 11:01:00,45.322478658677724,75.2148795429072,0,55.906672150192506,11,3,0,normal
2026-01-04 11:02:00,41.720644674295514,58.524054552128874,0,39.09475299320712,11,3,0,normal
2026-01-04 11:03:00,39.11676832788642,122.36250514104094,31,67.95782900325044,4,1,1,brute_force_login
2026-01-04 11:04:00,43.38905415160073,55.190606605755285,0,51.35637028971171,11,1,0,normal
2026-01-04 11:05:00,49.81478683681489,80.14720610594607,0,43.77904923604154,11,1,0,normal
2026-01-04 11:06:00,38.6737452187777,97.14956411495021,0,28.38205652689935,11,2,0,normal
2026-01-04 11:07:00,40.41621881594842,95.54578862880538,1,44.265871230841405,11,1,0,normal
2026-01-04 11:08:00,41.15558151238783,92.77013183259706,0,48.375736985091265,11,1,0,normal
2026-01-04 11:09:00,54.35265781164395,75.24157417667787,0,47.46095071717995,11,1,0,normal
2026-01-04 11:10:00,27.403862413485847,100.26633419505504,1,34.51482116432091,11,2,0,normal
2026-01-04 11:11:00,44.09933808873285,93.70086636203274,0,39.70887142692734,11,2,0,normal
2026-01-04 11:12:00,39.31118650744562,83.18449426490714,1,50.44144859958813,11,3,0,normal
2026-01-04 11:13:00,43.40063035710508,83.60871136589888,0,49.74112385775059,11,2,0,normal
2026-01-04 11:14:00,36.05576467603166,75.44116028576941,18,52.53764724358071,3,1,1,brute_force_login
2026-01-04 11:15:00,96.60664881209786,66.35521961250443,0,45.94993040598769,11,1,1,crypto_mining
2026-01-04 11:16:00,44.268463476792974,98.55726463218075,0,44.74624307968877,11,1,0,normal
2026-01-04 11:17:00,58.67746120626305,99.68311990402297,1,49.09212540283082,11,2,0,normal
2026-01-04 11:18:00,44.84821713641243,608.1807104197856,0,45.755302540759196,11,1,1,data_exfiltration
2026-01-04 11:19:00,34.91160641181695,77.69322252280712,1,32.75964120166318,11,1,0,normal
2026-01-04 11:20:00,37.45744190786378,77.84865175311606,1,57.163513118810904,11,3,0,normal
2026-01-04 11:21:00,37.27951534969688,79.51016144389536,0,52.37392462321689,11,2,0,normal
2026-01-04 11:22:00,29.22614096421991,80.96442317881373,0,48.384497419288216,11,1,0,normal
2026-01-04 11:23:00,38.01945884979138,94.2029219246927,0,34.054749511618844,11,1,0,normal
2026-01-04 11:24:00,44.39697449093047,68.79174037269884,0,51.70154464229182,11,1,0,normal
2026-01-04 11:25:00,32.35460728553923,67.3047951273101,0,41.49052552940221,11,2,0,normal
2026-01-04 11:26:00,46.290895906303554,98.54929613214463,0,51.64109394798092,11,1,0,normal
2026-01-04 11:27:00,42.926648926506026,73.06032887178053,0,49.371269976329515,11,2,0,normal
2026-01-04 11:28:00,35.594600068173776,61.05446969634401,1,42.28110169122727,11,1,0,normal
2026-01-04 11:29:00,39.15082217597291,72.72305086850194,1,53.41570897212545,11,1,0,normal
2026-01-04 11:30:00,49.5899308458462,75.04920897134,0,35.465023624089,11,1,0,normal
2026-01-04 11:31:00,44.4012868810352,103.32444091588647,16,45.44969238643792,1,1,1,brute_force_login
2026-01-04 11:32:00,40.05270192938889,93.87239318565106,0,58.269485605842675,11,1,0,normal
2026-01-04 11:33:00,38.57390009823409,97.21280924948363,1,48.893283706509,11,1,0,normal
2026-01-04 11:34:00,40.45965442270996,92.29960463520179,0,52.307758113732206,11,2,0,normal
2026-01-04 11:35:00,36.92941865234618,94.19365507422971,0,45.634621687543,11,1,0,normal
2026-01-04 11:36:00,94.84598316189657,69.67876810129523,0,44.828581804151305,11,2,1,crypto_mining
2026-01-04 11:37:00,52.25306746320838,77.02096766969774,0,35.23544655669534,11,1,0,normal
2026-01-04 11:38:00,40.93194999519641,65.15127030464677,0,43.75297144726255,11,1,0,normal
2026-01-04 11:39:00,42.388883590735226,76.8426795419445,0,50.389925215873774,11,1,0,normal
2026-01-04 11:40:00,39.65255350073855,90.26157486402111,2,36.24801781038548,11,1,0,normal
2026-01-04 11:41:00,35.58929919565247,82.0187492721837,1,37.296276473280614,11,1,0,normal
2026-01-04 11:42:00,38.88445311430738,99.67221228440442,0,48.35423775700023,11,1,0,normal
2026-01-04 11:43:00,30.40363142683413,62.87876311659171,0,51.613671986945164,11,1,0,normal
2026-01-04 11:44:00,53.66251898831983,87.5035752604736,1,61.1206669299146,11,2,0,normal
2026-01-04 11:45:00,32.59292800946562,61.27545797196023,1,42.806517330012866,11,1,0,normal
2026-01-04 11:46:00,33.808202296916924,81.41264703760463,0,43.023398110059865,11,4,0,normal
2026-01-04 11:47:00,37.3584447736816,91.10500133834718,0,51.65269637721248,11,1,0,normal
2026-01-04 11:48:00,47.728454349114266,76.78246149763672,0,49.56470074975269,11,1,0,normal
2026-01-04 11:49:00,40.08705399557592,88.26689906130434,0,42.933998232159134,11,1,0,normal
2026-01-04 11:50:00,32.583185223817225,65.60401497750598,0,44.77334342359963,11,1,0,normal
2026-01-04 11:51:00,47.52603016454404,55.044650327054256,0,39.97392687844491,11,2,0,normal
2026-01-04 11:52:00,44.38600376071289,88.35544433731704,0,35.75150899211934,11,1,0,normal
2026-01-04 11:53:00,43.230609743298714,106.16015351113599,0,43.918918445729176,11,1,0,normal
2026-01-04 11:54:00,44.29440544702504,65.05932589745161,1,57.18115611237416,11,1,0,normal
2026-01-04 11:55:00,54.366171403494704,98.33291270160193,1,39.25143490561971,11,2,0,normal
2026-01-04 11:56:00,53.11056937021667,80.65135113224616,0,33.51990425445902,11,3,0,normal
2026-01-04 11:57:00,35.87970794198023,59.96462717460386,0,36.97033280247517,11,1,0,normal
2026-01-04 11:58:00,49.74330995686691,63.02742047971756,1,49.25292273649971,11,1,0,normal
2026-01-04 11:59:00,42.2990091385534,80.23677160040975,0,48.430307741484384,11,3,0,normal
2026-01-04 12:00:00,42.9945748968265,73.93306568113844,0,55.16587141236875,12,2,0,normal
2026-01-04 12:01:00,29.84637501014003,60.30630534862641,0,53.49252550244889,12,1,0,normal
2026-01-04 12:02:00,38.977685407670826,54.58941078161892,0,47.3806425615177,12,1,0,normal
2026-01-04 12:03:00,35.12305845798061,67.29921008110242,0,50.20442297474247,12,1,0,normal
2026-01-04 12:04:00,44.968352889359856,82.90713512496677,0,39.004913164499605,12,4,0,normal
2026-01-04 12:05:00,46.42648300241683,79.90398871095293,2,50.51409315860573,12,4,0,normal
2026-01-04 12:06:00,27.55308189390213,72.48143063749883,0,44.129393042140094,12,2,0,normal
2026-01-04 12:07:00,39.86779081597438,83.02830791437225,0,51.80579067573942,12,1,0,normal
2026-01-04 12:08:00,46.731169028765514,95.60040079794031,18,48.34948761199428,4,1,1,brute_force_login
2026-01-04 12:09:00,38.87992622611933,85.91189765651222,0,41.21314449425899,12,1,0,normal
2026-01-04 12:10:00,44.37438187001419,78.18036992915629,0,36.19657929382675,12,1,0,normal
2026-01-04 12:11:00,42.1069928057625,93.92108009991033,0,40.99775467885561,12,1,0,normal
2026-01-04 12:12:00,42.049961391715755,65.60224546675558,0,46.47710864281161,12,2,0,normal
2026-01-04 12:13:00,38.37211013159022,76.62620690666972,2,38.471567528740316,12,1,0,normal
2026-01-04 12:14:00,32.70051517518574,76.98368096599448,0,43.77707643783071,12,1,0,normal
2026-01-04 12:15:00,33.27081911544984,61.445701123357324,0,53.70137959983071,12,2,0,normal
2026-01-04 12:16:00,44.2561150867319,73.70188756573464,0,54.39922500699895,12,2,0,normal
2026-01-04 12:17:00,40.1167495331133,48.875604786570456,1,48.82538656261438,12,5,0,normal
2026-01-04 12:18:00,39.16892653235665,108.6826707149443,0,55.90624216558132,12,1,0,normal
2026-01-04 12:19:00,37.45665974606588,65.93879317345531,0,34.87705434360056,12,1,0,normal
2026-01-04 12:20:00,38.16886692711549,103.79171197131967,1,55.38027079942832,12,1,0,normal
2026-01-04 12:21:00,46.281470766928834,80.57126758579238,0,34.12133928698093,12,1,0,normal
2026-01-04 12:22:00,37.98853550879184,88.47296198233938,1,45.08029153983776,12,1,0,normal
2026-01-04 12:23:00,31.953611720190587,72.66800302473602,0,38.496977233268964,12,1,0,normal
2026-01-04 12:24:00,44.46191065324104,83.11894537942511,0,50.91110384083414,12,2,0,normal
2026-01-04 12:25:00,38.77074001681169,89.75734459982654,2,32.472717002384485,12,1,0,normal
2026-01-04 12:26:00,40.188375193196656,89.96828621591274,0,30.88107165445311,12,2,0,normal
2026-01-04 12:27:00,49.64546983839706,91.62160085111536,0,39.76436397948948,12,2,0,normal
2026-01-04 12:28:00,39.87663665589696,74.47500934941236,0,39.198383016491334,12,1,0,normal
2026-01-04 12:29:00,41.735102038712355,72.79460491262968,0,40.43250534384041,12,2,0,normal
2026-01-04 12:30:00,32.92645905221005,56.08735512098595,0,39.60028437089953,12,1,0,normal
2026-01-04 12:31:00,38.68198328589424,87.84828516765405,0,50.49844319253672,12,1,0,normal
2026-01-04 12:32:00,43.65715627125161,96.23568066985163,1,44.32213931033945,12,1,0,normal
2026-01-04 12:33:00,30.667757596952548,104.23972519876895,0,57.39274196017989,12,1,0,normal
2026-01-04 12:34:00,41.20507055869426,84.57758951870761,0,46.84698096048683,12,1,0,normal
2026-01-04 12:35:00,40.60474643586884,68.50280340637146,0,52.05812960328565,12,2,0,normal
2026-01-04 12:36:00,40.247724733524635,54.543557850658175,0,49.638612290071656,12,1,0,normal
2026-01-04 12:37:00,46.22295339194946,95.62500099625026,0,37.81399354100538,12,3,0,normal
2026-01-04 12:38:00,42.00663108909113,53.05585149833696,1,40.83356482447192,12,3,0,normal
2026-01-04 12:39:00,48.86843139013867,74.8909388338435,0,52.95319832327259,12,1,0,normal
2026-01-04 12:40:00,34.03846290643578,76.63539758084531,0,30.790966343304895,12,1,0,normal
2026-01-04 12:41:00,40.815547403310084,78.9581729322347,0,48.89330993918315,12,1,0,normal
2026-01-04 12:42:00,40.50680071833968,80.5370390005376,0,43.57399002203571,12,1,0,normal
2026-01-04 12:43:00,33.58447303746952,82.07221334551363,0,39.040892777439126,12,1,0,normal
2026-01-04 12:44:00,45.737770012548076,43.769551068822054,0,42.869724007636655,12,1,0,normal
2026-01-04 12:45:00,53.94803983511691,80.2198386480519,2,57.96280758003276,12,2,0,normal
2026-01-04 12:46:00,39.897963553097014,46.55636638832184,1,31.209808204890866,12,1,0,normal
2026-01-04 12:47:00,43.0301265296426,90.98327109636492,1,35.250532569412115,12,1,0,normal
2026-01-04 12:48:00,40.50711085489196,71.67312266294581,1,29.495816709807265,12,1,0,normal
2026-01-04 12:49:00,35.71849198055695,47.64444912164974,0,41.49580547095884,12,1,0,normal
2026-01-04 12:50:00,29.075438333187904,67.78692983921937,0,257.7227571088043,12,12,1,credential_stuffing
2026-01-04 12:51:00,35.76535910142781,71.4488699122302,0,46.28444078759794,12,1,0,normal
2026-01-04 12:52:00,31.648249714289612,97.86049426332507,0,41.16417657305363,12,1,0,normal
2026-01-04 12:53:00,50.22461246835471,82.94956612625367,0,48.60761173512228,12,1,0,normal
2026-01-04 12:54:00,39.30934183646057,85.1666741652587,0,38.69815412341856,12,4,0,normal
2026-01-04 12:55:00,37.92448402571698,97.71832451330901,0,61.77953803609329,12,1,0,normal
2026-01-04 12:56:00,45.334922948726835,78.55783568113266,0,49.919606668280885,12,1,0,normal
2026-01-04 12:57:00,33.269493382864674,91.31281941548605,0,49.125469832973884,12,1,0,normal
2026-01-04 12:58:00,35.398815771972686,90.25791670897988,0,50.01206292753353,12,2,0,normal
2026-01-04 12:59:00,40.408433615491724,60.702957596458816,1,36.63238806605462,12,1,0,normal
2026-01-04 13:00:00,46.172613948540885,102.09475366444744,0,43.02601908980259,13,2,0,normal
2026-01-04 13:01:00,43.01011027101273,58.69547329893958,0,43.37203768419895,13,1,0,normal
2026-01-04 13:02:00,41.489950855095294,93.76049974216772,1,41.22408201681276,13,1,0,normal
2026-01-04 13:03:00,40.4687064114161,57.24390444641551,0,42.2231047013017,13,1,0,normal
2026-01-04 13:04:00,42.401415133160654,89.0185518222751,1,51.634251461275994,13,4,0,normal
2026-01-04 13:05:00,41.209917430775526,107.92872317225259,1,44.53029638481175,13,1,0,normal
2026-01-04 13:06:00,33.820166351338386,76.80532015174683,1,47.396619817116395,13,1,0,normal
2026-01-04 13:07:00,40.276475329798906,76.1546653572028,0,31.48889119350941,13,3,0,normal
2026-01-04 13:08:00,33.55786804649348,89.15659998975273,2,31.01359452411932,13,1,0,normal
2026-01-04 13:09:00,40.48649525740494,75.05905316056186,1,37.44850566905089,13,1,0,normal
2026-01-04 13:10:00,37.116112351070555,107.27418055614233,0,58.115608416373604,13,1,0,normal
2026-01-04 13:11:00,55.23628973669717,82.88288374188043,0,61.06859954288875,13,1,0,normal
2026-01-04 13:12:00,39.76063369748973,75.19745737668912,0,52.86408253686535,13,3,0,normal
2026-01-04 13:13:00,31.57456260243047,71.89571708156475,0,41.845212636572185,13,1,0,normal
2026-01-04 13:14:00,39.19491873593845,66.0057729474047,0,48.41204817564347,13,1,0,normal
2026-01-04 13:15:00,43.11615247382733,70.58367519863765,0,55.097460606643985,13,1,0,normal
2026-01-04 13:16:00,50.04018367691514,74.73989909512105,0,59.835293934725094,13,1,0,normal
2026-01-04 13:17:00,36.46328560036769,72.6854138975213,1,35.799946981897634,13,1,0,normal
2026-01-04 13:18:00,30.50543215585816,70.12737088794344,0,46.63282580444044,13,1,0,normal
2026-01-04 13:19:00,44.90102206858589,111.4826184552866,1,42.41924835236314,13,1,0,normal
2026-01-04 13:20:00,31.716407764602092,64.54857385265765,1,49.68844216695604,13,1,0,normal
2026-01-04 13:21:00,37.38306735095509,82.19948881469261,2,45.41823534593666,13,1,0,normal
2026-01-04 13:22:00,38.454277086934034,88.88781514641308,0,36.99741337637187,13,1,0,normal
2026-01-04 13:23:00,39.58219928019935,89.45161993375599,0,48.158581930742955,13,1,0,normal
2026-01-04 13:24:00,44.13498674244602,79.12089386326292,0,39.427581494816984,13,1,0,normal
2026-01-04 13:25:00,35.898194306281674,76.38946142229035,0,44.717081751592666,13,1,0,normal
2026-01-04 13:26:00,38.357624486999434,86.7732123685926,0,45.10071680937793,13,1,0,normal
2026-01-04 13:27:00,39.91437788230367,83.99782474967301,0,58.496364206956095,13,1,0,normal
2026-01-04 13:28:00,40.89758774511273,76.1156174784873,0,47.56530075516394,13,2,0,normal
2026-01-04 13:29:00,40.58696304824753,56.57182142413354,1,44.286354177415696,13,1,0,normal
2026-01-04 13:30:00,42.61603465133548,72.98114416500128,0,50.794109911047634,13,1,0,normal
2026-01-04 13:31:00,45.06303705785042,62.801747544388135,0,37.92675353446458,13,2,0,normal
2026-01-04 13:32:00,42.35580469390581,69.9926067490051,0,45.807615691115835,13,1,0,normal
2026-01-04 13:33:00,42.72151314105531,80.49834857775438,0,50.07543812119053,13,2,0,normal
2026-01-04 13:34:00,30.506660999521134,85.38104215994925,0,49.71042619117854,13,1,0,normal
2026-01-04 13:35:00,40.30136619499408,106.70679126938609,1,40.7634556368014,13,2,0,normal
2026-01-04 13:36:00,42.877045288009654,71.93890431644279,0,47.91145386273186,13,1,0,normal
2026-01-04 13:37:00,44.3736471674227,91.61938452912726,0,50.44252882516266,13,1,0,normal
2026-01-04 13:38:00,35.84589535459723,84.58940036656755,0,37.759047841993116,13,1,0,normal
2026-01-04 13:39:00,36.04576435066813,99.43996505959684,2,40.16700857040997,13,1,0,normal
2026-01-04 13:40:00,36.55539594829841,88.64343079393439,0,42.42066409853872,13,1,0,normal
2026-01-04 13:41:00,43.21848339934806,64.87277859070525,0,63.6362406999354,13,1,0,normal
2026-01-04 13:42:00,46.20328632954525,54.15430956063153,0,39.01609725918762,13,1,0,normal
2026-01-04 13:43:00,37.55523935625039,84.66892549501257,0,47.60102636383506,13,1,0,normal
2026-01-04 13:44:00,45.447773881762295,72.07323503149414,0,264.9400202836562,13,13,1,credential_stuffing
2026-01-04 13:45:00,40.740878854987564,65.29529381074104,1,37.499730878308085,13,1,0,normal
2026-01-04 13:46:00,39.25428533702538,60.98633443200384,1,50.583280582244875,13,2,0,normal
2026-01-04 13:47:00,38.73169462109219,82.41463246380734,0,33.71355411558126,13,1,0,normal
2026-01-04 13:48:00,44.479668187612944,102.61561548970047,0,56.54821617421405,13,2,0,normal
2026-01-04 13:49:00,41.95346690072242,73.86991481440937,0,36.68525267909769,13,1,0,normal
2026-01-04 13:50:00,53.65495256588582,88.85405466612983,1,39.67572844147619,13,1,0,normal
2026-01-04 13:51:00,34.886652142016054,78.46600474673612,1,49.57483160652715,13,2,0,normal
2026-01-04 13:52:00,43.108610212179855,60.659268663449105,0,51.020148837728144,13,1,0,normal
2026-01-04 13:53:00,36.82479394113092,91.02217015265626,2,46.86643541993481,13,1,0,normal
2026-01-04 13:54:00,34.78427807806814,63.57961933958943,1,40.73758690175469,13,1,0,normal
2026-01-04 13:55:00,39.934797177790166,80.32439945890347,0,32.252459757327486,13,1,0,normal
2026-01-04 13:56:00,40.824114876442216,74.87719377492043,1,44.280617669498625,13,1,0,normal
2026-01-04 13:57:00,57.50904133036055,93.39616151848537,0,38.19968252373496,13,1,0,normal
2026-01-04 13:58:00,38.89512510590079,64.1277351129397,0,64.29642102307017,13,2,0,normal
2026-01-04 13:59:00,33.2189276230919,85.86304861702939,0,46.064137561999914,13,3,0,normal
2026-01-04 14:00:00,41.63806430496631,67.40303888976949,0,34.68647850060373,14,1,0,normal
2026-01-04 14:01:00,27.55215977472179,72.33342181506822,0,42.34222245318277,14,2,0,normal
2026-01-04 14:02:00,39.4482593043744,25.47199658689847,1,51.06369842069094,14,2,0,normal
2026-01-04 14:03:00,40.09615169377096,111.38147857426863,0,54.29980454201244,14,1,0,normal
2026-01-04 14:04:00,44.76760229767127,88.25835399239348,1,42.525241903541506,14,1,0,normal
2026-01-04 14:05:00,45.84173349656708,68.48978771092753,0,44.05103429206497,14,2,0,normal
2026-01-04 14:06:00,36.978582286553696,63.13016467500509,2,49.51824639666376,14,1,0,normal
2026-01-04 14:07:00,39.096315912220405,72.56526870680989,0,37.514592690341956,14,1,0,normal
2026-01-04 14:08:00,35.403275016335975,90.75319302229177,0,47.77801533985495,14,1,0,normal
2026-01-04 14:09:00,33.23162467115384,51.618726116226114,0,47.285367299794544,14,1,0,normal
2026-01-04 14:10:00,41.85936867628381,77.87623371058493,0,49.26877571675677,14,2,0,normal
2026-01-04 14:11:00,32.3584867084204,106.55962808694011,0,44.68922887052055,14,3,0,normal
2026-01-04 14:12:00,37.51223859656882,62.99080496048293,0,32.483473050071645,14,1,0,normal
2026-01-04 14:13:00,34.02895624060457,81.20577558145483,0,46.82206240522572,14,1,0,normal
2026-01-04 14:14:00,43.29809911774156,113.04964722886636,0,37.99177544451504,14,2,0,normal
2026-01-04 14:15:00,50.808580595598926,89.4822744453616,1,251.02034766828962,14,9,1,credential_stuffing
2026-01-04 14:16:00,32.190472103180014,81.88885730728182,0,59.03589988891151,14,2,0,normal
2026-01-04 14:17:00,28.881889102614586,87.59954682363504,0,35.8414472354173,14,2,0,normal
2026-01-04 14:18:00,39.250678687899594,73.98701997485446,0,38.15974861284407,14,2,0,normal
2026-01-04 14:19:00,40.09418677574655,99.4944692795516,0,26.53717278889736,14,1,0,normal
2026-01-04 14:20:00,41.31195584054379,74.01004965649682,0,50.883565550082466,14,1,0,normal
2026-01-04 14:21:00,37.32207690859393,50.612275868960346,0,40.41521563061292,14,1,0,normal
2026-01-04 14:22:00,38.79616420704741,74.1304534408931,1,47.16500219149201,14,1,0,normal
2026-01-04 14:23:00,42.205062463243614,65.49898205184945,0,40.6866511926404,14,1,0,normal
2026-01-04 14:24:00,46.24258535586903,75.78208981703855,0,32.182956331158664,14,1,0,normal
2026-01-04 14:25:00,28.269707378090303,76.11373911379053,0,46.68506203832921,14,2,0,normal
2026-01-04 14:26:00,37.786363365811226,97.9613479970736,0,55.310229684053155,14,1,0,normal
2026-01-04 14:27:00,41.28285276364638,90.42939089996578,0,44.77596706177222,14,1,0,normal
2026-01-04 14:28:00,34.49214337233558,83.94898231363095,1,36.78449780594144,14,2,0,normal
2026-01-04 14:29:00,50.3870177906038,79.95581883001107,0,43.81454119788185,14,1,0,normal
2026-01-04 14:30:00,36.18754071862758,64.11712986713009,0,49.1063573159415,14,1,0,normal
2026-01-04 14:31:00,39.7522438779563,47.28237143501484,1,43.38536659655855,14,1,0,normal
2026-01-04 14:32:00,43.33613258105375,81.69740017089175,0,36.211499883928056,14,2,0,normal
2026-01-04 14:33:00,36.452291267188635,91.91961805360488,2,61.15836297439051,14,2,0,normal
2026-01-04 14:34:00,28.920561713173498,78.37499175133117,0,32.89961795394002,14,1,0,normal
2026-01-04 14:35:00,37.4280728385008,71.97718515819949,0,63.19683441636562,14,1,0,normal
2026-01-04 14:36:00,46.17664333556225,86.96753247821319,0,44.257524807969034,14,1,0,normal
2026-01-04 14:37:00,37.97862923928917,78.75001699063479,0,52.17765790852175,14,1,0,normal
2026-01-04 14:38:00,34.92139419124613,105.28616287960942,0,46.72174560504406,14,1,0,normal
2026-01-04 14:39:00,45.55403325701633,98.49092513102427,1,37.97853578950469,14,3,0,normal
2026-01-04 14:40:00,38.015350623861686,94.39262085534995,0,55.63108025947209,14,1,0,normal
2026-01-04 14:41:00,36.939035118098694,91.36601171314855,2,49.927528034252305,14,1,0,normal
2026-01-04 14:42:00,40.896736537979855,60.64748878322814,0,44.23527967837014,14,1,0,normal
2026-01-04 14:43:00,44.62450125771272,89.944905530789,0,50.821345402417755,14,1,0,normal
2026-01-04 14:44:00,54.29028119039528,85.64488936469863,0,43.90136094585929,14,1,0,normal
2026-01-04 14:45:00,44.96341664594454,89.09637092586745,0,27.39086636666454,14,1,0,normal
2026-01-04 14:46:00,46.95903979833007,87.3891423021958,0,31.31485636101543,14,1,0,normal
2026-01-04 14:47:00,36.96420280607287,86.79143881772099,35,44.823356196253364,3,1,1,brute_force_login
2026-01-04 14:48:00,33.844791364183145,120.51299704324393,0,42.4587213677178,14,2,0,normal
2026-01-04 14:49:00,40.37398809771474,78.85721495072121,0,44.28361915913205,14,1,0,normal
2026-01-04 14:50:00,40.643019491557574,94.04506071243995,0,42.2788634173095,14,1,0,normal
2026-01-04 14:51:00,33.52892355181242,72.93515284603995,0,36.026872832312755,14,2,0,normal
2026-01-04 14:52:00,38.948232820575925,91.85962375831508,0,33.939085371553574,14,1,0,normal
2026-01-04 14:53:00,42.395905610314784,94.08979835348683,0,38.23367647336918,14,3,0,normal
2026-01-04 14:54:00,42.16236037010848,85.46639115703022,0,51.034367346875285,14,2,0,normal
2026-01-04 14:55:00,43.02572712030563,105.03870413564749,1,38.46304990263919,14,1,0,normal
2026-01-04 14:56:00,41.745788380824656,66.73585945459374,0,53.33718596694386,14,1,0,normal
2026-01-04 14:57:00,36.95794804437966,72.69168587497667,0,36.70694662669449,14,1,0,normal
2026-01-04 14:58:00,36.91659624010694,83.18570129035234,0,54.48094337689467,14,1,0,normal
2026-01-04 14:59:00,32.806291612036745,93.21210280226333,0,40.875352538288865,14,1,0,normal
2026-01-04 15:00:00,50.70865023511057,82.691442819424,0,42.53574902813945,15,3,0,normal
2026-01-04 15:01:00,40.08070218771576,99.28638554765848,1,42.605053045966656,15,1,0,normal
2026-01-04 15:02:00,38.65088166523089,70.07465193550522,0,49.656945338750496,15,1,0,normal
2026-01-04 15:03:00,34.427247511285245,62.89132265767168,0,47.016614098946036,15,1,0,normal
2026-01-04 15:04:00,57.61394741396667,84.62192504804757,0,46.113370013553975,15,1,0,normal
2026-01-04 15:05:00,33.56003180666263,78.84229585829455,0,44.352880651223934,15,2,0,normal
2026-01-04 15:06:00,37.42691244636356,88.1429558053733,1,40.44484902216411,15,1,0,normal
2026-01-04 15:07:00,42.49502101771636,79.58896563700245,0,53.775232451388185,15,2,0,normal
2026-01-04 15:08:00,43.601277794465666,74.89970314064814,0,45.68768749538897,15,2,0,normal
2026-01-04 15:09:00,45.7475923312941,78.87593642414414,0,49.593385136904104,15,1,0,normal
2026-01-04 15:10:00,50.84565104661558,80.43273342189778,1,46.60106475221542,15,3,0,normal
2026-01-04 15:11:00,43.036945932764276,75.42528050227504,0,41.62742521764155,15,1,0,normal
2026-01-04 15:12:00,33.66381520019999,76.95301930514857,0,64.16304862897755,15,2,0,normal
2026-01-04 15:13:00,38.45832924926931,73.94609994519635,0,54.84112144655571,15,4,0,normal
2026-01-04 15:14:00,41.84699423508331,92.8499767980411,0,40.67913601331395,15,1,0,normal
2026-01-04 15:15:00,52.40935624903494,82.91031506758699,0,61.42054716252717,15,1,0,normal
2026-01-04 15:16:00,31.61316712945422,113.8512870825315,0,52.418974634280474,15,1,0,normal
2026-01-04 15:17:00,98.56571602894441,82.41056826917693,0,36.25618878286359,15,1,1,crypto_mining
2026-01-04 15:18:00,41.0794862172785,71.73713794507007,0,52.05598068372067,15,1,0,normal
2026-01-04 15:19:00,45.02698321137689,120.06013062294596,0,48.32937617281174,15,1,0,normal
2026-01-04 15:20:00,39.388031700184406,86.20439566571503,0,46.32459029582601,15,1,0,normal
2026-01-04 15:21:00,34.94540421924204,94.85187180339224,0,53.11793840872963,15,2,0,normal
2026-01-04 15:22:00,44.50523667640799,88.88154474803737,1,47.72674569431523,15,1,0,normal
2026-01-04 15:23:00,43.926586162633726,89.34516543946623,0,28.92116254484156,15,1,0,normal
2026-01-04 15:24:00,45.832341794438335,88.03481077028711,1,34.17264158514098,15,1,0,normal
2026-01-04 15:25:00,39.92017218772819,63.468731528359015,1,38.155460001679536,15,1,0,normal
2026-01-04 15:26:00,36.4010678600809,85.51293571342119,0,60.96469132402877,15,1,0,normal
2026-01-04 15:27:00,30.64727802985695,60.12708044224641,1,50.213469412151944,15,1,0,normal
2026-01-04 15:28:00,44.916239608836435,77.384557453812,0,49.32891135465959,15,1,0,normal
2026-01-04 15:29:00,42.543336894663916,69.11573815155069,1,45.862804201580644,15,1,0,normal
2026-01-04 15:30:00,34.205304202816244,85.36205278773086,0,37.62756482923215,15,2,0,normal
2026-01-04 15:31:00,36.76855796022026,85.01189371007352,2,33.37097166501936,15,1,0,normal
2026-01-04 15:32:00,37.199447128291354,87.2171883614778,1,52.96631496011367,15,1,0,normal
2026-01-04 15:33:00,31.10209340810549,84.3094485912363,0,58.30723191240823,15,1,0,normal
2026-01-04 15:34:00,35.0939056203692,70.89761987320402,0,50.42031936286537,15,1,0,normal
2026-01-04 15:35:00,33.197017859161875,76.0849476597248,33,41.073460000208,4,1,1,brute_force_login
2026-01-04 15:36:00,37.52512592867238,93.80594241881727,0,41.72813362201608,15,2,0,normal
2026-01-04 15:37:00,35.56781501002262,96.017850159416,0,50.54502024729558,15,1,0,normal
2026-01-04 15:38:00,30.237970474799507,62.79825352060176,0,44.06754484154938,15,3,0,normal
2026-01-04 15:39:00,52.13554138341689,57.03608551231031,0,43.74133902244533,15,2,0,normal
2026-01-04 15:40:00,47.51524438617538,69.09665925192932,1,40.69194795167624,15,1,0,normal
2026-01-04 15:41:00,35.325883470880086,95.67811373048376,0,39.69326803588045,15,2,0,normal
2026-01-04 15:42:00,41.63452837992166,98.2232604527455,1,44.03736807193587,15,1,0,normal
2026-01-04 15:43:00,42.50479053892777,66.12932179398243,1,170.6645767830591,15,11,1,credential_stuffing
2026-01-04 15:44:00,47.14651512864086,84.60964030604508,0,49.954479317827506,15,3,0,normal
2026-01-04 15:45:00,35.088369840039526,107.51646999710131,0,30.06257279084059,15,1,0,normal
2026-01-04 15:46:00,46.552640703894554,86.22967215860501,0,53.52280959807095,15,2,0,normal
2026-01-04 15:47:00,36.71256817475839,101.32254927849641,0,40.77849281858247,15,1,0,normal
2026-01-04 15:48:00,31.98482557498832,94.98089855124647,0,44.0484853622361,15,1,0,normal
2026-01-04 15:49:00,44.34481935588698,66.34701940658134,1,49.46428743273686,15,1,0,normal
2026-01-04 15:50:00,47.744550544734565,77.15027864754383,0,42.696706223470834,15,1,0,normal
2026-01-04 15:51:00,55.52745384118411,80.52131717437771,0,39.092626196255,15,4,0,normal
2026-01-04 15:52:00,32.80164840945872,81.5620008203201,0,47.29147640470433,15,1,0,normal
2026-01-04 15:53:00,44.19351811048473,93.74493430157857,1,62.58660064349084,15,1,0,normal
2026-01-04 15:54:00,37.5411925372388,86.13027143413113,0,51.3024190609452,15,1,0,normal
2026-01-04 15:55:00,44.70015226314419,35.956985843328276,0,38.93657497544921,15,3,0,normal
2026-01-04 15:56:00,31.177062692612495,60.307395903609105,0,42.183811661044416,15,2,0,normal
2026-01-04 15:57:00,32.423381345808615,47.18928627535936,0,41.1817354504689,15,1,0,normal
2026-01-04 15:58:00,35.3447510610011,82.63047860983,1,36.746934490786494,15,2,0,normal
2026-01-04 15:59:00,40.47378427400851,83.60731474201641,0,49.79885628576531,15,1,0,normal
2026-01-04 16:00:00,36.15351240076987,84.24837437916078,0,42.391653207261875,16,1,0,normal
2026-01-04 16:01:00,43.954326063480515,65.61607598428076,0,47.5420914073157,16,3,0,normal
2026-01-04 16:02:00,46.161367709547484,90.11216007679984,0,24.081337590225434,16,1,0,normal
2026-01-04 16:03:00,43.59746524747214,90.74393744702793,0,50.520187819268564,16,1,0,normal
2026-01-04 16:04:00,49.71272583796521,61.172763991922636,0,40.26396098961892,16,2,0,normal
2026-01-04 16:05:00,42.49495977673206,58.009426978266916,0,36.95793526564128,16,1,0,normal
2026-01-04 16:06:00,32.698619737959,79.99802470659593,1,34.298597778913134,16,1,0,normal
2026-01-04 16:07:00,48.18025908123004,106.87673410420038,0,37.6411707430191,16,1,0,normal
2026-01-04 16:08:00,36.36906258636402,105.49614113297963,2,41.577098221201744,16,1,0,normal
2026-01-04 16:09:00,45.462510998113416,88.45106540672079,1,52.109636695992755,16,2,0,normal
2026-01-04 16:10:00,49.44240529933064,69.05004992629885,0,41.45031270379874,16,1,0,normal
2026-01-04 16:11:00,42.7401280643824,93.30263989232878,2,52.861821844298156,16,1,0,normal
2026-01-04 16:12:00,31.0230471210121,73.21363602786438,0,47.33721543072952,16,1,0,normal
2026-01-04 16:13:00,34.49072700094125,68.48739444989285,0,59.554604483235764,16,1,0,normal
2026-01-04 16:14:00,47.936466801310814,47.84049752567009,0,40.99261291857467,16,1,0,normal
2026-01-04 16:15:00,38.9852638861431,81.5357329752148,1,48.30982716189781,16,1,0,normal
2026-01-04 16:16:00,40.477441209652994,70.55198976293937,0,54.990513031460964,16,1,0,normal
2026-01-04 16:17:00,44.552946496981654,81.44645569292757,0,50.042758501782636,16,1,0,normal
2026-01-04 16:18:00,44.17793717248194,45.50963455644408,1,43.63769556149503,16,1,0,normal
2026-01-04 16:19:00,41.67279887431276,82.54740008875531,0,41.099236967129215,16,1,0,normal
2026-01-04 16:20:00,38.74798977267721,627.6353459067664,1,29.450702687354337,16,2,1,data_exfiltration
2026-01-04 16:21:00,38.123989325605855,96.31910379902828,1,43.08356765366767,16,1,0,normal
2026-01-04 16:22:00,45.14739295174806,87.82836851202626,0,37.62054149448415,16,1,0,normal
2026-01-04 16:23:00,43.32141718640676,75.82002842863119,0,40.66602540341024,16,1,0,normal
2026-01-04 16:24:00,38.456199996293265,88.44079790123119,0,45.41334599280488,16,1,0,normal
2026-01-04 16:25:00,46.49267387795884,65.32888606004671,0,32.51120267002344,16,1,0,normal
2026-01-04 16:26:00,39.2257953092213,81.08563273422338,0,37.05744562939819,16,1,0,normal
2026-01-04 16:27:00,34.89002695399364,91.92161057690504,0,48.09881508303964,16,1,0,normal
2026-01-04 16:28:00,35.44617580657993,33.585661263629156,0,34.87989361666804,16,5,0,normal
2026-01-04 16:29:00,34.127554982141405,73.29163460483714,0,44.63832162329327,16,1,0,normal
2026-01-04 16:30:00,38.365539900377875,79.66033804795438,22,33.78656195196039,1,1,1,brute_force_login
2026-01-04 16:31:00,47.402345670017155,77.0555957338135,0,49.21060770504803,16,1,0,normal
2026-01-04 16:32:00,35.169428913816944,101.85652739341108,0,50.2567952046281,16,1,0,normal
2026-01-04 16:33:00,41.13085456610862,63.14148312615673,0,54.87934696442633,16,1,0,normal
2026-01-04 16:34:00,36.05986392623552,70.68261134832156,0,54.96154630824714,16,3,0,normal
2026-01-04 16:35:00,38.438145752371376,51.26196460537328,0,47.193213157038734,16,3,0,normal
2026-01-04 16:36:00,30.939752728088486,102.65429976909718,0,30.90652831447106,16,1,0,normal
2026-01-04 16:37:00,38.676770625060776,76.305647860868,0,45.01671945009451,16,3,0,normal
2026-01-04 16:38:00,38.83776772117023,73.42386667944939,0,48.66334311229073,16,1,0,normal
2026-01-04 16:39:00,43.241727664214174,79.21275976533929,0,45.96745089002784,16,1,0,normal
2026-01-04 16:40:00,94.08970565167475,89.54353742645486,0,58.302038902125766,16,1,1,crypto_mining
2026-01-04 16:41:00,32.809647250287725,85.21045105274187,0,55.38135709178609,16,2,0,normal
2026-01-04 16:42:00,46.50518946426126,119.71826320335632,0,45.20962562869375,16,3,0,normal
2026-01-04 16:43:00,41.26181824133197,86.80903832605662,1,50.96623806377801,16,1,0,normal
2026-01-04 16:44:00,41.19036110306492,73.02131856246379,0,33.268837363690125,16,1,0,normal
2026-01-04 16:45:00,39.944905879689166,71.57964893714079,1,46.513485528610275,16,1,0,normal
2026-01-04 16:46:00,36.89345531666668,74.10861571374787,0,34.889529794341854,16,1,0,normal
2026-01-04 16:47:00,41.306814038492355,57.47244613055243,0,43.56753191112583,16,1,0,normal
2026-01-04 16:48:00,42.85353061557149,80.59796311237379,0,39.5701206924498,16,1,0,normal
2026-01-04 16:49:00,29.51862585192667,91.75202159313376,0,39.79033353907297,16,3,0,normal
2026-01-04 16:50:00,36.76743497592343,70.79954599065147,0,38.50070157201472,16,1,0,normal
2026-01-04 16:51:00,38.47031817757846,67.88929915573833,0,41.79888847448234,16,1,0,normal
2026-01-04 16:52:00,41.53702363416567,102.73917719441351,0,40.42517943460545,16,2,0,normal
2026-01-04 16:53:00,47.15986603556276,58.602752650682525,1,50.066456529041865,16,1,0,normal
2026-01-04 16:54:00,35.369555112419306,48.98272435284048,0,42.884745796211504,16,1,0,normal
2026-01-04 16:55:00,37.01222891909295,62.70647084528926,0,44.63533342943871,16,1,0,normal
2026-01-04 16:56:00,36.9247953361207,56.893509243135554,0,47.32859128396602,16,1,0,normal
2026-01-04 16:57:00,35.19083445937275,85.79339096156873,0,47.30289412242877,16,1,0,normal
2026-01-04 16:58:00,37.916881029326426,74.5894324932564,0,36.44904395205574,16,2,0,normal
2026-01-04 16:59:00,44.624813319927824,76.7046943246424,0,42.88541657016581,16,1,0,normal
2026-01-04 17:00:00,33.67698702781392,97.2940126546216,1,46.897955579883856,17,3,0,normal
2026-01-04 17:01:00,42.566886370917416,69.62997708255836,0,37.95284489829896,17,1,0,normal
2026-01-04 17:02:00,29.788586619889987,91.62634117618461,1,37.0493546281737,17,2,0,normal
2026-01-04 17:03:00,36.63197202134676,102.66984198804805,0,35.614697817862535,17,1,0,normal
2026-01-04 17:04:00,38.02306419869208,73.1650625297951,0,46.61619830791388,17,2,0,normal
2026-01-04 17:05:00,50.04915803748439,91.05534283334471,0,42.649273105197146,17,1,0,normal
2026-01-04 17:06:00,38.351186171483874,76.3727313120653,0,43.78921650376466,17,1,0,normal
2026-01-04 17:07:00,26.792539159294492,93.86147193261183,1,224.0705889501935,17,9,1,credential_stuffing
2026-01-04 17:08:00,28.0066665588325,56.4276621863559,0,45.56730024812982,17,1,0,normal
2026-01-04 17:09:00,40.20417751808009,55.317316323119805,0,45.96470409267475,17,2,0,normal
2026-01-04 17:10:00,43.68262513473945,74.13098427638688,0,47.10746854365555,17,1,0,normal
2026-01-04 17:11:00,42.252735145763516,66.66612786410344,0,56.53715102726178,17,1,0,normal
2026-01-04 17:12:00,41.005420634805944,72.24936335855172,0,38.92234257138976,17,1,0,normal
2026-01-04 17:13:00,46.973557585034,76.7071012632929,0,48.90203043728283,17,1,0,normal
2026-01-04 17:14:00,36.76245267557721,90.80020297754378,0,47.67578162066136,17,4,0,normal
2026-01-04 17:15:00,45.36946333616095,73.88509132151097,0,48.64225327135318,17,1,0,normal
2026-01-04 17:16:00,30.207910689841498,67.6420803406537,1,42.51665891467765,17,1,0,normal
2026-01-04 17:17:00,34.570313002371606,74.72729934861651,0,51.1080075887772,17,2,0,normal
2026-01-04 17:18:00,29.157751630409102,68.46282080290074,0,39.165164469306355,17,4,0,normal
2026-01-04 17:19:00,38.35092819598125,65.98991746905928,0,41.24220085894219,17,1,0,normal
2026-01-04 17:20:00,39.722432696401945,55.80474779634547,0,43.518346684858315,17,2,0,normal
2026-01-04 17:21:00,40.68460895335912,81.04217174331617,0,43.164660303361316,17,2,0,normal
2026-01-04 17:22:00,40.37130011732281,71.4694144010442,1,47.98888604002097,17,2,0,normal
2026-01-04 17:23:00,34.43468001512963,94.49418108852008,0,47.08233165006405,17,4,0,normal
2026-01-04 17:24:00,38.85855493352071,58.28905861911589,1,47.150710783914214,17,1,0,normal
2026-01-04 17:25:00,31.01531998836551,71.86874667428182,0,55.57400736401951,17,1,0,normal
2026-01-04 17:26:00,48.1793738507935,107.19360830988123,0,43.33655087276439,17,2,0,normal
2026-01-04 17:27:00,38.178243562611996,65.90585724353225,0,53.449817495879515,17,2,0,normal
2026-01-04 17:28:00,37.06668328573785,76.45200121855814,0,36.48380753140131,17,1,0,normal
2026-01-04 17:29:00,49.5336419706645,61.76234025761947,0,43.97373395410688,17,1,0,normal
2026-01-04 17:30:00,32.54652079870463,59.773587308285286,0,44.46368702497239,17,1,0,normal
2026-01-04 17:31:00,33.246477315808185,103.20966474631518,0,34.533778526876596,17,1,0,normal
2026-01-04 17:32:00,33.42267805078861,82.56559238955721,29,45.36021233387895,2,1,1,brute_force_login
2026-01-04 17:33:00,39.59277170980311,82.00518257356435,1,45.92639413216526,17,1,0,normal
2026-01-04 17:34:00,42.58978977782559,54.55525647325666,0,49.77875470876158,17,3,0,normal
2026-01-04 17:35:00,44.438052808707,85.38112082162455,0,48.85699880123964,17,1,0,normal
2026-01-04 17:36:00,55.431971904969814,97.3613291899074,0,34.780174342840944,17,1,0,normal
2026-01-04 17:37:00,26.50340527479542,97.24215591242795,1,54.56753912377964,17,2,0,normal
2026-01-04 17:38:00,43.6524135347465,90.02499844409242,0,41.300359951300585,17,2,0,normal
2026-01-04 17:39:00,36.65721656456661,63.057716336068935,0,40.16134273187696,17,1,0,normal
2026-01-04 17:40:00,36.48150910666736,84.69685125789488,1,48.9220678922661,17,1,0,normal
2026-01-04 17:41:00,36.28136723047673,90.01377440714911,1,51.80849476900163,17,1,0,normal
2026-01-04 17:42:00,34.54738197515216,53.08334622366648,0,41.222969843178035,17,1,0,normal
2026-01-04 17:43:00,50.10714900762071,63.180806127773224,0,44.645213481648554,17,1,0,normal
2026-01-04 17:44:00,45.053783962083415,93.32235982615163,0,52.28908687090048,17,1,0,normal
2026-01-04 17:45:00,40.13917587134425,93.14068665007893,0,37.554935265245675,17,1,0,normal
2026-01-04 17:46:00,48.106094514922006,56.771254495679116,0,22.611271952842596,17,2,0,normal
2026-01-04 17:47:00,30.924826208206746,91.92532188903759,0,49.301925994688496,17,2,0,normal
2026-01-04 17:48:00,32.01576921201444,81.42955098730427,0,52.3200674713897,17,2,0,normal
2026-01-04 17:49:00,26.932193606831873,91.71513431910728,1,32.24533798550825,17,2,0,normal
2026-01-04 17:50:00,35.80351275926027,70.48218014849088,0,44.83836872989726,17,1,0,normal
2026-01-04 17:51:00,40.97019116022852,89.67775244721354,0,41.01567217801228,17,1,0,normal
2026-01-04 17:52:00,40.617151467594006,92.65743161728437,0,46.02903543713545,17,2,0,normal
2026-01-04 17:53:00,40.89605146635928,74.72997596816433,0,28.45235993317181,17,1,0,normal
2026-01-04 17:54:00,31.53365901360351,80.26628819259929,1,34.86146723156795,17,1,0,normal
2026-01-04 17:55:00,44.81892845568413,70.2721755574302,2,48.589839116053206,17,1,0,normal
2026-01-04 17:56:00,41.43776510943399,104.77458423028818,2,43.93423954794333,17,4,0,normal
2026-01-04 17:57:00,44.39832568879599,78.19592091011351,1,57.03612690227503,17,3,0,normal
2026-01-04 17:58:00,28.64342693445969,66.16963512234227,0,49.708395723332096,17,1,0,normal
2026-01-04 17:59:00,41.868945152786736,69.26261129187876,0,37.29591077162829,17,1,0,normal
2026-01-04 18:00:00,32.87340856049484,81.9015590171317,1,50.75522103010904,18,2,0,normal
2026-01-04 18:01:00,37.61606048469183,91.29996757667317,0,58.66743946379324,18,1,0,normal
2026-01-04 18:02:00,43.2061893918183,59.96259732274217,0,44.42178549119295,18,1,0,normal
2026-01-04 18:03:00,40.546561637535476,107.71490004413673,0,48.22246164333195,18,1,0,normal
2026-01-04 18:04:00,34.890760121324085,84.63012941083424,0,51.60304804172189,18,1,0,normal
2026-01-04 18:05:00,40.03763893710651,86.99683959454119,0,43.665428841481436,18,1,0,normal
2026-01-04 18:06:00,90.88128384662954,78.54215684264845,0,28.078603274968966,18,1,1,crypto_mining
2026-01-04 18:07:00,46.90160437538978,80.28888451026688,1,49.4471063431167,18,1,0,normal
2026-01-04 18:08:00,38.76829588302249,77.77575293108896,0,51.39805689555158,18,1,0,normal
2026-01-04 18:09:00,46.71129966553195,95.26693953553941,1,56.70527662661053,18,1,0,normal
2026-01-04 18:10:00,36.840809877423744,79.88107118819944,0,36.198075586227304,18,1,0,normal
2026-01-04 18:11:00,36.8585440695605,91.50575327739065,0,36.567506460775505,18,1,0,normal
2026-01-04 18:12:00,35.41487928017292,73.49228714971142,0,39.48737493378847,18,1,0,normal
2026-01-04 18:13:00,45.25704359015845,82.93460792468474,1,43.656688927716004,18,1,0,normal
2026-01-04 18:14:00,35.74341305602915,67.94119483640868,0,49.307194861116415,18,1,0,normal
2026-01-04 18:15:00,43.86757259449106,98.24792348824306,2,36.031197655744364,18,2,0,normal
2026-01-04 18:16:00,37.70528561398426,67.49379138921327,0,52.59404585970276,18,1,0,normal
2026-01-04 18:17:00,28.14422020065028,75.12530833608011,0,52.19040283906295,18,1,0,normal
2026-01-04 18:18:00,36.578115593281204,75.27559381317883,0,52.418982911305854,18,1,0,normal
2026-01-04 18:19:00,32.92535071382291,74.69072918489347,0,42.517427302133164,18,1,0,normal
2026-01-04 18:20:00,40.20341634209402,90.83743654164405,0,27.119879036864276,18,1,0,normal
2026-01-04 18:21:00,32.857553585953056,75.25013352895034,0,57.81024570787159,18,1,0,normal
2026-01-04 18:22:00,45.5558506042877,100.90886795811609,0,40.25689704679594,18,3,0,normal
2026-01-04 18:23:00,39.453544837881836,67.72287370804747,1,50.74092228538244,18,1,0,normal
2026-01-04 18:24:00,38.93442403144756,82.54066204914061,0,45.97345541207942,18,3,0,normal
2026-01-04 18:25:00,43.9353528267255,68.363210160311,1,54.0298721675468,18,1,0,normal
2026-01-04 18:26:00,45.78344160445518,86.314591737972,1,44.58964711254019,18,1,0,normal
2026-01-04 18:27:00,39.87940748938209,79.76075409534845,0,45.55017397591754,18,1,0,normal
2026-01-04 18:28:00,35.37279820270426,77.67406932952282,0,46.43928905624146,18,2,0,normal
2026-01-04 18:29:00,29.356182303327223,97.82712449755286,0,48.34059876987602,18,1,0,normal
2026-01-04 18:30:00,35.883701457788916,70.18487193417344,0,35.11753408087681,18,1,0,normal
2026-01-04 18:31:00,36.29672652011223,88.79772736427,0,60.00500979344108,18,1,0,normal
2026-01-04 18:32:00,40.64234471795378,68.46560130987811,0,44.434584922945454,18,5,0,normal
2026-01-04 18:33:00,37.92911871317184,81.6902780024056,0,49.600671734130636,18,2,0,normal
2026-01-04 18:34:00,44.12759783230857,62.06637007664832,0,57.12683460273683,18,3,0,normal
2026-01-04 18:35:00,36.322100372375864,70.0622428053989,0,44.93723092931115,18,1,0,normal
2026-01-04 18:36:00,39.65775299888235,879.5389205080861,0,37.031728345597884,18,1,1,data_exfiltration
2026-01-04 18:37:00,47.10392465918134,107.21973750984617,1,36.77747995748411,18,2,0,normal
2026-01-04 18:38:00,42.0509512837298,81.5120580568966,1,41.40209647095327,18,2,0,normal
2026-01-04 18:39:00,39.639774749868614,104.8200247380006,0,47.666776047730394,18,1,0,normal
2026-01-04 18:40:00,36.38833334838894,83.30484937536377,0,48.50330831456187,18,2,0,normal
2026-01-04 18:41:00,36.20061161971014,74.19373633287591,1,54.0388992541574,18,2,0,normal
2026-01-04 18:42:00,34.89632048228832,103.0903478390104,1,32.707004408738264,18,2,0,normal
2026-01-04 18:43:00,36.7539588053026,86.55526433110128,1,46.773618340685225,18,1,0,normal
2026-01-04 18:44:00,44.53399503246589,70.3591760917593,0,49.9253896757362,18,1,0,normal
2026-01-04 18:45:00,38.66867037224639,87.05857189100446,0,49.62521900342301,18,1,0,normal
2026-01-04 18:46:00,31.901361583712614,75.61107875138585,0,25.665123408879285,18,1,0,normal
2026-01-04 18:47:00,50.6090157583587,50.16448705743056,1,42.024146631706834,18,1,0,normal
2026-01-04 18:48:00,41.91979114687098,94.03959738898426,0,51.509787900983724,18,1,0,normal
2026-01-04 18:49:00,31.558339596920984,96.42401083462893,0,38.50034815240719,18,1,0,normal
2026-01-04 18:50:00,37.348906436555055,107.56913044988413,1,35.509671873514186,18,2,0,normal
2026-01-04 18:51:00,40.665318296970504,86.33215538292895,0,49.51119457346048,18,1,0,normal
2026-01-04 18:52:00,50.227552559784264,76.26914863876202,0,47.39334288602216,18,1,0,normal
2026-01-04 18:53:00,33.351325250446784,92.52484141067879,2,46.84393847767753,18,1,0,normal
2026-01-04 18:54:00,45.85624431613568,92.74730547978359,0,39.82961224736079,18,2,0,normal
2026-01-04 18:55:00,48.396918561834056,104.57421774704633,2,34.48266894182533,18,1,0,normal
2026-01-04 18:56:00,36.22807416955258,79.33058565400337,0,52.5955414045057,18,1,0,normal
2026-01-04 18:57:00,38.3349182868386,77.51631541148609,1,71.69905529985844,18,3,0,normal
2026-01-04 18:58:00,33.78214451575738,69.26683370362208,0,32.03824166156061,18,4,0,normal
2026-01-04 18:59:00,38.77923315351817,88.06193130087803,0,53.16185441096574,18,2,0,normal
2026-01-04 19:00:00,24.780460153942414,26.776074976537473,0,18.630227050029912,19,2,0,normal
2026-01-04 19:01:00,28.957899988494223,61.64131059293847,0,22.537245699437094,19,1,0,normal
2026-01-04 19:02:00,31.54110082612268,58.81752682798684,1,19.522173367173643,19,1,0,normal
2026-01-04 19:03:00,20.511423612270118,58.77605303687558,1,37.56172470721291,19,1,0,normal
2026-01-04 19:04:00,13.196049614644032,52.073378547527604,0,13.583657724994037,19,1,0,normal
2026-01-04 19:05:00,24.872531324342546,72.99467371296628,1,15.18842598703956,19,2,0,normal
2026-01-04 19:06:00,26.761225179811845,63.07990198140295,0,20.609428728498585,19,1,0,normal
2026-01-04 19:07:00,26.49650612611025,40.8938421293645,0,24.539654751618585,19,1,0,normal
2026-01-04 19:08:00,23.039960514945736,41.162314254535296,0,30.67931894967807,19,1,0,normal
2026-01-04 19:09:00,25.748512597983606,36.80489279878045,0,23.93321259758226,19,5,0,normal
2026-01-04 19:10:00,34.09266885011348,58.269249991633814,0,21.803966829316213,19,4,0,normal
2026-01-04 19:11:00,27.290405013775057,34.99791618140065,0,16.465951841838695,19,1,0,normal
2026-01-04 19:12:00,22.759789449981493,66.25088215375028,0,24.09956936105143,19,1,0,normal
2026-01-04 19:13:00,21.998813097424026,69.84459962518315,2,14.291520965908958,19,3,0,normal
2026-01-04 19:14:00,23.980885853933614,36.81475596574323,0,21.616542881245987,19,1,0,normal
2026-01-04 19:15:00,34.82043977098384,47.21677198110719,0,18.256184755355576,19,1,0,normal
2026-01-04 19:16:00,23.900195742842815,50.2493147204362,0,12.139512485791492,19,1,0,normal
2026-01-04 19:17:00,24.88123393287575,63.25974740704501,2,32.4693686716389,19,2,0,normal
2026-01-04 19:18:00,22.106118574382183,74.14015063414816,0,12.16275345398908,19,1,0,normal
2026-01-04 19:19:00,31.59390014465179,24.71761410697134,0,16.848483085922226,19,1,0,normal
2026-01-04 19:20:00,36.75902352846805,45.227289237099754,0,7.3206906462961605,19,1,0,normal
2026-01-04 19:21:00,27.70367829658833,46.0097495665948,1,245.81037165311398,19,15,1,credential_stuffing
2026-01-04 19:22:00,25.496637422712553,28.989952176701784,1,23.468595699625684,19,1,0,normal
2026-01-04 19:23:00,25.22069699904541,42.723349710439074,0,12.746355411241689,19,2,0,normal
2026-01-04 19:24:00,10.694159267285526,56.416534165259165,0,5.447729701450733,19,2,0,normal
2026-01-04 19:25:00,29.470905185708904,45.819816457406645,0,16.999800216381615,19,1,0,normal
2026-01-04 19:26:00,25.80499849597506,26.830682470888796,1,18.74642759136061,19,1,0,normal
2026-01-04 19:27:00,27.57005230396435,93.1112404701487,1,18.11850645860502,19,1,0,normal
2026-01-04 19:28:00,20.731226835497772,53.992667978062705,1,32.681818151217215,19,1,0,normal
2026-01-04 19:29:00,22.69325872613745,51.675411951600125,0,22.6794613691261,19,2,0,normal
2026-01-04 19:30:00,22.53385038098096,33.531104553994304,0,22.051367276336784,19,2,0,normal
2026-01-04 19:31:00,31.129737904438233,53.91059242956913,0,22.63957345990929,19,3,0,normal
2026-01-04 19:32:00,22.72744098038144,47.53679323937759,1,22.588668047046994,19,1,0,normal
2026-01-04 19:33:00,37.49596193265879,21.672148809268908,0,16.45452105098287,19,2,0,normal
2026-01-04 19:34:00,27.585174514090223,33.94616839978376,0,12.515408198404767,19,1,0,normal
2026-01-04 19:35:00,17.34590404002561,61.92389026510918,0,39.771072395818685,19,1,0,normal
2026-01-04 19:36:00,24.22872224048826,79.16026475000663,0,18.830379927582197,19,1,0,normal
2026-01-04 19:37:00,21.089949267061506,55.50748107564567,0,20.173006922593178,19,1,0,normal
2026-01-04 19:38:00,11.833705181079853,66.54624917440051,0,20.362141146763175,19,2,0,normal
2026-01-04 19:39:00,34.59682564068274,47.663670371251854,0,13.944021994596469,19,1,0,normal
2026-01-04 19:40:00,29.218855253320022,48.70180758979096,1,21.42766906278458,19,3,0,normal
2026-01-04 19:41:00,28.199243907395875,66.36468541429198,0,9.768248611967167,19,1,0,normal
2026-01-04 19:42:00,25.992421961798225,74.94165933769204,0,25.72729971400236,19,1,0,normal
2026-01-04 19:43:00,16.707894587845374,69.51645040198433,0,17.950569630410172,19,1,0,normal
2026-01-04 19:44:00,22.09829716266738,34.00455386922771,0,29.02595082706567,19,2,0,normal
2026-01-04 19:45:00,30.050684648704078,48.99561664527131,0,24.13891662272401,19,1,0,normal
2026-01-04 19:46:00,18.692679821304985,54.16287026714443,1,23.15010260026397,19,3,0,normal
2026-01-04 19:47:00,9.809384102495118,46.10483054738707,1,13.649923834570695,19,3,0,normal
2026-01-04 19:48:00,23.637363953314445,55.81786315123394,1,20.561542969068586,19,2,0,normal
2026-01-04 19:49:00,24.149454675834768,62.30865217503421,0,26.044785564464085,19,1,0,normal
2026-01-04 19:50:00,25.813380498488254,65.04214627932711,0,20.932461147788835,19,2,0,normal
2026-01-04 19:51:00,29.37111186108722,75.28805228332286,0,9.139305284018775,19,1,0,normal
2026-01-04 19:52:00,28.82563487338725,45.05838342912748,1,27.883576572878276,19,1,0,normal
2026-01-04 19:53:00,26.55261883146353,29.53950252741029,0,26.04708939852381,19,2,0,normal
2026-01-04 19:54:00,32.173188328520254,55.37351891021679,0,7.994679119845996,19,1,0,normal
2026-01-04 19:55:00,15.886181315120112,78.25716546777204,0,21.00678712644389,19,1,0,normal
2026-01-04 19:56:00,28.027490886864342,42.845362100689115,0,26.52226462114454,19,2,0,normal
2026-01-04 19:57:00,28.759230180021653,60.30270465595579,0,15.203434981596237,19,3,0,normal
2026-01-04 19:58:00,17.56262628351856,60.43618688708964,0,9.39974947160516,19,1,0,normal
2026-01-04 19:59:00,15.982776347905665,52.871630710169136,0,11.402113391581551,19,1,0,normal
2026-01-04 20:00:00,20.524347241146394,50.10387081565572,0,19.128911926419807,20,1,0,normal
2026-01-04 20:01:00,21.03075134490825,36.14856191417911,0,27.444945159708528,20,1,0,normal
2026-01-04 20:02:00,29.520516781014585,15.775068913691342,0,11.301611335164077,20,1,0,normal
2026-01-04 20:03:00,21.31276729785343,33.322239400039564,0,11.361955588386024,20,1,0,normal
2026-01-04 20:04:00,19.861908890312776,44.14543776332451,0,17.57257381405929,20,1,0,normal
2026-01-04 20:05:00,91.00339034190654,66.4613403113406,1,25.501108454701157,20,1,1,crypto_mining
2026-01-04 20:06:00,31.71179400492527,48.453079064729366,0,34.03041632270267,20,3,0,normal
2026-01-04 20:07:00,25.078260246261713,42.21461421622777,1,20.703325078440056,20,2,0,normal
2026-01-04 20:08:00,23.92449384785853,36.635218370698546,0,14.601853964218845,20,1,0,normal
2026-01-04 20:09:00,24.339967007793692,59.8520874276422,0,13.62911150291875,20,1,0,normal
2026-01-04 20:10:00,32.752362005959135,70.37535749645907,0,30.97734722271604,20,1,0,normal
2026-01-04 20:11:00,20.50496964038055,65.95153582801188,0,9.897097384365383,20,2,0,normal
2026-01-04 20:12:00,32.893049745640624,59.09224549637704,0,21.550725485721554,20,1,0,normal
2026-01-04 20:13:00,26.26297779352902,27.8658088042559,0,30.541329572579006,20,1,0,normal
2026-01-04 20:14:00,24.037483708147914,44.72488635734343,0,18.73349376350594,20,1,0,normal
2026-01-04 20:15:00,40.00540298760569,79.20956343334512,0,11.351454412364749,20,1,0,normal
2026-01-04 20:16:00,18.666163061208422,66.82925737872837,1,24.233737437984818,20,1,0,normal
2026-01-04 20:17:00,22.877885442597965,26.937451726479125,0,20.831661115037218,20,3,0,normal
2026-01-04 20:18:00,17.605412565016,49.16614215201093,0,23.763251761155516,20,1,0,normal
2026-01-04 20:19:00,30.714771823217017,55.44647648991558,0,24.6289666707262,20,2,0,normal
2026-01-04 20:20:00,35.13513360191007,38.5676230546067,1,24.142151426007185,20,3,0,normal
2026-01-04 20:21:00,94.98535994210476,15.361939678867266,0,22.368255401612796,20,2,1,crypto_mining
2026-01-04 20:22:00,32.343692518876026,51.482360675246476,1,25.415882839775197,20,1,0,normal
2026-01-04 20:23:00,23.814277193224207,38.18362613569341,0,30.792511383777047,20,1,0,normal
2026-01-04 20:24:00,22.80855413506092,38.242373913729736,0,13.73257301536467,20,2,0,normal
2026-01-04 20:25:00,14.97298136503561,44.67979460103863,0,17.874715622940364,20,1,0,normal
2026-01-04 20:26:00,37.215241211090756,47.99486128017782,0,26.350033908143313,20,1,0,normal
2026-01-04 20:27:00,27.813868468890806,49.8637580885647,0,19.417493777259335,20,1,0,normal
2026-01-04 20:28:00,22.0482585707831,36.74015151616998,0,9.890492952089309,20,1,0,normal
2026-01-04 20:29:00,32.968341333921806,46.69685705548884,1,22.662801422263264,20,1,0,normal
2026-01-04 20:30:00,19.163412899439994,23.638649443958673,0,16.068683556340908,20,1,0,normal
2026-01-04 20:31:00,27.439732205336043,54.66558598052117,0,36.96281642781428,20,2,0,normal
2026-01-04 20:32:00,23.964225194254993,7.15586879988264,0,27.946329132483957,20,1,0,normal
2026-01-04 20:33:00,28.832062839281804,45.65764879349571,2,29.276939800241358,20,1,0,normal
2026-01-04 20:34:00,24.61855876488327,63.7877923051543,0,253.4790322946299,20,16,1,credential_stuffing
2026-01-04 20:35:00,16.294432653332656,34.1098896908776,0,22.4841768702032,20,1,0,normal
2026-01-04 20:36:00,25.45345823602023,60.746453054861,0,17.26092816391712,20,1,0,normal
2026-01-04 20:37:00,31.29318485125217,67.33599068181339,0,13.295362712893944,20,1,0,normal
2026-01-04 20:38:00,24.82470156487609,0.3815007125391716,0,12.705970135419548,20,1,0,normal
2026-01-04 20:39:00,29.650690729534517,47.729556446363866,0,37.09282015265646,20,1,0,normal
2026-01-04 20:40:00,18.72682308595568,6.863398585575872,0,23.17490804196641,20,1,0,normal
2026-01-04 20:41:00,24.842435240380887,48.22687331643581,0,9.418469714892032,20,1,0,normal
2026-01-04 20:42:00,21.252937269468536,49.8924318352801,1,27.691892692056886,20,1,0,normal
2026-01-04 20:43:00,29.481885040628256,12.761840211337422,1,40.985477364358005,20,3,0,normal
2026-01-04 20:44:00,25.188949373571976,78.87257543119799,0,7.7147693707339755,20,4,0,normal
2026-01-04 20:45:00,29.140442058019676,54.29023711451937,0,24.802279874929347,20,1,0,normal
2026-01-04 20:46:00,31.526262556947195,37.26464851876947,1,11.018620730812383,20,2,0,normal
2026-01-04 20:47:00,29.14971145072833,71.98069141247777,0,29.244084119396966,20,2,0,normal
2026-01-04 20:48:00,26.638710605761865,23.065801690365248,0,222.89504439117255,20,14,1,credential_stuffing
2026-01-04 20:49:00,19.010726448931567,31.56243449722524,0,20.63089312939459,20,1,0,normal
2026-01-04 20:50:00,24.983283335998593,15.508167144951521,0,23.549950509500956,20,3,0,normal
2026-01-04 20:51:00,21.801457587905002,77.01567794809,2,8.923076790166004,20,1,0,normal
2026-01-04 20:52:00,22.93561625977464,54.98519557208005,1,23.552510909149227,20,3,0,normal
2026-01-04 20:53:00,22.752795095498495,59.891026847727424,0,16.281380248688023,20,2,0,normal
2026-01-04 20:54:00,19.120446551306532,54.51501850877713,0,33.785162512759314,20,3,0,normal
2026-01-04 20:55:00,13.25596846519606,58.60651641716877,0,8.609791696549832,20,1,0,normal
2026-01-04 20:56:00,20.9911417100334,51.171165708439844,1,27.26797417216289,20,1,0,normal
2026-01-04 20:57:00,26.160276711544956,54.06382014061162,1,19.20023295313868,20,3,0,normal
2026-01-04 20:58:00,16.91093772743506,51.61405154334426,0,30.349105573910727,20,1,0,normal
2026-01-04 20:59:00,25.094093418829747,40.87112291646082,0,30.53302442549633,20,1,0,normal
2026-01-04 21:00:00,36.401610545865786,49.30062852177996,0,17.987056193651867,21,1,0,normal
2026-01-04 21:01:00,31.138339331513436,54.10391859892516,0,19.64252392455757,21,1,0,normal
2026-01-04 21:02:00,34.861249054723174,51.658236793281965,0,27.269937449709992,21,1,0,normal
2026-01-04 21:03:00,27.34676726159636,27.833418383700245,0,24.175685638568023,21,1,0,normal
2026-01-04 21:04:00,32.005058937918676,29.82519997087386,0,19.061543782885636,21,1,0,normal
2026-01-04 21:05:00,20.656211617193275,66.24262150874587,1,13.332878488938153,21,2,0,normal
2026-01-04 21:06:00,21.133958397868096,45.395089311748976,0,22.922590214657745,21,1,0,normal
2026-01-04 21:07:00,8.565158763175162,58.77088020553911,1,11.111261455940445,21,1,0,normal
2026-01-04 21:08:00,32.11687284425379,33.61820135416406,0,25.185939311179574,21,1,0,normal
2026-01-04 21:09:00,34.241943878919315,27.90281185030205,1,28.884650442049956,21,2,0,normal
2026-01-04 21:10:00,21.68093652791638,37.3460508120243,1,13.390335514674675,21,2,0,normal
2026-01-04 21:11:00,23.476289761616588,46.6615239384288,0,16.66202872137868,21,1,0,normal
2026-01-04 21:12:00,20.47682731785423,40.02289551073382,0,14.955030990795674,21,2,0,normal
2026-01-04 21:13:00,27.295921308864948,69.40900284658571,1,28.431094905011,21,2,0,normal
2026-01-04 21:14:00,31.749595271819445,52.69284952306192,0,20.437662216249546,21,1,0,normal
2026-01-04 21:15:00,14.543368156713754,77.73407927842788,2,17.071719625580556,21,2,0,normal
2026-01-04 21:16:00,27.456631183853514,56.06612231107126,0,25.18026521426361,21,1,0,normal
2026-01-04 21:17:00,23.33996936968513,13.811737731202832,0,16.153998686728322,21,1,0,normal
2026-01-04 21:18:00,25.680366351800135,65.84062409687832,1,18.36984073792186,21,1,0,normal
2026-01-04 21:19:00,27.753964010045745,27.35672566295068,0,11.08039254546373,21,1,0,normal
2026-01-04 21:20:00,23.870785367363073,53.45800500817009,0,26.709177786655534,21,2,0,normal
2026-01-04 21:21:00,24.378478879565318,38.37973913504233,1,11.264350162548531,21,3,0,normal
2026-01-04 21:22:00,23.716748994672166,82.1406655169628,0,31.463535017111447,21,1,0,normal
2026-01-04 21:23:00,30.821897210729688,71.59396891145204,0,21.91188748538139,21,1,0,normal
2026-01-04 21:24:00,27.51255976076498,38.87269037447363,0,18.746273263422495,21,1,0,normal
2026-01-04 21:25:00,26.323501226424163,48.08963497818333,1,19.895215257476966,21,1,0,normal
2026-01-04 21:26:00,17.374289673446306,53.668971044738264,0,33.67961520681934,21,1,0,normal
2026-01-04 21:27:00,22.728521540721076,62.951211073424155,0,9.230731801991316,21,1,0,normal
2026-01-04 21:28:00,30.392014962035045,50.43727868487519,0,9.823573044062805,21,2,0,normal
2026-01-04 21:29:00,25.226179438743536,34.626576509287,1,27.675124213089678,21,1,0,normal
2026-01-04 21:30:00,28.95718881753483,39.236620411999205,30,12.629189340969372,3,1,1,brute_force_login
2026-01-04 21:31:00,35.5990708019658,49.93277305434813,0,14.08639792585861,21,1,0,normal
2026-01-04 21:32:00,31.2316364152529,68.51685468147036,0,16.455387176379535,21,1,0,normal
2026-01-04 21:33:00,25.558950026198453,56.41756790804066,1,29.003775695234054,21,1,0,normal
2026-01-04 21:34:00,21.93406497882564,38.39877610077476,1,26.476369953044028,21,1,0,normal
2026-01-04 21:35:00,9.67870242366461,59.725591665646846,2,18.870558927179175,21,1,0,normal
2026-01-04 21:36:00,23.989690465162884,44.195227416827606,1,23.204126650442838,21,1,0,normal
2026-01-04 21:37:00,23.043925025098904,63.356120077802615,0,23.010644453564172,21,1,0,normal
2026-01-04 21:38:00,27.342197166372255,87.90515627492908,0,11.979797974693819,21,1,0,normal
2026-01-04 21:39:00,24.076568638151876,44.61760443584676,0,12.524006605104425,21,2,0,normal
2026-01-04 21:40:00,23.077689643379234,62.02407739589556,0,3.7064454637717823,21,1,0,normal
2026-01-04 21:41:00,14.323606416956675,38.81910001943405,0,31.924787932119955,21,1,0,normal
2026-01-04 21:42:00,19.3601930250996,48.31604349213054,0,14.63929105304188,21,2,0,normal
2026-01-04 21:43:00,27.859906244803344,50.44343430308152,0,20.108711212234358,21,1,0,normal
2026-01-04 21:44:00,35.295445786796165,47.09474509933429,0,24.31126620633347,21,1,0,normal
2026-01-04 21:45:00,24.41484769752626,86.94520533162536,0,12.229855808773024,21,1,0,normal
2026-01-04 21:46:00,26.96686644144474,45.40110387982426,0,13.219232360608853,21,2,0,normal
2026-01-04 21:47:00,30.71486894171683,58.80277308177302,0,12.632626407405459,21,1,0,normal
2026-01-04 21:48:00,20.1346363827985,21.048696960148515,1,0.0,21,2,0,normal
2026-01-04 21:49:00,27.20088425971265,56.47994845054416,0,19.478887810967695,21,1,0,normal
2026-01-04 21:50:00,90.04324776520069,67.1308188852837,0,38.697279659450054,21,1,1,crypto_mining
2026-01-04 21:51:00,30.18894663094607,42.086039861314234,0,15.764480108695615,21,3,0,normal
2026-01-04 21:52:00,25.908418287710397,12.34666788439381,0,15.983002202435433,21,2,0,normal
2026-01-04 21:53:00,26.79071088388864,49.42022346759013,0,17.041501341471843,21,1,0,normal
2026-01-04 21:54:00,20.304408415488467,50.25775775578292,0,22.492875534560227,21,1,0,normal
2026-01-04 21:55:00,29.24219415766471,60.86112576116456,0,27.051567458197276,21,1,0,normal
2026-01-04 21:56:00,37.5082775273861,80.1635455312015,0,13.324126889848632,21,1,0,normal
2026-01-04 21:57:00,18.952529827430762,44.2991952409954,0,23.70059718979334,21,1,0,normal
2026-01-04 21:58:00,22.961445954114858,37.15567814509579,0,19.314023161934557,21,2,0,normal
2026-01-04 21:59:00,26.38964484500855,32.496232979428356,0,22.391032035766163,21,1,0,normal
2026-01-04 22:00:00,29.7184372719749,52.97117925547399,0,23.610332336261063,22,2,0,normal
2026-01-04 22:01:00,21.642722288263187,57.19031388227753,0,12.201577731364921,22,1,0,normal
2026-01-04 22:02:00,8.001818259143562,41.815169084561234,0,15.791386830314607,22,1,0,normal
2026-01-04 22:03:00,33.15513696498415,61.68024118588684,1,23.69888634065272,22,1,0,normal
2026-01-04 22:04:00,29.563036717504858,56.980761152287634,0,18.878523079021065,22,1,0,normal
2026-01-04 22:05:00,14.54231481708001,50.64847534467336,0,26.337908065032742,22,1,0,normal
2026-01-04 22:06:00,21.354587249322663,36.46377918883812,0,18.22084712450487,22,1,0,normal
2026-01-04 22:07:00,34.409094577163955,42.77203526772915,0,28.083823367090332,22,3,0,normal
2026-01-04 22:08:00,33.686778510747196,13.553670534761828,0,4.299265300570529,22,1,0,normal
2026-01-04 22:09:00,30.63184013607367,53.536805962970504,0,22.586757061833637,22,2,0,normal
2026-01-04 22:10:00,23.943325396240823,50.395119331211525,0,9.682745382093533,22,2,0,normal
2026-01-04 22:11:00,25.49792451287506,52.82718486634229,0,28.97098520754969,22,1,0,normal
2026-01-04 22:12:00,24.21444516924324,57.564785233468406,0,18.80512045961888,22,1,0,normal
2026-01-04 22:13:00,31.769438699613026,55.787322296483346,0,17.27596915620653,22,1,0,normal
2026-01-04 22:14:00,19.74494556102934,48.34425229030947,1,13.390258079699535,22,1,0,normal
2026-01-04 22:15:00,20.16520207069477,50.730020647441286,0,25.309559533198822,22,1,0,normal
2026-01-04 22:16:00,31.061647521016095,28.935253749557457,0,24.54514428882628,22,1,0,normal
2026-01-04 22:17:00,24.73383126693063,41.24419031465861,0,17.7477675703778,22,3,0,normal
2026-01-04 22:18:00,33.270804132722844,50.75706580525192,0,25.323473416860224,22,1,0,normal
2026-01-04 22:19:00,20.970926758116725,38.96219636131459,0,21.76497906325322,22,4,0,normal
2026-01-04 22:20:00,24.67132983796705,62.902261938088195,0,20.687686665034327,22,2,0,normal
2026-01-04 22:21:00,19.465522090936282,40.12051878567454,1,26.263020121374154,22,1,0,normal
2026-01-04 22:22:00,25.044176088541402,53.24458116872474,0,34.490783909895065,22,1,0,normal
2026-01-04 22:23:00,16.128718378007207,51.748484852230035,1,22.255152919942258,22,1,0,normal
2026-01-04 22:24:00,22.074199474270223,61.19416390415614,0,22.26747907129717,22,1,0,normal
2026-01-04 22:25:00,16.382476810431292,63.51186761042453,1,27.348890094002954,22,1,0,normal
2026-01-04 22:26:00,29.16353939914755,60.41048916451909,0,12.380264203140653,22,1,0,normal
2026-01-04 22:27:00,29.29953603855791,18.409906979252998,1,18.535383158594623,22,2,0,normal
2026-01-04 22:28:00,14.61842361709393,67.9122222201969,0,16.911319674363142,22,1,0,normal
2026-01-04 22:29:00,33.003314473003435,72.90962336291896,0,22.403173135295305,22,1,0,normal
2026-01-04 22:30:00,39.98449075851912,42.76813573517796,0,21.735521135439686,22,2,0,normal
2026-01-04 22:31:00,25.276038320418046,53.54970369009275,1,34.06852280107777,22,1,0,normal
2026-01-04 22:32:00,21.15331443865213,36.63752479803827,2,31.993497389763185,22,2,0,normal
2026-01-04 22:33:00,41.945983546018276,20.77432239901773,0,7.8814910023903675,22,1,0,normal
2026-01-04 22:34:00,17.086189010184935,38.9192710168642,0,22.858142173288368,22,1,0,normal
2026-01-04 22:35:00,25.12063880121459,41.89791440804585,0,25.665518693782374,22,1,0,normal
2026-01-04 22:36:00,26.07773363579154,44.67723902972277,0,20.67241078170622,22,1,0,normal
2026-01-04 22:37:00,33.070885722714486,35.61628864991018,0,15.872109670576556,22,1,0,normal
2026-01-04 22:38:00,27.15843385076073,38.998622497741415,0,31.029723622928806,22,2,0,normal
2026-01-04 22:39:00,22.008196625269292,49.83490517557389,0,22.64127331706291,22,1,0,normal
2026-01-04 22:40:00,19.292893777672262,38.446595253347866,0,11.652649228915228,22,3,0,normal
2026-01-04 22:41:00,22.949069078523188,58.152864988250414,1,27.808178153701594,22,1,0,normal
2026-01-04 22:42:00,18.958435834329137,60.22490977096159,0,23.741935871674134,22,1,0,normal
2026-01-04 22:43:00,25.286951918708098,85.70581619246735,0,14.850705611231984,22,1,0,normal
2026-01-04 22:44:00,21.61482292083708,66.88519898185193,2,13.892268952094938,22,2,0,normal
2026-01-04 22:45:00,16.0357732402615,53.64654587492622,0,13.630953946694085,22,1,0,normal
2026-01-04 22:46:00,32.53087473024942,40.69603554998482,1,29.470016404008643,22,1,0,normal
2026-01-04 22:47:00,22.013964859425762,54.406210275109984,0,24.715745269436336,22,1,0,normal
2026-01-04 22:48:00,17.391179170148124,54.89893939874534,0,27.649829923994528,22,1,0,normal
2026-01-04 22:49:00,23.990445193074752,42.300303664915084,0,21.635984591348688,22,1,0,normal
2026-01-04 22:50:00,25.410229395805953,61.755970951293165,0,14.54758878837179,22,1,0,normal
2026-01-04 22:51:00,14.521199646525798,29.02852977977187,0,13.645308363448054,22,1,0,normal
2026-01-04 22:52:00,26.989886002754577,46.33400246693734,0,28.585189502152918,22,1,0,normal
2026-01-04 22:53:00,18.717054587858414,58.337876889761105,0,23.569831609319426,22,1,0,normal
2026-01-04 22:54:00,35.266172855144724,45.68623778611855,0,17.87445218618783,22,1,0,normal
2026-01-04 22:55:00,28.14376307246041,46.89868394856093,0,20.17083535150205,22,1,0,normal
2026-01-04 22:56:00,22.6006000593441,47.933212082115794,0,27.984701168318974,22,2,0,normal
2026-01-04 22:57:00,20.528993378095898,37.46598138968382,0,24.505475631742016,22,1,0,normal
2026-01-04 22:58:00,24.370193754618256,67.60851397361313,0,19.261848618643842,22,1,0,normal
2026-01-04 22:59:00,28.676744449499736,34.729434921157775,0,19.63000454366104,22,4,0,normal
2026-01-04 23:00:00,24.847035228488803,54.77238991114828,0,15.275913779412182,23,3,0,normal
2026-01-04 23:01:00,23.69704715717886,56.204718474235605,0,20.18523022687988,23,2,0,normal
2026-01-04 23:02:00,25.350221744907373,35.7706714818655,0,17.697162789820318,23,1,0,normal
2026-01-04 23:03:00,21.37684641257827,51.09656381571115,0,19.598907249208416,23,2,0,normal
2026-01-04 23:04:00,22.940764438941773,36.35551740882947,0,15.667498892591023,23,2,0,normal
2026-01-04 23:05:00,12.485245366569977,70.86563712583919,0,9.282170745809177,23,1,0,normal
2026-01-04 23:06:00,30.842357385114205,32.918255945356805,0,27.63039631897503,23,3,0,normal
2026-01-04 23:07:00,26.792786681930572,40.19154358652054,0,24.58495920919208,23,2,0,normal
2026-01-04 23:08:00,20.35926493579942,31.636624874666293,1,17.87622258024741,23,1,0,normal
2026-01-04 23:09:00,36.39240988813143,29.634519096986722,1,17.425514831434317,23,1,0,normal
2026-01-04 23:10:00,25.52209888235432,73.8682293632344,0,8.890031508719794,23,1,0,normal
2026-01-04 23:11:00,18.78313856814882,58.14162010868843,1,28.52702597896075,23,1,0,normal
2026-01-04 23:12:00,30.14042452882275,52.10440138550816,0,30.031599371762965,23,1,0,normal
2026-01-04 23:13:00,27.388289299055575,40.151345549796176,0,19.29609405531586,23,1,0,normal
2026-01-04 23:14:00,27.367479912905317,63.61417716570153,1,22.614257169484713,23,1,0,normal
2026-01-04 23:15:00,22.445466372090458,37.63666340948821,0,12.090387443429918,23,1,0,normal
2026-01-04 23:16:00,27.70297434266821,61.904589414951545,0,20.684789394222594,23,3,0,normal
2026-01-04 23:17:00,23.429450258673434,36.91233085091545,0,14.49598754199685,23,3,0,normal
2026-01-04 23:18:00,28.335648709875052,40.33238447186492,1,14.523710858836067,23,3,0,normal
2026-01-04 23:19:00,13.570333275936168,61.37423579176882,0,17.691223564159042,23,1,0,normal
2026-01-04 23:20:00,22.396759222124864,62.95741016233651,0,16.605699092155895,23,1,0,normal
2026-01-04 23:21:00,98.72514015473168,58.962094008451416,1,18.973869476571767,23,1,1,crypto_mining
2026-01-04 23:22:00,20.3975952675982,34.25488826364808,1,28.453170645787054,23,1,0,normal
2026-01-04 23:23:00,21.37697021504088,43.29909701415757,0,3.1042537985139944,23,1,0,normal
2026-01-04 23:24:00,22.31223196930015,52.3534811179777,1,15.73384299414515,23,3,0,normal
2026-01-04 23:25:00,17.71116318466814,37.26078557134863,1,25.054084695346617,23,1,0,normal
2026-01-04 23:26:00,11.750315342630486,70.5644414019394,0,21.557746598030935,23,1,0,normal
2026-01-04 23:27:00,23.616481608858322,13.970795840741815,0,13.761963771136015,23,1,0,normal
2026-01-04 23:28:00,25.81515654448994,38.318907269462706,0,36.84160871451077,23,1,0,normal
2026-01-04 23:29:00,24.684969588768087,42.356502456952526,0,41.57076298926948,23,2,0,normal
2026-01-04 23:30:00,24.130728628312678,7.340845028423487,0,19.875951154962365,23,1,0,normal
2026-01-04 23:31:00,25.258245225102325,29.056563046457136,0,12.068476029799562,23,1,0,normal
2026-01-04 23:32:00,31.137048829304582,59.379342688131025,3,17.991060266614223,23,5,0,normal
2026-01-04 23:33:00,23.8573228844247,50.45425454829446,0,10.981439543873384,23,1,0,normal
2026-01-04 23:34:00,21.55550453747638,73.59704033064354,0,23.205170802282844,23,3,0,normal
2026-01-04 23:35:00,23.31324709067148,73.17839668827229,0,24.604485766300648,23,2,0,normal
2026-01-04 23:36:00,28.476080558540655,56.4956956790592,2,27.88258330147116,23,1,0,normal
2026-01-04 23:37:00,33.472161271259495,54.698573735010676,1,23.195374474276864,23,1,0,normal
2026-01-04 23:38:00,21.23113756498493,50.98896662868351,0,21.830076059154727,23,1,0,normal
2026-01-04 23:39:00,25.5936027221733,10.173769731807653,1,11.939613276405073,23,1,0,normal
2026-01-04 23:40:00,27.030144651615757,29.08160730010887,0,10.220122287532693,23,1,0,normal
2026-01-04 23:41:00,19.04453195962706,51.51013254648401,0,3.8338149482159594,23,1,0,normal
2026-01-04 23:42:00,25.122503003277508,59.24038563121508,0,20.647070955385317,23,1,0,normal
2026-01-04 23:43:00,16.205956855947427,54.34504718207211,0,26.906140705001544,23,1,0,normal
2026-01-04 23:44:00,14.385698177563608,36.61302548426514,0,29.21340629731285,23,1,0,normal
2026-01-04 23:45:00,27.200478447353543,64.06109423704244,0,26.70085514087708,23,1,0,normal
2026-01-04 23:46:00,22.696751552015304,72.23666043131955,0,17.062403205303564,23,1,0,normal
2026-01-04 23:47:00,26.213682445727315,64.0698440043701,0,34.87321773485036,23,1,0,normal
2026-01-04 23:48:00,98.45383241229922,64.84398994385705,1,12.409643807359068,23,3,1,crypto_mining
2026-01-04 23:49:00,19.141599708017218,41.61161303067183,0,12.03601662304757,23,1,0,normal
2026-01-04 23:50:00,24.72847418821398,66.13901184051198,0,26.13363690189474,23,1,0,normal
2026-01-04 23:51:00,17.60139216991087,52.18637958991486,1,31.249918126148515,23,1,0,normal
2026-01-04 23:52:00,33.34583414800841,57.673332927830074,1,34.34119255904733,23,2,0,normal
2026-01-04 23:53:00,16.864177930840217,55.481477642370635,0,27.97685306366934,23,1,0,normal
2026-01-04 23:54:00,23.825288374188514,48.17769341839384,1,25.876801495744065,23,1,0,normal
2026-01-04 23:55:00,18.74637047171651,37.099962873165474,0,26.502610178814415,23,1,0,normal
2026-01-04 23:56:00,28.422527040164773,48.76795004668931,0,17.775037966537617,23,2,0,normal
2026-01-04 23:57:00,23.011411772310982,64.80142426224234,0,13.589761369608269,23,1,0,normal
2026-01-04 23:58:00,21.88799968227274,43.377862920306356,0,22.19765490186726,23,1,0,normal
2026-01-04 23:59:00,30.119209270309327,63.400208939122194,0,6.434703813443491,23,1,0,normal
2026-01-05 00:00:00,25.176583550065313,61.05606005926508,0,17.533322163782213,0,1,0,normal
2026-01-05 00:01:00,28.099866675615804,45.51593904470255,0,15.75424800315372,0,1,0,normal
2026-01-05 00:02:00,19.112044380895213,70.83200155429365,1,24.666173277251914,0,3,0,normal
2026-01-05 00:03:00,16.571098336434957,44.66679993213941,0,21.76104642982825,0,1,0,normal
2026-01-05 00:04:00,25.6432477722408,72.64320293918948,0,31.89177056579978,0,1,0,normal
2026-01-05 00:05:00,23.086921867031613,56.51190472311459,0,26.57828675092956,0,2,0,normal
2026-01-05 00:06:00,28.758608034723665,49.7620112231973,0,14.88707034355576,0,1,0,normal
2026-01-05 00:07:00,24.520549284024703,36.682979294935194,1,25.380090632384892,0,2,0,normal
2026-01-05 00:08:00,26.23045203540778,48.67609654797438,0,6.181882022206105,0,2,0,normal
2026-01-05 00:09:00,15.259704820352539,46.943607297583696,0,25.85916900444068,0,2,0,normal
2026-01-05 00:10:00,36.33062163768554,31.125554221236417,0,14.030664511915685,0,1,0,normal
2026-01-05 00:11:00,24.01454808980781,46.73576865923499,27,15.137774949409287,4,1,1,brute_force_login
2026-01-05 00:12:00,29.185521822035195,37.942952298543716,0,30.74380510461805,0,1,0,normal
2026-01-05 00:13:00,19.98344997868224,58.789876534681724,0,230.4386686568958,0,11,1,credential_stuffing
2026-01-05 00:14:00,26.848059413304046,69.59420713592304,0,18.455191261863018,0,1,0,normal
2026-01-05 00:15:00,17.182931418851528,31.59626485557139,0,28.13112657183585,0,1,0,normal
2026-01-05 00:16:00,27.712407029558026,75.68461592550383,1,31.786117646530137,0,1,0,normal
2026-01-05 00:17:00,22.864155493685004,48.07173448422306,0,12.002284380026754,0,1,0,normal
2026-01-05 00:18:00,25.175143023613405,35.374679225922286,0,14.290016491932072,0,2,0,normal
2026-01-05 00:19:00,29.187844180780587,61.36632170312275,0,26.489550602453793,0,3,0,normal
2026-01-05 00:20:00,17.60475813267832,43.30318282617428,0,22.45274424086062,0,1,0,normal
2026-01-05 00:21:00,20.893049616323218,48.77394985952759,0,5.110985401785706,0,1,0,normal
2026-01-05 00:22:00,27.743945686520593,43.93582633681881,0,34.26147615806904,0,2,0,normal
2026-01-05 00:23:00,37.589328847280484,37.7489310220265,0,16.145823781012876,0,1,0,normal
2026-01-05 00:24:00,24.171505992031108,60.859955486028554,1,11.96058144745693,0,1,0,normal
2026-01-05 00:25:00,28.546816707543595,45.70547895658719,0,20.092833771204244,0,2,0,normal
2026-01-05 00:26:00,24.35817118084912,28.45022311731131,0,27.21665327284564,0,1,0,normal
2026-01-05 00:27:00,36.6534735685378,58.265901863238994,0,29.077315974888954,0,1,0,normal
2026-01-05 00:28:00,14.516669998208467,31.91626473464367,0,20.457350040723203,0,1,0,normal
2026-01-05 00:29:00,25.56772626801615,32.701097409871124,0,40.28663015856719,0,3,0,normal
2026-01-05 00:30:00,15.246735798627634,67.88909307465974,0,42.58449624503619,0,1,0,normal
2026-01-05 00:31:00,9.9605705767797,32.05490151184682,0,23.58375404113996,0,1,0,normal
2026-01-05 00:32:00,26.7847723187069,15.253327146087642,0,19.503363292909167,0,1,0,normal
2026-01-05 00:33:00,25.836986776884753,59.342922274422435,0,17.30537349653529,0,4,0,normal
2026-01-05 00:34:00,23.290978373546793,45.442048557783046,1,18.77765600457024,0,1,0,normal
2026-01-05 00:35:00,24.36283545976148,46.73517318292826,0,31.96078171612472,0,1,0,normal
2026-01-05 00:36:00,43.58979660442755,45.282494099747,0,22.686412658561864,0,1,0,normal
2026-01-05 00:37:00,23.450949171811395,53.4750490852809,0,26.962432421624662,0,1,0,normal
2026-01-05 00:38:00,28.060746167500447,38.70921137145398,0,25.551072715128086,0,1,0,normal
2026-01-05 00:39:00,21.103811082316714,72.14172311848647,0,24.8510856162719,0,3,0,normal
2026-01-05 00:40:00,26.77139545024362,27.856542795359022,0,28.712527845901505,0,2,0,normal
2026-01-05 00:41:00,23.570597949666293,56.67312375015685,0,26.62050582732721,0,1,0,normal
2026-01-05 00:42:00,22.53688910362162,59.63181505814876,2,23.81340614257207,0,3,0,normal
2026-01-05 00:43:00,35.913391193201946,38.60522358749933,1,34.7590782509526,0,3,0,normal
2026-01-05 00:44:00,32.063109779106036,34.643983320832724,0,9.44563546088351,0,1,0,normal
2026-01-05 00:45:00,25.820479884395382,65.25761321255234,0,22.264362190070415,0,1,0,normal
2026-01-05 00:46:00,11.174728384336198,35.13708868974928,1,15.779005905643423,0,1,0,normal
2026-01-05 00:47:00,22.833944660484583,40.9000408887415,0,27.357070731307907,0,1,0,normal
2026-01-05 00:48:00,41.2181653864305,63.3096344368962,0,6.926327068766435,0,2,0,normal
2026-01-05 00:49:00,23.61603000016175,50.52111850308536,0,21.86545828093734,0,3,0,normal
2026-01-05 00:50:00,31.619305432321948,23.04284498556343,0,23.85901088471101,0,1,0,normal
2026-01-05 00:51:00,33.651654411715604,76.20588716830271,0,29.783667974378318,0,1,0,normal
2026-01-05 00:52:00,26.31378349513585,42.04983861830051,1,16.61774262939668,0,3,0,normal
2026-01-05 00:53:00,19.949070208791085,43.95864065140374,1,42.32185119824908,0,1,0,normal
2026-01-05 00:54:00,10.38812600930267,53.83676378489548,1,15.30900668849467,0,2,0,normal
2026-01-05 00:55:00,29.104979251653727,59.37615195506109,0,10.89428572683182,0,1,0,normal
2026-01-05 00:56:00,20.111463983058712,79.416564369372,0,24.846336776427556,0,2,0,normal
2026-01-05 00:57:00,26.056902711326153,25.098977758914554,0,18.979583001814934,0,4,0,normal
2026-01-05 00:58:00,17.501077962463818,62.38928313388919,1,34.73083140847997,0,1,0,normal
2026-01-05 00:59:00,23.408574757178787,61.145145410751155,0,7.281332885897761,0,2,0,normal
2026-01-05 01:00:00,25.20231432940632,47.94252633688825,0,20.285493591340234,1,1,0,normal
2026-01-05 01:01:00,26.61156148626579,61.809105422243334,0,26.544927280685695,1,1,0,normal
2026-01-05 01:02:00,18.311066875885516,64.01411026454821,0,14.667122614223782,1,1,0,normal
2026-01-05 01:03:00,32.18146569256811,29.270558225194932,0,8.860875039059971,1,1,0,normal
2026-01-05 01:04:00,21.418631291608172,76.24649758821245,0,209.9265625143986,1,16,1,credential_stuffing
2026-01-05 01:05:00,14.953183237280529,26.618566202927873,0,13.284619261031732,1,1,0,normal
2026-01-05 01:06:00,24.345859480219218,32.9702557814184,1,28.350701516669652,1,1,0,normal
2026-01-05 01:07:00,25.20625185415876,46.073184895638555,0,12.60695019300358,1,1,0,normal
2026-01-05 01:08:00,25.963536599030558,78.87410769780584,0,17.448834136064725,1,2,0,normal
2026-01-05 01:09:00,33.17279442211048,45.376150553699205,0,26.057713435305452,1,1,0,normal
2026-01-05 01:10:00,23.581306979584845,49.52099164923784,0,22.831321491190547,1,1,0,normal
2026-01-05 01:11:00,24.282282253787372,71.48117905856844,0,12.548291896934238,1,2,0,normal
2026-01-05 01:12:00,18.38089371260144,45.49522786151791,1,24.244681137371554,1,1,0,normal
2026-01-05 01:13:00,91.84691262585766,32.32344930603986,0,2.621505551424015,1,1,1,crypto_mining
2026-01-05 01:14:00,26.10585438446862,43.741477471425284,0,10.397503993689527,1,3,0,normal
2026-01-05 01:15:00,22.479833636235025,70.56187750708666,0,33.96451394215942,1,1,0,normal
2026-01-05 01:16:00,13.571951839207218,51.062974955827045,2,18.64241948643014,1,1,0,normal
2026-01-05 01:17:00,33.666473170330526,78.9598738858439,0,25.74343702466829,1,1,0,normal
2026-01-05 01:18:00,17.633920213263657,61.069023893932325,0,25.5115410967957,1,1,0,normal
2026-01-05 01:19:00,21.452331943781765,40.327865954097746,0,17.247258175701443,1,1,0,normal
2026-01-05 01:20:00,27.150067066456018,50.76614456697617,0,20.93847467936816,1,1,0,normal
2026-01-05 01:21:00,17.82065242829988,37.20172822787181,0,10.618467278723246,1,1,0,normal
2026-01-05 01:22:00,16.038941330481137,39.97350454026845,0,21.039084997314877,1,3,0,normal
2026-01-05 01:23:00,12.25631450379601,117.18626376538636,0,16.07611296491205,1,1,0,normal
2026-01-05 01:24:00,29.325981717433816,65.27936765050717,0,36.73402749114119,1,1,0,normal
2026-01-05 01:25:00,21.728882531642068,62.916469835100095,0,14.390383199442574,1,2,0,normal
2026-01-05 01:26:00,42.56362055483998,40.65229527037904,0,24.106720111449086,1,1,0,normal
2026-01-05 01:27:00,19.033869606214758,73.54376099421619,0,17.811660991299355,1,2,0,normal
2026-01-05 01:28:00,19.471293859426474,66.49123402689406,0,26.507397858564065,1,1,0,normal
2026-01-05 01:29:00,21.60764217828759,78.22431934036656,0,9.14748670537807,1,1,0,normal
2026-01-05 01:30:00,26.458807930830936,77.49671222597674,0,18.943844475738157,1,1,0,normal
2026-01-05 01:31:00,22.178779967288133,27.813660678537172,0,24.739216091741582,1,1,0,normal
2026-01-05 01:32:00,28.673993284015072,33.35240766095139,0,21.88226459244738,1,1,0,normal
2026-01-05 01:33:00,19.128469660068074,34.94318276804545,0,23.96603389663945,1,2,0,normal
2026-01-05 01:34:00,16.710449689218514,35.840890350013446,0,13.366403214053381,1,1,0,normal
2026-01-05 01:35:00,14.210711563545356,54.851785463905856,0,17.227641701540513,1,3,0,normal
2026-01-05 01:36:00,11.65855499237682,41.49794821856273,16,19.84913454436633,4,1,1,brute_force_login
2026-01-05 01:37:00,21.89158588314966,81.08897811143777,1,26.239076222665357,1,1,0,normal
2026-01-05 01:38:00,23.194118125640667,78.57019823122457,0,31.175011874844238,1,3,0,normal
2026-01-05 01:39:00,21.2113778351009,49.9030760888144,0,5.13327482116542,1,1,0,normal
2026-01-05 01:40:00,32.46043478312297,79.32989324224685,0,17.443657876882032,1,1,0,normal
2026-01-05 01:41:00,32.368181257648814,72.32201940860303,0,14.728568589389424,1,2,0,normal
2026-01-05 01:42:00,22.99118207533299,43.23940161234112,1,13.813347661217794,1,1,0,normal
2026-01-05 01:43:00,14.236473320848223,19.861769839616578,0,22.13313450389409,1,1,0,normal
2026-01-05 01:44:00,21.599769351669682,46.73047422558906,1,20.26053480601431,1,1,0,normal
2026-01-05 01:45:00,21.401071636497633,40.3306680338229,0,11.024444947713295,1,1,0,normal
2026-01-05 01:46:00,21.057190226331652,53.09758437718746,0,10.632402070724664,1,1,0,normal
2026-01-05 01:47:00,20.81368657661053,51.338424303121236,1,23.694897787543677,1,2,0,normal
2026-01-05 01:48:00,21.079222625651155,50.94526488348843,1,11.267570256288742,1,1,0,normal
2026-01-05 01:49:00,22.68075030461344,57.85527112068747,2,14.441780997945173,1,1,0,normal
2026-01-05 01:50:00,21.18675340710666,31.812170793744823,0,27.387310314243962,1,1,0,normal
2026-01-05 01:51:00,26.249935051753553,56.17040416354562,0,21.3789778050456,1,1,0,normal
2026-01-05 01:52:00,27.162212295429168,43.40575770474491,1,32.381030715466935,1,1,0,normal
2026-01-05 01:53:00,19.53612947690506,52.999732997955306,0,19.144143969110086,1,1,0,normal
2026-01-05 01:54:00,32.6263919560422,64.36114767848285,0,37.863315979099816,1,1,0,normal
2026-01-05 01:55:00,19.119626188956314,31.634003401684556,1,18.5302573709576,1,1,0,normal
2026-01-05 01:56:00,15.293196317107977,45.78059520995646,0,29.58241802911767,1,1,0,normal
2026-01-05 01:57:00,27.28466842819031,48.22198648956704,0,13.280705286358248,1,1,0,normal
2026-01-05 01:58:00,20.095551193513963,42.285965426440384,0,14.798674088575877,1,1,0,normal
2026-01-05 01:59:00,26.927748824544327,63.49744244199436,2,33.534001803798255,1,1,0,normal
2026-01-05 02:00:00,10.577988393396819,39.19417461799293,0,14.43762129958904,2,3,0,normal
2026-01-05 02:01:00,33.354735648898405,41.66899400836492,1,18.261131757836193,2,1,0,normal
2026-01-05 02:02:00,29.03376044824241,39.35121300571903,0,14.708388353864784,2,1,0,normal
2026-01-05 02:03:00,15.997140705021991,66.38083117158203,0,28.99504589743541,2,2,0,normal
2026-01-05 02:04:00,16.127337256922285,42.61333831381675,0,10.325763477529796,2,2,0,normal
2026-01-05 02:05:00,35.033595424585165,56.90068086325334,1,30.45998836842817,2,1,0,normal
2026-01-05 02:06:00,20.57572057901225,79.63557651845112,1,21.957765298967303,2,2,0,normal
2026-01-05 02:07:00,19.99489090760426,48.87772369474122,2,21.491656339946168,2,2,0,normal
2026-01-05 02:08:00,11.403687435104302,573.3236777221002,2,19.539687717760934,2,1,1,data_exfiltration
2026-01-05 02:09:00,22.895330766390675,75.07031126139692,0,30.00628271249853,2,3,0,normal
2026-01-05 02:10:00,23.633682310985485,65.4078734006062,0,18.246124364771568,2,3,0,normal
2026-01-05 02:11:00,29.29295858061691,49.7479802603339,0,14.312078708882598,2,3,0,normal
2026-01-05 02:12:00,16.60552943089315,59.6316163849792,0,24.163486624236796,2,1,0,normal
2026-01-05 02:13:00,15.878279246556342,30.689321102969817,0,19.31662419410296,2,1,0,normal
2026-01-05 02:14:00,27.70577580865886,38.29935262775072,0,35.68648553625487,2,1,0,normal
2026-01-05 02:15:00,31.04038042736239,40.92987227552121,0,27.29463976186142,2,2,0,normal
2026-01-05 02:16:00,15.573085893292701,83.60918180261423,1,22.77477282546282,2,3,0,normal
2026-01-05 02:17:00,31.489084517798446,37.81123228617099,0,31.473131475354315,2,2,0,normal
2026-01-05 02:18:00,25.225251048920928,37.587848731072555,0,8.393113939183364,2,2,0,normal
2026-01-05 02:19:00,31.550832034447872,34.34118529626525,0,24.488513569854554,2,3,0,normal
2026-01-05 02:20:00,24.5786778308943,58.397176428961416,1,20.816544014341257,2,1,0,normal
2026-01-05 02:21:00,9.866332495072298,52.13932089003324,0,18.372954803750208,2,1,0,normal
2026-01-05 02:22:00,24.088195706103768,66.30138465539846,0,17.752333534721732,2,1,0,normal
2026-01-05 02:23:00,31.36086291202762,60.06889499116031,0,28.90600606697422,2,1,0,normal
2026-01-05 02:24:00,19.637523885497714,29.29415229913899,0,5.1073957968739485,2,2,0,normal
2026-01-05 02:25:00,22.672210186555287,37.890833449844436,0,23.78000908787031,2,1,0,normal
2026-01-05 02:26:00,23.94319897869413,70.47993122413732,0,8.55650081024167,2,1,0,normal
2026-01-05 02:27:00,7.602916720789111,46.95052633134792,0,18.043179338758343,2,1,0,normal
2026-01-05 02:28:00,35.02808545262486,67.81387727027018,1,19.5975366125617,2,1,0,normal
2026-01-05 02:29:00,19.59174592061695,47.75478578127024,0,32.931773083103124,2,2,0,normal
2026-01-05 02:30:00,28.034412594836795,35.48515357567218,0,15.731543571958316,2,1,0,normal
2026-01-05 02:31:00,24.479793183110747,45.45108833499941,0,20.434825035229284,2,2,0,normal
2026-01-05 02:32:00,32.54571433815616,35.47925306675456,0,10.169586383571573,2,1,0,normal
2026-01-05 02:33:00,27.436336734568485,41.51670856396365,0,24.04657925333651,2,1,0,normal
2026-01-05 02:34:00,23.590454370874152,53.01388559847869,0,9.35177465509679,2,1,0,normal
2026-01-05 02:35:00,19.63890944488432,57.674076355535306,0,5.774760127665592,2,1,0,normal
2026-01-05 02:36:00,29.78710420829283,26.14713015118553,0,7.928596747176995,2,1,0,normal
2026-01-05 02:37:00,13.7593521762723,49.73947988736353,0,265.1299763385249,2,11,1,credential_stuffing
2026-01-05 02:38:00,28.875342521655355,41.200763966603716,36,18.129286276779606,2,1,1,brute_force_login
2026-01-05 02:39:00,18.405731490670764,40.27377786561782,0,29.077718226880442,2,1,0,normal
2026-01-05 02:40:00,32.51370197173984,51.99026928699615,1,32.17727485883147,2,2,0,normal
2026-01-05 02:41:00,25.96779725597617,41.74322190966182,0,31.984566692045156,2,3,0,normal
2026-01-05 02:42:00,28.864742607100652,70.7320699227001,0,29.20582750117912,2,1,0,normal
2026-01-05 02:43:00,25.491932882948316,67.82092814376591,0,36.6034308203055,2,1,0,normal
2026-01-05 02:44:00,14.48573742915402,67.72742440913059,0,23.642890184564514,2,1,0,normal
2026-01-05 02:45:00,19.83562501962797,42.57634706764547,1,23.759511198526983,2,1,0,normal
2026-01-05 02:46:00,29.034336025668296,35.56251747621017,0,34.61623196644502,2,2,0,normal
2026-01-05 02:47:00,25.999934904159065,51.23044894082173,0,11.085245664843608,2,1,0,normal
2026-01-05 02:48:00,32.085939431834035,47.74477450570599,0,27.518636678296343,2,2,0,normal
2026-01-05 02:49:00,27.41964737822303,40.86765256364953,0,19.622689325511324,2,1,0,normal
2026-01-05 02:50:00,19.19978865578404,32.36398329999558,0,30.665515883922943,2,3,0,normal
2026-01-05 02:51:00,20.223615173676194,49.37723046097893,0,29.45430818604376,2,3,0,normal
2026-01-05 02:52:00,25.617504343139423,43.9389582462129,0,18.685283796262627,2,3,0,normal
2026-01-05 02:53:00,11.115735603999369,60.32520555557029,1,10.361771339183603,2,2,0,normal
2026-01-05 02:54:00,35.04065131373791,59.97659077282219,0,30.796281928462953,2,1,0,normal
2026-01-05 02:55:00,27.650480418265342,66.51199708134075,0,16.21494386376428,2,2,0,normal
2026-01-05 02:56:00,32.36220758229324,31.110566721799426,0,20.96862081201347,2,1,0,normal
2026-01-05 02:57:00,15.516376355144986,56.01587461540449,0,11.04868332382929,2,2,0,normal
2026-01-05 02:58:00,32.46739096213153,39.08801440649492,1,17.115174798543862,2,2,0,normal
2026-01-05 02:59:00,38.38899346616649,31.69378683783373,0,28.13049248438471,2,1,0,normal
2026-01-05 03:00:00,17.074729867736096,43.57096644576935,1,23.08131892220721,3,1,0,normal
2026-01-05 03:01:00,29.6284107694226,66.03057470201927,0,13.989714536614102,3,1,0,normal
2026-01-05 03:02:00,25.00665966812376,44.415224696442735,0,4.969963912236599,3,1,0,normal
2026-01-05 03:03:00,15.733396910510535,73.48181989938668,0,25.505527097227066,3,1,0,normal
2026-01-05 03:04:00,27.95730383111122,58.233177732805004,1,16.677952174829464,3,1,0,normal
2026-01-05 03:05:00,30.00161922902409,44.088642815291344,0,21.398962818090055,3,3,0,normal
2026-01-05 03:06:00,21.393240683986917,67.40072643359613,0,18.90505193861867,3,2,0,normal
2026-01-05 03:07:00,31.99549912153134,56.68095158171428,0,16.596984253481974,3,2,0,normal
2026-01-05 03:08:00,14.999419559264814,36.01160917329942,0,24.95931243980695,3,1,0,normal
2026-01-05 03:09:00,16.031463121302135,77.88203953370773,1,13.052993757080479,3,1,0,normal
2026-01-05 03:10:00,25.819584373532514,53.89218234629715,0,21.196888078491167,3,3,0,normal
2026-01-05 03:11:00,25.15231166783363,50.28194287978238,0,23.317704493758324,3,1,0,normal
2026-01-05 03:12:00,20.70055906945537,37.167009951415764,1,30.780217529677202,3,1,0,normal
2026-01-05 03:13:00,29.857566615831317,67.69307401411606,0,20.417369520013676,3,1,0,normal
2026-01-05 03:14:00,28.185365885295695,57.7591314104196,0,10.464954760928887,3,1,0,normal
2026-01-05 03:15:00,30.148834425604097,565.5225997150485,1,25.39841866539176,3,1,1,data_exfiltration
2026-01-05 03:16:00,24.261181387886396,42.387029847113475,1,12.895237815526048,3,1,0,normal
2026-01-05 03:17:00,28.615481607870045,62.511508578651025,0,14.639218405036068,3,1,0,normal
2026-01-05 03:18:00,22.326098181820033,63.677203903562024,0,16.00104267728373,3,1,0,normal
2026-01-05 03:19:00,37.32291214051958,39.96832641828316,1,18.521835270695572,3,1,0,normal
2026-01-05 03:20:00,20.124725379268085,28.745147904785135,0,30.34242863091253,3,1,0,normal
2026-01-05 03:21:00,37.63178457674987,740.7791732340551,0,25.215647378439435,3,1,1,data_exfiltration
2026-01-05 03:22:00,25.20932768253645,26.399795755913903,0,11.199891712268316,3,1,0,normal
2026-01-05 03:23:00,16.74693466258754,52.28023666756669,34,32.1010632134752,1,1,1,brute_force_login
2026-01-05 03:24:00,33.208476102931606,43.291323428190395,0,28.48872499529071,3,2,0,normal
2026-01-05 03:25:00,25.755408330369754,68.27997816183381,0,23.33275074251639,3,1,0,normal
2026-01-05 03:26:00,30.10674459028143,44.10734163849189,0,1.46070420980897,3,1,0,normal
2026-01-05 03:27:00,32.34313551125556,66.60909458005706,0,13.247353522147,3,1,0,normal
2026-01-05 03:28:00,27.02773332487015,42.28685833455461,1,20.07230753423741,3,1,0,normal
2026-01-05 03:29:00,21.446554931123114,64.99986507589416,0,182.8164213276224,3,14,1,credential_stuffing
2026-01-05 03:30:00,30.8542802660155,80.90512315755248,0,30.603748559338328,3,2,0,normal
2026-01-05 03:31:00,25.004533044727573,33.979292924506396,0,12.276551962572658,3,2,0,normal
2026-01-05 03:32:00,29.115146911650513,54.38053582596362,0,6.557871527080037,3,1,0,normal
2026-01-05 03:33:00,12.077616557251233,91.23173623865097,0,18.540690271063387,3,1,0,normal
2026-01-05 03:34:00,27.68189030205911,50.99883240354382,0,21.123058712093016,3,1,0,normal
2026-01-05 03:35:00,21.16848504912982,50.926824053444726,0,10.070280529024183,3,1,0,normal
2026-01-05 03:36:00,34.91985782307118,61.8274842102653,0,13.032745289239577,3,1,0,normal
2026-01-05 03:37:00,28.73852408733457,50.61621296142131,0,36.92914859262078,3,1,0,normal
2026-01-05 03:38:00,26.43914647509578,24.391610081441712,0,17.007820863193903,3,1,0,normal
2026-01-05 03:39:00,27.917859960101328,66.98431062258408,0,17.593391177540127,3,1,0,normal
2026-01-05 03:40:00,19.00935488273969,19.955773792022107,0,42.6104478227699,3,1,0,normal
2026-01-05 03:41:00,34.73954014316833,43.74812523292487,0,17.290178287411997,3,1,0,normal
2026-01-05 03:42:00,36.948222510501424,68.11138623734972,0,11.909493409056136,3,1,0,normal
2026-01-05 03:43:00,27.3574810632893,44.651863570358216,0,14.326614982266028,3,1,0,normal
2026-01-05 03:44:00,34.542421411441836,39.59455261303394,1,22.332660217663317,3,1,0,normal
2026-01-05 03:45:00,21.585110807964796,63.18895857749841,0,16.200903933194965,3,1,0,normal
2026-01-05 03:46:00,20.217318602650117,37.2332781974842,0,18.95882653829252,3,2,0,normal
2026-01-05 03:47:00,25.245548492373537,800.9008982894675,0,19.65634756177515,3,1,1,data_exfiltration
2026-01-05 03:48:00,27.609646230207392,54.11770981239925,0,45.18292889059618,3,1,0,normal
2026-01-05 03:49:00,22.636079912541277,47.25615052381114,0,25.70116557806588,3,1,0,normal
2026-01-05 03:50:00,28.226609142210904,31.34490328716737,1,12.391557884082157,3,1,0,normal
2026-01-05 03:51:00,26.838336892440484,59.55428809992305,1,18.606361832182916,3,1,0,normal
2026-01-05 03:52:00,19.01015934825367,56.96731408365851,0,26.424274109551675,3,4,0,normal
2026-01-05 03:53:00,28.112758104710327,44.60367475091552,0,28.66282363341464,3,1,0,normal
2026-01-05 03:54:00,30.181169455129126,45.6300199081258,0,7.164696130311096,3,2,0,normal
2026-01-05 03:55:00,26.028815905542345,57.05589113013735,1,8.663107410138036,3,1,0,normal
2026-01-05 03:56:00,31.915888619570154,67.855421296281,0,23.759729835388974,3,2,0,normal
2026-01-05 03:57:00,17.695577239018288,45.75810184836013,0,14.89807002658254,3,1,0,normal
2026-01-05 03:58:00,27.80770253279111,59.82032739512216,0,13.774324277440819,3,1,0,normal
2026-01-05 03:59:00,17.97831576161935,58.47800325626899,0,21.496632132285313,3,1,0,normal
2026-01-05 04:00:00,18.315511850601474,63.189609390634644,0,26.32609234173653,4,1,0,normal
2026-01-05 04:01:00,21.21441499757326,50.58963798115198,0,18.088561750176947,4,1,0,normal
2026-01-05 04:02:00,19.34763889855453,36.31511728900463,1,4.45556873530658,4,2,0,normal
2026-01-05 04:03:00,21.712025087553172,43.06251270200046,0,15.771410541056628,4,1,0,normal
2026-01-05 04:04:00,23.715098135732866,55.14280198672472,0,10.716757843358176,4,1,0,normal
2026-01-05 04:05:00,30.022926917988308,77.2769656757239,1,24.493798860357796,4,2,0,normal
2026-01-05 04:06:00,23.073045767765784,42.739705652055825,1,36.40397592501014,4,2,0,normal
2026-01-05 04:07:00,15.486245759382443,62.07181165291099,0,22.30335080640018,4,1,0,normal
2026-01-05 04:08:00,31.840407078970962,45.0791532398486,0,23.528107617599517,4,2,0,normal
2026-01-05 04:09:00,19.977459198309763,51.657031338292036,1,26.50400653209324,4,1,0,normal
2026-01-05 04:10:00,24.647677437372227,72.73095123895388,0,30.7843699505157,4,1,0,normal
2026-01-05 04:11:00,27.67921904164427,61.4643887213065,0,15.345157942194398,4,1,0,normal
2026-01-05 04:12:00,26.1976625104167,31.380510908885647,0,19.576497913450805,4,1,0,normal
2026-01-05 04:13:00,31.56507728512885,41.41287464282614,0,27.587711496985058,4,1,0,normal
2026-01-05 04:14:00,27.874018860356554,68.84332016662039,1,12.466418991325778,4,2,0,normal
2026-01-05 04:15:00,19.832142521817353,52.12817063942743,1,7.927726044948971,4,3,0,normal
2026-01-05 04:16:00,38.071373043949976,32.76739820576205,0,16.27949257029261,4,1,0,normal
2026-01-05 04:17:00,26.1660007800294,37.71571332539419,0,30.051139272046687,4,1,0,normal
2026-01-05 04:18:00,24.115958640270964,60.552402840667575,0,21.124038978361867,4,1,0,normal
2026-01-05 04:19:00,30.783552538333424,64.91615421826445,1,16.26995933512472,4,1,0,normal
2026-01-05 04:20:00,26.496705675580433,50.26782952223262,1,28.125878680203993,4,2,0,normal
2026-01-05 04:21:00,27.39536915763596,87.12970701404154,0,24.427844142930354,4,2,0,normal
2026-01-05 04:22:00,39.953103991604124,62.36228545183458,0,13.784374119594263,4,1,0,normal
2026-01-05 04:23:00,23.34927143046972,46.34778395550649,0,18.48135616938689,4,1,0,normal
2026-01-05 04:24:00,23.093434635895626,37.76440927850984,0,11.806824602279656,4,1,0,normal
2026-01-05 04:25:00,25.699471072074783,35.37673543041438,0,21.14708587267981,4,2,0,normal
2026-01-05 04:26:00,31.429095613486233,55.03131980720554,1,25.090693010655198,4,1,0,normal
2026-01-05 04:27:00,15.960795818857605,42.6683443262989,0,0.3357889106695744,4,2,0,normal
2026-01-05 04:28:00,13.206664651140969,75.10615630975137,0,11.838607277716862,4,1,0,normal
2026-01-05 04:29:00,21.477308376279115,71.9946770437679,1,33.428765940346295,4,1,0,normal
2026-01-05 04:30:00,15.196462245644277,59.49599821245841,0,17.315649231893968,4,1,0,normal
2026-01-05 04:31:00,22.45101191484617,32.31505740564657,0,33.26969301201083,4,1,0,normal
2026-01-05 04:32:00,28.01499817677574,39.91671691171393,0,9.799522920065526,4,1,0,normal
2026-01-05 04:33:00,19.65550681868642,68.8351628861165,0,15.74564925281063,4,2,0,normal
2026-01-05 04:34:00,16.439040539311947,41.55400700307347,0,21.741244494579163,4,1,0,normal
2026-01-05 04:35:00,25.416022970292087,66.83212600879287,0,17.451284583491375,4,2,0,normal
2026-01-05 04:36:00,30.175260907691023,57.119058845521415,1,30.123607256421543,4,1,0,normal
2026-01-05 04:37:00,14.830159368900324,50.77576827219781,0,19.05320240333071,4,1,0,normal
2026-01-05 04:38:00,29.921394389835903,39.45750780596838,0,25.696693526585825,4,1,0,normal
2026-01-05 04:39:00,29.903837222429956,48.58634234712873,0,11.263840947919366,4,2,0,normal
2026-01-05 04:40:00,30.724510612939767,52.84471932312347,0,22.11518268635937,4,2,0,normal
2026-01-05 04:41:00,32.31088128923012,65.48808347451683,0,17.48972798779075,4,2,0,normal
2026-01-05 04:42:00,38.2120835479577,36.713965990493676,1,11.988344012093284,4,2,0,normal
2026-01-05 04:43:00,22.86344770828567,46.05774736210827,0,23.732446149108384,4,1,0,normal
2026-01-05 04:44:00,25.657429480467147,50.67234697898427,0,30.89747190119801,4,1,0,normal
2026-01-05 04:45:00,22.501369400511848,59.94017536529247,0,15.237928635443623,4,1,0,normal
2026-01-05 04:46:00,25.011861068534866,36.373034937158344,1,23.38221806960953,4,2,0,normal
2026-01-05 04:47:00,34.19724013381787,30.251453106691773,0,18.279234760278424,4,2,0,normal
2026-01-05 04:48:00,16.929913096415987,60.10947727565075,0,20.857289980327057,4,1,0,normal
2026-01-05 04:49:00,19.833701967006547,27.23076327579945,1,26.718889812634007,4,1,0,normal
2026-01-05 04:50:00,33.263085619027365,69.27469572143252,0,31.53427246876855,4,1,0,normal
2026-01-05 04:51:00,31.12021904141254,47.66110853775638,0,29.935018524928225,4,3,0,normal
2026-01-05 04:52:00,22.821210119097532,26.787033765883304,2,14.00337908195309,4,1,0,normal
2026-01-05 04:53:00,30.12641200672432,42.793696708947586,1,9.2457080981796,4,1,0,normal
2026-01-05 04:54:00,27.0472950549522,55.686854496038556,0,3.908812410879939,4,1,0,normal
2026-01-05 04:55:00,94.28506094690604,42.00948368667534,0,25.064179171962465,4,2,1,crypto_mining
2026-01-05 04:56:00,25.447057562960637,50.30044623236521,1,15.789645261764257,4,1,0,normal
2026-01-05 04:57:00,31.153792683235494,61.1011754855793,0,28.49855668086991,4,1,0,normal
2026-01-05 04:58:00,40.85207146295572,46.9671449691857,0,11.722690639612178,4,2,0,normal
2026-01-05 04:59:00,28.5885949302848,35.944134853007995,1,23.569605594353213,4,1,0,normal
2026-01-05 05:00:00,25.295968994769062,45.51524003942239,0,5.837967916393154,5,1,0,normal
2026-01-05 05:01:00,29.334681911325877,71.2226020468889,0,24.03706710751686,5,1,0,normal
2026-01-05 05:02:00,22.80831485077669,75.27596517999775,0,23.13039611470946,5,2,0,normal
2026-01-05 05:03:00,39.327806233148394,19.70110739086587,0,11.203760821889029,5,1,0,normal
2026-01-05 05:04:00,26.080426226175888,66.36541863787215,0,234.23497435139691,5,17,1,credential_stuffing
2026-01-05 05:05:00,23.36240007864692,53.752215740530346,1,36.55475156283332,5,3,0,normal
2026-01-05 05:06:00,19.985865969879782,63.85974018680225,0,25.50414886392049,5,1,0,normal
2026-01-05 05:07:00,31.58332114963863,41.74267609598556,18,43.64128427212411,1,1,1,brute_force_login
2026-01-05 05:08:00,30.203124476966433,23.47604735747771,0,21.22571454909763,5,1,0,normal
2026-01-05 05:09:00,22.01587377151544,58.76733182971193,0,24.625132188726067,5,1,0,normal
2026-01-05 05:10:00,28.458708070734538,35.88534108075925,1,16.19053527336418,5,2,0,normal
2026-01-05 05:11:00,15.948664190722862,29.175613527727215,1,21.970343358516043,5,1,0,normal
2026-01-05 05:12:00,26.109823450438938,30.223979262898006,1,12.191015838042583,5,1,0,normal
2026-01-05 05:13:00,27.716538112460167,59.01370673623002,0,27.244426672331173,5,1,0,normal
2026-01-05 05:14:00,35.24397885735534,52.09178699043796,0,13.55542992989205,5,1,0,normal
2026-01-05 05:15:00,20.375087183627862,61.73699032812011,1,33.32974724965449,5,1,0,normal
2026-01-05 05:16:00,17.329884227186053,60.03612881744547,0,9.230745415495736,5,1,0,normal
2026-01-05 05:17:00,19.62743223444975,43.68599653124351,0,17.561459385828652,5,1,0,normal
2026-01-05 05:18:00,16.98058899811048,518.0275170145326,1,18.008808847205543,5,2,1,data_exfiltration
2026-01-05 05:19:00,33.0199441465539,42.328437068261906,0,11.05601690135281,5,1,0,normal
2026-01-05 05:20:00,34.29183577014422,46.84508340701764,1,21.87703509344015,5,1,0,normal
2026-01-05 05:21:00,26.921299467692975,35.49117893028401,0,15.732517251044131,5,1,0,normal
2026-01-05 05:22:00,32.32776967411089,55.85726440811503,1,31.23413510633685,5,3,0,normal
2026-01-05 05:23:00,25.803750283481413,66.12681123472635,0,13.502478754861196,5,3,0,normal
2026-01-05 05:24:00,24.429330113795405,37.7508045526852,0,233.6865013569459,5,9,1,credential_stuffing
2026-01-05 05:25:00,23.00177428567743,69.21904468102014,0,19.312074804739694,5,2,0,normal
2026-01-05 05:26:00,23.137654051734607,51.702822447169126,1,18.293350775009742,5,1,0,normal
2026-01-05 05:27:00,15.713190662145813,53.6161846460872,0,20.73183171119069,5,1,0,normal
2026-01-05 05:28:00,26.585528581644034,24.50855720588723,0,25.665901429379524,5,1,0,normal
2026-01-05 05:29:00,24.757996538715737,22.891065356513987,0,4.901464867807361,5,1,0,normal
2026-01-05 05:30:00,29.472164344467256,52.16174544169523,0,20.381018007390498,5,1,0,normal
2026-01-05 05:31:00,25.56114097863166,61.84598186948011,0,13.393726193937923,5,2,0,normal
2026-01-05 05:32:00,24.02377779058545,39.92929334532572,1,14.001501658155341,5,2,0,normal
2026-01-05 05:33:00,19.772841819954216,75.05140850874633,0,21.94875588745169,5,1,0,normal
2026-01-05 05:34:00,25.432919420930567,61.024039613814736,0,28.80012057491667,5,2,0,normal
2026-01-05 05:35:00,29.42942338489697,36.37488122438022,0,32.40903122097368,5,1,0,normal
2026-01-05 05:36:00,18.139966053496835,50.462730005802605,0,15.345436766226245,5,1,0,normal
2026-01-05 05:37:00,25.524842522084434,87.15393700585119,1,0.0,5,2,0,normal
2026-01-05 05:38:00,26.398257709176903,31.361539958004418,0,20.561640465490875,5,1,0,normal
2026-01-05 05:39:00,20.691611298290415,57.92404908372658,0,5.454923670486554,5,2,0,normal
2026-01-05 05:40:00,21.472862170552,45.158831709149865,0,23.530451802821947,5,1,0,normal
2026-01-05 05:41:00,26.383665092597287,60.60344436377768,0,12.806813203473045,5,3,0,normal
2026-01-05 05:42:00,18.199473890244263,69.00910469477573,1,22.73877504980454,5,2,0,normal
2026-01-05 05:43:00,27.099542291496356,44.20644366932949,0,13.173111622962313,5,2,0,normal
2026-01-05 05:44:00,19.6278737580448,66.78368407560761,0,10.685444738636912,5,1,0,normal
2026-01-05 05:45:00,31.3771221581993,83.31805091407941,22,10.882045113581697,1,1,1,brute_force_login
2026-01-05 05:46:00,39.0269664723298,50.99412106016352,0,23.176044989161667,5,1,0,normal
2026-01-05 05:47:00,19.835459189789084,61.77333031241278,0,9.425362299081723,5,2,0,normal
2026-01-05 05:48:00,28.205247174248047,41.14338844695088,1,24.367523513605143,5,1,0,normal
2026-01-05 05:49:00,20.639548570707884,50.28888963546819,0,34.21794464290884,5,1,0,normal
2026-01-05 05:50:00,31.245725042786738,47.34987360937636,0,33.36834658043428,5,1,0,normal
2026-01-05 05:51:00,17.408449545488708,61.95403888487893,0,7.228232418961527,5,1,0,normal
2026-01-05 05:52:00,27.883520550566274,68.07013903635388,0,9.222370912008621,5,1,0,normal
2026-01-05 05:53:00,19.762066198663884,48.35517726323811,1,23.849827996776447,5,1,0,normal
2026-01-05 05:54:00,23.75809246540979,73.00434268599385,1,11.453838037166882,5,1,0,normal
2026-01-05 05:55:00,18.813848349116157,72.95071162342444,0,24.950249885065276,5,1,0,normal
2026-01-05 05:56:00,29.934102825374524,62.70280614769851,0,6.317691409895465,5,2,0,normal
2026-01-05 05:57:00,19.97811787336248,42.25960202417407,0,19.42763949862405,5,1,0,normal
2026-01-05 05:58:00,28.311785555990966,40.82256774890146,0,27.552897358826574,5,1,0,normal
2026-01-05 05:59:00,22.935411830426002,37.81427967964942,22,7.584021310920367,4,3,1,brute_force_login
2026-01-05 06:00:00,24.313165769206822,64.23749105357241,2,19.06469759016725,6,1,0,normal
2026-01-05 06:01:00,25.88653544440077,31.823476887659535,0,18.957170926190607,6,1,0,normal
2026-01-05 06:02:00,20.429051970046906,60.15256481166511,0,24.851406443985603,6,1,0,normal
2026-01-05 06:03:00,26.26220268124532,33.78335978263831,0,14.649234099008833,6,3,0,normal
2026-01-05 06:04:00,34.182007386126465,62.353191797629606,1,8.575646244828704,6,1,0,normal
2026-01-05 06:05:00,20.331431285003713,50.25829374095841,0,0.0,6,1,0,normal
2026-01-05 06:06:00,32.03086085964307,70.00457842789741,0,30.601680900039007,6,1,0,normal
2026-01-05 06:07:00,33.98858580092671,67.12181867481907,0,26.67885715666449,6,1,0,normal
2026-01-05 06:08:00,20.103070065831737,71.52598118003168,0,19.804918974480874,6,1,0,normal
2026-01-05 06:09:00,16.26967236945669,71.9122807743367,1,19.59080833615507,6,2,0,normal
2026-01-05 06:10:00,26.811765401030588,52.15446250982296,30,23.40170784209284,2,2,1,brute_force_login
2026-01-05 06:11:00,21.71555486339876,32.61810400363093,0,27.726941148504352,6,2,0,normal
2026-01-05 06:12:00,36.211619314978016,34.21215417503932,0,3.8625820060362344,6,1,0,normal
2026-01-05 06:13:00,25.208845242998994,18.697272060260936,0,5.760773085275762,6,3,0,normal
2026-01-05 06:14:00,20.186803551788927,33.745012498578596,1,4.593134056630337,6,1,0,normal
2026-01-05 06:15:00,18.11704293392973,51.03235486556974,1,17.232276918397023,6,2,0,normal
2026-01-05 06:16:00,31.539429754544983,41.60518728762257,1,21.455486633925677,6,1,0,normal
2026-01-05 06:17:00,21.57289615549488,47.29796593385223,0,28.100272128505793,6,1,0,normal
2026-01-05 06:18:00,25.26297279676257,57.390731291921014,0,0.0,6,1,0,normal
2026-01-05 06:19:00,30.734816470674886,45.43902112901363,1,9.297942484804445,6,1,0,normal
2026-01-05 06:20:00,22.09444988841502,33.172567993811235,1,21.04530777976139,6,1,0,normal
2026-01-05 06:21:00,24.724427027559035,49.20149498654852,1,22.036881288204196,6,1,0,normal
2026-01-05 06:22:00,99.22035190541908,36.522642698407324,0,18.402661386509,6,1,1,crypto_mining
2026-01-05 06:23:00,29.09994706909655,45.938202545314056,0,10.998683858254033,6,1,0,normal
2026-01-05 06:24:00,28.544466013061957,70.14165446634505,0,14.402671058666247,6,1,0,normal
2026-01-05 06:25:00,23.679317612471028,45.94242043855738,1,18.90413029754576,6,2,0,normal
2026-01-05 06:26:00,25.381894368979108,76.56436330021617,1,6.265946510237219,6,4,0,normal
2026-01-05 06:27:00,22.76932593085907,71.47453980406955,1,13.174245527534048,6,1,0,normal
2026-01-05 06:28:00,16.134325558483333,41.31042037131435,0,8.953075404221016,6,1,0,normal
2026-01-05 06:29:00,26.545605144388777,33.33314350376337,0,24.016043607482786,6,1,0,normal
2026-01-05 06:30:00,36.35315056499841,49.211687571197096,1,12.685014722215348,6,1,0,normal
2026-01-05 06:31:00,19.697685155853623,67.29991645095333,0,9.541800427830617,6,1,0,normal
2026-01-05 06:32:00,20.361821742383782,42.64713640656968,0,15.860150864547748,6,1,0,normal
2026-01-05 06:33:00,19.77563337013755,63.62135447393209,0,26.021714766583223,6,1,0,normal
2026-01-05 06:34:00,29.347550672338734,68.12659983704133,1,19.81611709421407,6,1,0,normal
2026-01-05 06:35:00,27.69091272517864,38.389615244560915,0,28.817224850178746,6,2,0,normal
2026-01-05 06:36:00,24.04877384550126,39.85923367567119,1,27.59089850378296,6,1,0,normal
2026-01-05 06:37:00,19.49188563016621,60.6899304819051,1,14.000895563175916,6,1,0,normal
2026-01-05 06:38:00,25.554260749839546,52.277713244623556,1,21.07711924099803,6,4,0,normal
2026-01-05 06:39:00,15.612267235985174,39.70907710184482,0,28.781908952931076,6,2,0,normal
2026-01-05 06:40:00,25.86055940114496,44.71729327820619,0,16.137643144922333,6,1,0,normal
2026-01-05 06:41:00,30.229146316527604,48.942206709088715,31,21.921250007570816,4,1,1,brute_force_login
2026-01-05 06:42:00,17.492805180197934,26.52718362566809,0,12.785187020459794,6,1,0,normal
2026-01-05 06:43:00,15.804890339022018,61.48464659724043,0,18.19597380974559,6,1,0,normal
2026-01-05 06:44:00,34.47662735016915,42.819617165912135,0,17.935481068114257,6,1,0,normal
2026-01-05 06:45:00,21.32944216297249,8.244256643028521,0,25.01760534880107,6,1,0,normal
2026-01-05 06:46:00,31.815687075662932,49.64193547535821,1,16.932172539064617,6,1,0,normal
2026-01-05 06:47:00,24.07601400881301,38.87643111659739,0,21.723915972711275,6,1,0,normal
2026-01-05 06:48:00,24.028271098352036,75.33233288454015,0,23.04915987329943,6,1,0,normal
2026-01-05 06:49:00,27.63047619697987,41.218324686200475,0,13.687460262486685,6,1,0,normal
2026-01-05 06:50:00,19.696006859521354,33.53534954632084,0,16.780118121127412,6,1,0,normal
2026-01-05 06:51:00,25.794982860973874,57.61899004943024,2,23.704453859382614,6,1,0,normal
2026-01-05 06:52:00,22.711063511055443,40.09328947988625,0,34.707807521028585,6,2,0,normal
2026-01-05 06:53:00,17.07703933956981,38.30815698121651,0,9.942137899352398,6,1,0,normal
2026-01-05 06:54:00,27.024892448358393,57.64252074236609,0,24.202676149260917,6,1,0,normal
2026-01-05 06:55:00,23.420153158732504,34.39299038165651,0,29.712842647832773,6,2,0,normal
2026-01-05 06:56:00,24.057851029331754,28.140895127008207,1,20.764699727343007,6,1,0,normal
2026-01-05 06:57:00,17.73903433951505,75.88997003141506,1,12.774812211885957,6,2,0,normal
2026-01-05 06:58:00,34.548402206576824,58.69248106400967,0,19.580564904067778,6,2,0,normal
2026-01-05 06:59:00,30.260285118316695,46.03686072508452,1,12.262194122386884,6,2,0,normal
2026-01-05 07:00:00,30.784935305031873,49.94784185447096,0,15.977530231323144,7,1,0,normal
2026-01-05 07:01:00,23.16733178534991,57.58796537174234,0,23.08299175425179,7,1,0,normal
2026-01-05 07:02:00,14.624902662979478,64.60006174420131,0,19.51588374347457,7,1,0,normal
2026-01-05 07:03:00,36.717504294937065,38.66037063027483,0,21.568074185639095,7,1,0,normal
2026-01-05 07:04:00,24.63341495196479,55.49219788948523,0,10.645947659178166,7,1,0,normal
2026-01-05 07:05:00,20.507201223879676,42.39943735684642,0,15.112368440827733,7,1,0,normal
2026-01-05 07:06:00,27.500809446898682,47.165281332310634,1,24.904210931051757,7,2,0,normal
2026-01-05 07:07:00,32.002724728019786,52.41039301197357,0,6.601085091588432,7,1,0,normal
2026-01-05 07:08:00,24.8616966634872,49.899821404209916,0,9.389385878446554,7,2,0,normal
2026-01-05 07:09:00,32.67145100763625,61.03350347453858,0,17.55531301023357,7,1,0,normal
2026-01-05 07:10:00,31.49799963110121,57.30629838673391,0,15.860342439356724,7,1,0,normal
2026-01-05 07:11:00,18.54171287558765,27.377461859417334,0,26.15542483616217,7,1,0,normal
2026-01-05 07:12:00,20.95725936604314,29.63265189401837,0,0.8418240554099228,7,1,0,normal
2026-01-05 07:13:00,30.745222979678605,44.454249728610606,0,19.340107110173523,7,1,0,normal
2026-01-05 07:14:00,8.724324617137373,77.42937893662737,1,30.96764747588703,7,5,0,normal
2026-01-05 07:15:00,24.103265841010067,37.22612251247597,0,22.616098866261595,7,2,0,normal
2026-01-05 07:16:00,16.41501279025197,46.876659355808705,0,7.73051333273731,7,1,0,normal
2026-01-05 07:17:00,22.14067719139885,41.95480959565217,0,39.42056239971056,7,1,0,normal
2026-01-05 07:18:00,23.207079465824776,41.689334238678796,0,15.625130377695559,7,1,0,normal
2026-01-05 07:19:00,22.85053373255495,52.67359615857583,0,0.526543678241584,7,2,0,normal
2026-01-05 07:20:00,21.68643248732435,71.01165914293477,1,26.49638757003618,7,1,0,normal
2026-01-05 07:21:00,18.417138102227113,56.839525998208835,1,13.534253664873884,7,1,0,normal
2026-01-05 07:22:00,38.751467600912115,37.94703557859361,0,34.96892660092328,7,1,0,normal
2026-01-05 07:23:00,36.20477202496811,91.2984426620481,0,25.77320478177768,7,2,0,normal
2026-01-05 07:24:00,18.0276050784623,51.17859831441689,0,37.048714633687865,7,2,0,normal
2026-01-05 07:25:00,34.492700507821404,41.3416856542683,0,11.57298507026459,7,1,0,normal
2026-01-05 07:26:00,22.603207057162884,71.18144562016384,0,30.223910215639396,7,1,0,normal
2026-01-05 07:27:00,25.775124839990262,42.96394073084272,0,13.49412224888717,7,1,0,normal
2026-01-05 07:28:00,24.620356240618506,74.94370482481165,1,22.748508060999704,7,1,0,normal
2026-01-05 07:29:00,21.041508152476204,36.9403581355,0,21.37922852855507,7,1,0,normal
2026-01-05 07:30:00,30.90311406163688,71.45045583382054,0,31.097986561048558,7,3,0,normal
2026-01-05 07:31:00,25.755319183459946,53.01571496422542,2,26.479088500394035,7,1,0,normal
2026-01-05 07:32:00,22.14069146068455,69.3657834905365,1,16.281008406609715,7,1,0,normal
2026-01-05 07:33:00,17.172463337197165,78.52648563052317,0,28.709217422046606,7,1,0,normal
2026-01-05 07:34:00,19.63842991768528,33.010890642181195,0,19.264209240664112,7,1,0,normal
2026-01-05 07:35:00,15.151719306387418,69.13657731137484,0,237.6855431564606,7,9,1,credential_stuffing
2026-01-05 07:36:00,25.073341290491015,28.866441433618927,1,22.365255547789996,7,1,0,normal
2026-01-05 07:37:00,17.820006446293625,34.292234671276574,0,18.294995373432577,7,1,0,normal
2026-01-05 07:38:00,23.40663692488875,37.948858103113444,1,9.41110680912503,7,1,0,normal
2026-01-05 07:39:00,33.22061112166222,57.554549542667914,0,21.626902427560807,7,1,0,normal
2026-01-05 07:40:00,32.195797437529514,50.49523815402289,0,14.599866079205764,7,3,0,normal
2026-01-05 07:41:00,24.806338635384293,47.49295873755746,0,10.15902140733145,7,1,0,normal
2026-01-05 07:42:00,24.4774916431411,52.193529185335414,0,26.64370422004183,7,1,0,normal
2026-01-05 07:43:00,36.27924729652605,58.86934383940209,0,14.953084396747123,7,2,0,normal
2026-01-05 07:44:00,28.124536722152268,60.02372185912029,0,5.558051658332808,7,1,0,normal
2026-01-05 07:45:00,23.033161240740863,66.41250253422697,0,20.017905561476287,7,1,0,normal
2026-01-05 07:46:00,16.44389129727729,77.30052219151159,2,18.78387369553963,7,1,0,normal
2026-01-05 07:47:00,27.363239308988458,49.67956441337785,0,19.50601712516488,7,2,0,normal
2026-01-05 07:48:00,29.975942635497177,42.183665568036254,1,19.496785015639468,7,1,0,normal
2026-01-05 07:49:00,21.210090852918135,59.203041937777826,0,11.951937623669906,7,4,0,normal
2026-01-05 07:50:00,26.747216530828194,32.83617775603069,0,16.805493035759316,7,1,0,normal
2026-01-05 07:51:00,22.818560230509824,39.819438018325826,0,28.314090287738928,7,1,0,normal
2026-01-05 07:52:00,23.895805604805982,64.99071419589185,0,26.83975814720447,7,1,0,normal
2026-01-05 07:53:00,10.073067654626012,48.13807437773444,0,17.171900983147463,7,2,0,normal
2026-01-05 07:54:00,23.669311577703187,31.877113124629414,0,24.681370689156296,7,2,0,normal
2026-01-05 07:55:00,30.816215814448327,27.652954019522387,4,20.744312899018944,7,1,0,normal
2026-01-05 07:56:00,21.21158466660065,50.73075019090711,0,17.36208868178624,7,1,0,normal
2026-01-05 07:57:00,25.315158209291898,67.12844805452015,0,29.973245930239397,7,1,0,normal
2026-01-05 07:58:00,20.464295759848476,66.92818666296779,0,12.841165119862175,7,3,0,normal
2026-01-05 07:59:00,27.162650057756636,51.66320754339256,0,22.452239813132817,7,2,0,normal
2026-01-05 08:00:00,23.70086081478296,80.13364128644193,0,6.692701352853199,8,3,0,normal
2026-01-05 08:01:00,19.36455075590796,48.42769451089306,1,22.88406200368394,8,1,0,normal
2026-01-05 08:02:00,32.99530880599077,47.921485649038836,0,14.719658254811755,8,1,0,normal
2026-01-05 08:03:00,30.57359208119329,11.488461353915,0,16.946298975088204,8,1,0,normal
2026-01-05 08:04:00,21.37055941643095,43.28955576258176,0,17.670768147969454,8,1,0,normal
2026-01-05 08:05:00,27.986729856506663,62.78022552362742,1,2.2518674214125056,8,2,0,normal
2026-01-05 08:06:00,28.224472016922284,73.45942005289555,0,7.087230264686438,8,6,0,normal
2026-01-05 08:07:00,28.853807410067056,37.54648049499073,1,26.6409541493207,8,1,0,normal
2026-01-05 08:08:00,14.834464624029533,56.93378493939573,0,20.83674604852453,8,2,0,normal
2026-01-05 08:09:00,99.45595555068532,65.70318548484931,0,31.66688946624129,8,3,1,crypto_mining
2026-01-05 08:10:00,21.58180622244561,50.16812229793849,1,9.056680892233652,8,1,0,normal
2026-01-05 08:11:00,22.853032399352397,15.750793137091549,2,26.809577469672746,8,1,0,normal
2026-01-05 08:12:00,40.8272905135612,53.709349993613785,0,23.68551757363317,8,1,0,normal
2026-01-05 08:13:00,26.81124028432607,61.421459360913396,1,29.31610075390458,8,1,0,normal
2026-01-05 08:14:00,22.682065147316948,35.78865657472312,1,19.139341331145634,8,1,0,normal
2026-01-05 08:15:00,11.768233763464565,46.1876820368842,0,20.9171005452349,8,1,0,normal
2026-01-05 08:16:00,33.33858480367813,32.66755936806854,0,12.980058984467203,8,1,0,normal
2026-01-05 08:17:00,16.928741975148384,11.447786771294709,0,17.83521482651686,8,1,0,normal
2026-01-05 08:18:00,18.979366579002978,65.40506617681484,0,16.069166756663453,8,1,0,normal
2026-01-05 08:19:00,23.011886205472905,49.94377199297222,1,9.396033752867252,8,1,0,normal
2026-01-05 08:20:00,33.498470750201754,73.96512495057475,1,21.08931424570423,8,1,0,normal
2026-01-05 08:21:00,29.639439919994555,62.859832878592655,0,27.535390101555144,8,1,0,normal
2026-01-05 08:22:00,24.05297494095844,44.68685357501827,2,29.43933454130859,8,3,0,normal
2026-01-05 08:23:00,26.849752381832925,48.75229009843387,1,13.515102833199332,8,2,0,normal
2026-01-05 08:24:00,21.397685842773367,58.49266086155259,1,19.708721597781885,8,1,0,normal
2026-01-05 08:25:00,25.837922137392106,64.50325125133615,0,18.92303567603019,8,1,0,normal
2026-01-05 08:26:00,25.44002046866882,54.840059461130174,0,31.796796646938432,8,2,0,normal
2026-01-05 08:27:00,30.812619374088122,66.58389717934227,1,34.29035979165137,8,1,0,normal
2026-01-05 08:28:00,30.803068734633698,45.549968949882924,0,9.560975407384532,8,1,0,normal
2026-01-05 08:29:00,27.96386429323387,35.042846798214704,0,23.89186258752044,8,1,0,normal
2026-01-05 08:30:00,22.825914654723388,49.027861196583046,0,24.24897200936786,8,1,0,normal
2026-01-05 08:31:00,29.45093376634076,53.07777336104275,1,18.39596493351987,8,1,0,normal
2026-01-05 08:32:00,24.44818920278172,31.9769690789107,0,9.896628065778575,8,1,0,normal
2026-01-05 08:33:00,18.508513787721203,29.94916873780067,0,25.643434420879068,8,2,0,normal
2026-01-05 08:34:00,22.58027324853437,56.710794447101414,0,29.72994873132849,8,1,0,normal
2026-01-05 08:35:00,25.507161902705946,43.90464722944365,0,15.624161812066786,8,3,0,normal
2026-01-05 08:36:00,30.46129470198847,47.51238641506997,0,29.571122187295032,8,1,0,normal
2026-01-05 08:37:00,23.89883096705708,44.60461001448765,0,20.032271432859083,8,3,0,normal
2026-01-05 08:38:00,17.744807732562364,72.80901352644818,0,31.37549854554178,8,1,0,normal
2026-01-05 08:39:00,25.340450099780917,68.92641740592501,2,31.359533156533693,8,1,0,normal
2026-01-05 08:40:00,25.680736240339314,31.439694649412477,0,19.811548436411908,8,3,0,normal
2026-01-05 08:41:00,26.11502577341652,42.008101803793295,1,23.33889088697926,8,1,0,normal
2026-01-05 08:42:00,30.51922909572658,62.7500640195439,0,14.380651167062219,8,1,0,normal
2026-01-05 08:43:00,31.11353944053939,59.02904355654863,0,7.011791089280157,8,2,0,normal
2026-01-05 08:44:00,21.43473476571,49.37813056505322,1,22.005834184261765,8,1,0,normal
2026-01-05 08:45:00,21.30313925170634,32.93599692553647,0,8.269683830796511,8,1,0,normal
2026-01-05 08:46:00,18.75880773426716,39.761899307696815,0,36.744633759169005,8,2,0,normal
2026-01-05 08:47:00,29.192894021682857,42.24848648680565,0,29.107908531164362,8,1,0,normal
2026-01-05 08:48:00,97.71462182742351,54.15491496678651,0,18.78741705452583,8,3,1,crypto_mining
2026-01-05 08:49:00,23.10950843254646,75.55590732045857,0,41.33836901881341,8,3,0,normal
2026-01-05 08:50:00,23.55141661165004,39.69679647817808,1,14.957321572887707,8,1,0,normal
2026-01-05 08:51:00,33.800695341393855,34.6094712866714,0,16.86046586493963,8,1,0,normal
2026-01-05 08:52:00,28.033347119290045,48.371202847580854,0,16.76375177391835,8,1,0,normal
2026-01-05 08:53:00,27.617414228806332,65.47608470771088,0,19.488075239500752,8,1,0,normal
2026-01-05 08:54:00,94.0148355019577,28.29675549858945,1,17.51976328214035,8,1,1,crypto_mining
2026-01-05 08:55:00,29.072368415676515,71.80451226312422,0,23.652494854958878,8,1,0,normal
2026-01-05 08:56:00,19.42518195694145,47.419529568264956,0,12.009833699983364,8,1,0,normal
2026-01-05 08:57:00,18.19587888439025,38.985199965299394,0,21.023338900195878,8,2,0,normal
2026-01-05 08:58:00,22.919370539399726,25.99716069856761,1,15.65975011330909,8,2,0,normal
2026-01-05 08:59:00,21.48524365930786,60.59781160130941,0,20.50140320581373,8,1,0,normal
2026-01-05 09:00:00,38.670401833689766,77.43243207137698,0,36.336681761551155,9,3,0,normal
2026-01-05 09:01:00,31.354110192850488,82.5605822413176,1,38.08383446918245,9,1,0,normal
2026-01-05 09:02:00,45.752897838806035,66.48782388482954,0,62.00139398107968,9,1,0,normal
2026-01-05 09:03:00,46.76611776709858,75.21355948623464,0,37.63039924593279,9,1,0,normal
2026-01-05 09:04:00,28.315945155155113,72.70128130467893,1,49.18773782920891,9,1,0,normal
2026-01-05 09:05:00,45.8707468339993,78.49110341932689,0,40.705541311223676,9,1,0,normal
2026-01-05 09:06:00,35.136828221070246,69.95671510436284,0,36.8612838138921,9,8,0,normal
2026-01-05 09:07:00,45.14185322189672,56.98728558969168,0,45.51284518389842,9,1,0,normal
2026-01-05 09:08:00,39.58932104400151,120.9274961794491,0,38.04875595097102,9,1,0,normal
2026-01-05 09:09:00,40.17265338448599,59.54893628993729,0,49.1440042793522,9,1,0,normal
2026-01-05 09:10:00,38.88941410347269,82.72188510413808,0,44.00206705719098,9,2,0,normal
2026-01-05 09:11:00,47.27277522540092,53.41958257363937,0,55.68863972579881,9,2,0,normal
2026-01-05 09:12:00,32.56247192484983,50.04428845073038,0,34.55518683348109,9,1,0,normal
2026-01-05 09:13:00,43.64704203241005,81.46739737778401,0,47.20876695724381,9,1,0,normal
2026-01-05 09:14:00,46.6079809893373,82.61551381652455,0,47.96267905022246,9,1,0,normal
2026-01-05 09:15:00,44.29804048324247,98.92248486203576,1,37.02734278182537,9,1,0,normal
2026-01-05 09:16:00,53.94819348594051,85.99320261523559,0,39.68781886292822,9,4,0,normal
2026-01-05 09:17:00,36.82631942365181,77.75283921881314,1,33.612369246146685,9,1,0,normal
2026-01-05 09:18:00,45.74382893556119,65.75599633902493,0,32.51964953380178,9,2,0,normal
2026-01-05 09:19:00,39.36345618795148,102.48518102350323,0,44.05135487790777,9,1,0,normal
2026-01-05 09:20:00,47.40043645811602,93.93276869075336,0,51.45474450962674,9,1,0,normal
2026-01-05 09:21:00,39.953866025671786,61.30505783377363,0,43.94715856990314,9,2,0,normal
2026-01-05 09:22:00,37.672745308825185,80.56945592315952,0,44.2814701582905,9,1,0,normal
2026-01-05 09:23:00,47.836433223229776,82.16078347289745,0,34.61338981030143,9,1,0,normal
2026-01-05 09:24:00,37.05062836588642,74.81519515091496,1,28.187069449830854,9,1,0,normal
2026-01-05 09:25:00,31.523645446596664,91.57775728710192,0,47.7364147285282,9,1,0,normal
2026-01-05 09:26:00,36.898918700957026,92.47599707522265,1,39.71449248019943,9,1,0,normal
2026-01-05 09:27:00,43.714197679531196,77.1427145329234,24,30.592765242684838,3,1,1,brute_force_login
2026-01-05 09:28:00,48.35223250952255,75.78696131303512,0,40.6476996812045,9,2,0,normal
2026-01-05 09:29:00,40.66677625177907,102.48437694001298,1,46.99473132032499,9,2,0,normal
2026-01-05 09:30:00,47.90918240340415,93.99258338543356,0,48.220614743141276,9,2,0,normal
2026-01-05 09:31:00,31.85095047113444,81.08540584862577,0,46.59112961913812,9,1,0,normal
2026-01-05 09:32:00,37.34041921109258,55.5618644137992,0,39.43574883082556,9,1,0,normal
2026-01-05 09:33:00,38.268549297075396,85.16000159457553,0,49.75545719785522,9,3,0,normal
2026-01-05 09:34:00,39.31264343516488,90.47125197376502,0,44.83653416495854,9,2,0,normal
2026-01-05 09:35:00,40.50456632950118,38.682175574024406,0,37.99006248046065,9,1,0,normal
2026-01-05 09:36:00,44.14546574435316,83.77804172477039,0,36.063128064448634,9,1,0,normal
2026-01-05 09:37:00,37.33115897097706,73.74962019806397,0,46.57034545170458,9,1,0,normal
2026-01-05 09:38:00,40.83417212171875,76.68718579805673,0,51.951746128908916,9,2,0,normal
2026-01-05 09:39:00,39.72926265805569,66.38928570855019,0,49.749352676474444,9,1,0,normal
2026-01-05 09:40:00,34.4446605766531,77.77716064394536,0,46.30577801624199,9,1,0,normal
2026-01-05 09:41:00,39.31799986551139,100.87987364271997,0,50.06709593081718,9,1,0,normal
2026-01-05 09:42:00,39.138042820617294,73.30402251776727,1,63.9715164331404,9,1,0,normal
2026-01-05 09:43:00,39.00951660998172,94.48360338189775,0,47.30268278717915,9,1,0,normal
2026-01-05 09:44:00,40.190556739488706,67.90503171680585,0,46.25939311482936,9,1,0,normal
2026-01-05 09:45:00,40.454041243680315,91.38134288984058,0,49.35683951902931,9,1,0,normal
2026-01-05 09:46:00,37.40622892535602,80.02483783432926,0,51.002524586884164,9,1,0,normal
2026-01-05 09:47:00,47.63628840382759,85.28037243183921,0,34.31292076912243,9,1,0,normal
2026-01-05 09:48:00,32.9831162247819,80.10729884146231,0,46.416978442351805,9,1,0,normal
2026-01-05 09:49:00,35.67417934918062,89.62437848661813,0,53.03094898072814,9,2,0,normal
2026-01-05 09:50:00,94.40092953284439,41.48622323099363,1,58.965144136476695,9,3,1,crypto_mining
2026-01-05 09:51:00,33.77205187006462,634.1807300056831,0,45.16150166414585,9,1,1,data_exfiltration
2026-01-05 09:52:00,31.877471951741448,86.25620747012967,19,41.36582287701787,3,1,1,brute_force_login
2026-01-05 09:53:00,44.40686047000731,49.34692469155647,0,46.319749755642185,9,2,0,normal
2026-01-05 09:54:00,27.537280877356757,72.04129466529186,0,39.84866961272366,9,1,0,normal
2026-01-05 09:55:00,38.588356540165364,79.18488738445025,0,57.55429931667882,9,1,0,normal
2026-01-05 09:56:00,52.87494955045893,67.57789793580655,1,48.846952225349156,9,2,0,normal
2026-01-05 09:57:00,30.730384467079595,69.62657895959339,1,44.57934836721086,9,2,0,normal
2026-01-05 09:58:00,28.10821308556772,84.07373300230388,1,53.90860500962248,9,1,0,normal
2026-01-05 09:59:00,31.00491278825381,95.13942433669713,1,35.7726428500641,9,1,0,normal
2026-01-05 10:00:00,45.39015741008191,65.62325928117788,0,28.424247103296786,10,1,0,normal
2026-01-05 10:01:00,46.748660319914876,71.37412705718944,0,48.37369170080389,10,3,0,normal
2026-01-05 10:02:00,36.924467218128946,69.03108540009433,0,53.591800946121,10,1,0,normal
2026-01-05 10:03:00,44.09927442400641,43.679303721840824,0,43.861567234407204,10,1,0,normal
2026-01-05 10:04:00,48.34153196507194,82.12567685476263,0,39.56707856636005,10,1,0,normal
2026-01-05 10:05:00,50.724078486578954,94.02076618742738,0,37.34557695516986,10,1,0,normal
2026-01-05 10:06:00,38.52198831292091,95.24964810973823,0,35.12419649945236,10,2,0,normal
2026-01-05 10:07:00,26.19116969398008,66.93850435338892,0,50.32137693455854,10,1,0,normal
2026-01-05 10:08:00,35.07472646554188,61.22452927219786,0,51.54367027261936,10,1,0,normal
2026-01-05 10:09:00,37.43917483038845,80.32408321387527,0,52.344736252115446,10,1,0,normal
2026-01-05 10:10:00,38.44636722052966,92.43910529849701,0,45.058158666754565,10,2,0,normal
2026-01-05 10:11:00,38.872843593947685,82.32275672465576,0,35.75142695480001,10,1,0,normal
2026-01-05 10:12:00,46.71336758758402,548.2829597023691,0,39.28072864806565,10,1,1,data_exfiltration
2026-01-05 10:13:00,47.64657056012549,97.1274639160435,1,49.789134910352324,10,3,0,normal
2026-01-05 10:14:00,38.9699580764513,68.91295161153946,0,36.70156359909123,10,1,0,normal
2026-01-05 10:15:00,46.59090925631091,76.70044869990456,0,44.18529580911849,10,1,0,normal
2026-01-05 10:16:00,95.60030056392762,104.51908267641802,0,36.86013020105101,10,1,1,crypto_mining
2026-01-05 10:17:00,40.38703583717543,77.04783315353559,0,39.425420518767815,10,2,0,normal
2026-01-05 10:18:00,45.43926494265978,60.98994551050143,0,35.78478390106508,10,2,0,normal
2026-01-05 10:19:00,40.4335122894275,69.95965855624559,0,45.1302495150156,10,1,0,normal
2026-01-05 10:20:00,52.346867062586576,65.92730223168137,0,33.29541002140542,10,1,0,normal
2026-01-05 10:21:00,31.369532999232646,85.35743878551907,0,38.917051377345416,10,1,0,normal
2026-01-05 10:22:00,36.908974605447895,66.56079494616831,0,51.80898415435227,10,1,0,normal
2026-01-05 10:23:00,39.2408866182763,84.06551379291867,0,53.390569747856986,10,1,0,normal
2026-01-05 10:24:00,42.63671614274794,68.95902172189025,3,50.3662898567534,10,1,0,normal
2026-01-05 10:25:00,47.607762922618534,48.14932192402658,0,56.323337615577415,10,1,0,normal
2026-01-05 10:26:00,39.85360859658306,84.59929680472884,0,34.44317545356687,10,2,0,normal
2026-01-05 10:27:00,31.466622102962756,82.22695522320333,0,44.26911582058815,10,1,0,normal
2026-01-05 10:28:00,45.055083378730025,87.76636723563261,0,45.60391450096801,10,3,0,normal
2026-01-05 10:29:00,44.529752596851786,69.90519171252114,1,60.61486841770091,10,2,0,normal
2026-01-05 10:30:00,28.348848043723564,68.30683286960935,0,43.10029179844826,10,1,0,normal
2026-01-05 10:31:00,39.97717519797521,86.02200287722319,0,51.41048346709685,10,2,0,normal
2026-01-05 10:32:00,30.459149015918214,102.78529358796472,0,58.54883317313341,10,4,0,normal
2026-01-05 10:33:00,36.012093414987625,80.16752014259491,0,46.04238159637313,10,1,0,normal
2026-01-05 10:34:00,34.5831464382232,86.36877644070718,0,41.24702088444559,10,2,0,normal
2026-01-05 10:35:00,44.855588189451915,75.17618473361439,1,41.93958883550968,10,1,0,normal
2026-01-05 10:36:00,40.7009810450331,56.84554217189473,0,31.3085567916517,10,3,0,normal
2026-01-05 10:37:00,32.28645399546383,94.51144128731087,0,41.32666441724836,10,1,0,normal
2026-01-05 10:38:00,45.280395777744054,93.62621358629244,0,33.629125087518155,10,2,0,normal
2026-01-05 10:39:00,31.397165056429515,90.66161037762791,0,51.25774969919146,10,1,0,normal
2026-01-05 10:40:00,41.980682742825664,77.27081842486372,0,32.50272759778723,10,2,0,normal
2026-01-05 10:41:00,35.11593598425067,88.95584149607811,0,48.13792359643066,10,2,0,normal
2026-01-05 10:42:00,37.80593750481688,93.40642696081746,0,54.10154001187647,10,1,0,normal
2026-01-05 10:43:00,43.02562448823031,104.30238027435061,0,50.83171108496992,10,1,0,normal
2026-01-05 10:44:00,43.12869639435718,94.82789156971162,0,41.135851917174385,10,2,0,normal
2026-01-05 10:45:00,48.02181444133576,750.9715572750537,1,51.11076436337146,10,1,1,data_exfiltration
2026-01-05 10:46:00,39.50647780197128,60.376201168634424,0,45.077415698322135,10,1,0,normal
2026-01-05 10:47:00,41.83870517778004,82.33487446507611,1,261.6214207093019,10,10,1,credential_stuffing
2026-01-05 10:48:00,37.37357606557405,83.84866093773961,0,42.09263002879306,10,2,0,normal
2026-01-05 10:49:00,41.091939295736786,90.63544662977456,0,48.54321637963643,10,3,0,normal
2026-01-05 10:50:00,42.63691628805107,100.30837788985139,1,32.5468206794265,10,3,0,normal
2026-01-05 10:51:00,39.41014091527374,78.5727423191483,0,40.96747848211731,10,1,0,normal
2026-01-05 10:52:00,29.177497095445023,111.51480784719666,0,47.99791046530024,10,4,0,normal
2026-01-05 10:53:00,41.98882537798537,53.610694699391345,0,40.89875330834406,10,1,0,normal
2026-01-05 10:54:00,42.18736886413274,86.29012808692438,1,34.665596228690944,10,2,0,normal
2026-01-05 10:55:00,35.918959141912296,68.02219411723958,1,37.8693875874755,10,1,0,normal
2026-01-05 10:56:00,32.29367778356492,51.39167000466796,0,46.37690773556444,10,1,0,normal
2026-01-05 10:57:00,48.85527490302379,76.97338435551262,0,48.86296481004739,10,1,0,normal
2026-01-05 10:58:00,42.948673065366414,711.4681818609905,0,53.67663865464657,10,1,1,data_exfiltration
2026-01-05 10:59:00,38.62551381446974,77.57858152950774,0,51.24626290940615,10,3,0,normal
2026-01-05 11:00:00,33.17780270111508,80.52153872141685,0,51.1527131126645,11,2,0,normal
2026-01-05 11:01:00,35.06911102947193,96.77812114003925,0,29.627353611538528,11,1,0,normal
2026-01-05 11:02:00,47.81554238071739,57.386222978540935,0,51.02395999388134,11,1,0,normal
2026-01-05 11:03:00,40.82597164520828,93.62667748468658,1,40.862500410400926,11,1,0,normal
2026-01-05 11:04:00,36.69647759799576,81.47120675419691,0,33.467649409496445,11,1,0,normal
2026-01-05 11:05:00,43.05813538734794,95.43273730414391,0,49.46328129710801,11,2,0,normal
2026-01-05 11:06:00,35.11361087532206,73.52373237453308,0,46.43136154229623,11,2,0,normal
2026-01-05 11:07:00,49.00505818168227,60.016331198548315,0,52.07816434430777,11,1,0,normal
2026-01-05 11:08:00,48.11680320938035,61.737510106762,0,40.72454912606971,11,4,0,normal
2026-01-05 11:09:00,37.200555572783344,60.62288819499326,0,44.9543581683929,11,2,0,normal
2026-01-05 11:10:00,36.22797851781484,87.16721229380983,0,30.593449237324116,11,1,0,normal
2026-01-05 11:11:00,24.291200807846323,102.1538303332205,0,60.687648633605946,11,1,0,normal
2026-01-05 11:12:00,31.110515370691793,71.5257271001717,0,34.293338757848645,11,1,0,normal
2026-01-05 11:13:00,31.963181350253464,822.1376261194465,1,38.51767110589904,11,1,1,data_exfiltration
2026-01-05 11:14:00,40.81114204592431,57.1483691279657,0,36.753934470768186,11,1,0,normal
2026-01-05 11:15:00,38.042597773351844,82.70481873765948,1,46.65250236213666,11,2,0,normal
2026-01-05 11:16:00,31.92798707550855,90.0284392450569,0,38.21530411785781,11,1,0,normal
2026-01-05 11:17:00,38.31301574521266,58.27812837084697,0,53.625724225051364,11,4,0,normal
2026-01-05 11:18:00,43.03202288588409,76.94174796530218,0,47.51841942297107,11,4,0,normal
2026-01-05 11:19:00,43.16703609949352,90.73875710728348,0,33.07883702206724,11,4,0,normal
2026-01-05 11:20:00,97.89570767960056,35.993440291557846,0,51.238997753021366,11,2,1,crypto_mining
2026-01-05 11:21:00,39.230419117097014,100.03179592552614,1,52.29530944180629,11,1,0,normal
2026-01-05 11:22:00,31.699955338170337,85.30519063836573,0,39.1717983705914,11,1,0,normal
2026-01-05 11:23:00,45.41037218284164,90.75091471576015,1,35.845172944942085,11,2,0,normal
2026-01-05 11:24:00,44.70487849812099,73.80921081207853,0,48.18935801920729,11,2,0,normal
2026-01-05 11:25:00,34.61183664205325,54.159162776519665,2,50.26929828713531,11,1,0,normal
2026-01-05 11:26:00,35.4037287855976,88.01094434475428,0,36.972314648289725,11,1,0,normal
2026-01-05 11:27:00,37.23239769701016,78.76114511875232,0,52.38847795224175,11,1,0,normal
2026-01-05 11:28:00,26.483239631611966,80.48173183148481,0,40.41049879873302,11,1,0,normal
2026-01-05 11:29:00,42.01580904064346,96.31410477798431,0,54.46555483395825,11,3,0,normal
2026-01-05 11:30:00,38.36293272195922,91.43095810793898,0,32.36147949425934,11,1,0,normal
2026-01-05 11:31:00,45.82105049540716,108.8185612563442,1,39.133476173622256,11,3,0,normal
2026-01-05 11:32:00,33.409544692224685,82.30781343310248,1,43.33274229772881,11,1,0,normal
2026-01-05 11:33:00,36.28526231050041,69.63181343313325,0,37.07049014459098,11,1,0,normal
2026-01-05 11:34:00,30.960848451765308,77.1737472963691,1,44.74677512567849,11,1,0,normal
2026-01-05 11:35:00,33.97425661903448,86.23495058807909,2,42.2255931462004,11,1,0,normal
2026-01-05 11:36:00,32.908108023590685,95.23784778489465,0,43.32260353072391,11,1,0,normal
2026-01-05 11:37:00,45.975842073078674,57.99449072841922,0,41.76816286733665,11,1,0,normal
2026-01-05 11:38:00,35.81042890749165,80.12806422768753,0,34.67533467696323,11,1,0,normal
2026-01-05 11:39:00,40.745054108467684,104.14312485557554,0,44.81616288704028,11,1,0,normal
2026-01-05 11:40:00,37.71541957682918,76.39686693496219,0,43.995557315596216,11,1,0,normal
2026-01-05 11:41:00,32.38320840392312,93.96517782303657,1,36.928303363166506,11,1,0,normal
2026-01-05 11:42:00,38.990197460970144,87.39676290824008,1,54.99242251335141,11,3,0,normal
2026-01-05 11:43:00,43.59461999118157,94.3379090978747,0,47.519281977102615,11,1,0,normal
2026-01-05 11:44:00,32.75344364473989,67.85359187600102,1,50.75725870439058,11,1,0,normal
2026-01-05 11:45:00,44.85467674438827,67.91897494901629,0,38.530415344821975,11,1,0,normal
2026-01-05 11:46:00,34.90167447113382,80.30407838183432,0,26.528129535939367,11,3,0,normal
2026-01-05 11:47:00,37.10209644356296,57.01667319139533,2,58.95184012959288,11,1,0,normal
2026-01-05 11:48:00,43.184098738060285,670.0369602322999,1,46.34925996137446,11,2,1,data_exfiltration
2026-01-05 11:49:00,36.01938305668307,83.793149862735,0,47.9091171517973,11,4,0,normal
2026-01-05 11:50:00,40.225449156015195,106.76953410424659,0,47.56476433111959,11,1,0,normal
2026-01-05 11:51:00,38.111855027271446,86.04077283904732,0,48.192365548350736,11,1,0,normal
2026-01-05 11:52:00,40.77620804022291,89.37842706309654,0,36.49031577287792,11,3,0,normal
2026-01-05 11:53:00,25.715565366859018,97.46713770575009,1,36.76983397178286,11,4,0,normal
2026-01-05 11:54:00,29.0219091087515,65.53013616657415,0,36.792088743052695,11,2,0,normal
2026-01-05 11:55:00,43.69580203628103,77.52376006443521,0,49.41037186683234,11,2,0,normal
2026-01-05 11:56:00,46.223088433894304,116.38118887705839,0,35.29355631673013,11,1,0,normal
2026-01-05 11:57:00,34.53707977881087,78.81316666423237,0,32.76978260480944,11,2,0,normal
2026-01-05 11:58:00,38.5358298869732,96.74646123173311,0,39.859933744966355,11,1,0,normal
2026-01-05 11:59:00,41.76831551741381,94.4560681575966,1,42.82188704278518,11,1,0,normal
2026-01-05 12:00:00,44.15930560995223,57.828294284184665,1,44.602597973560954,12,1,0,normal
2026-01-05 12:01:00,27.833936369974907,84.657189155089,0,41.109820526695955,12,1,0,normal
2026-01-05 12:02:00,34.683758518129736,82.20121208307839,0,48.87465079064875,12,1,0,normal
2026-01-05 12:03:00,38.00452372090075,84.94938181760652,0,54.33564758059058,12,1,0,normal
2026-01-05 12:04:00,44.218841183416295,68.6883128031341,0,45.393225354674215,12,1,0,normal
2026-01-05 12:05:00,54.99058290232897,63.24620732131761,0,54.29591647363766,12,1,0,normal
2026-01-05 12:06:00,38.63196563914169,72.85984999968723,0,49.39928645356496,12,1,0,normal
2026-01-05 12:07:00,31.558135227376066,78.53307504373696,1,37.35996884947717,12,1,0,normal
2026-01-05 12:08:00,42.41360846320779,97.77476671400474,0,38.22614984406327,12,1,0,normal
2026-01-05 12:09:00,47.92597473724426,107.25966229588411,0,37.82201670069192,12,1,0,normal
2026-01-05 12:10:00,40.648084725877005,100.94896769334767,0,43.47264177201045,12,1,0,normal
2026-01-05 12:11:00,34.560108729074244,92.90277816172767,0,42.769044196763204,12,1,0,normal
2026-01-05 12:12:00,45.747963648880116,64.93489606550615,1,49.75776801052855,12,2,0,normal
2026-01-05 12:13:00,43.98127371099061,73.86655737515757,1,43.745016142000395,12,1,0,normal
2026-01-05 12:14:00,33.84351493482625,83.14889078619497,0,46.981347725563175,12,3,0,normal
2026-01-05 12:15:00,42.28855370520605,70.51341442885737,1,35.657146516692016,12,1,0,normal
2026-01-05 12:16:00,45.983593405953236,88.65808478791926,0,46.93298455378625,12,1,0,normal
2026-01-05 12:17:00,47.09134025535336,90.80729162381431,0,41.172869765938465,12,1,0,normal
2026-01-05 12:18:00,39.601306148143266,88.04435093848203,0,40.58969106226376,12,2,0,normal
2026-01-05 12:19:00,37.85152332292409,95.37701906836372,0,39.82811058775653,12,1,0,normal
2026-01-05 12:20:00,47.36364293248758,66.4311317943039,1,57.090171539210104,12,3,0,normal
2026-01-05 12:21:00,32.73903698211469,93.99243056138296,0,35.56235540349907,12,1,0,normal
2026-01-05 12:22:00,42.63147574552603,69.56531824819706,1,50.41404919514608,12,2,0,normal
2026-01-05 12:23:00,31.779840235813424,65.88596071035671,0,44.627045521490466,12,2,0,normal
2026-01-05 12:24:00,46.39225763355762,87.98174201279572,30,34.11964452540378,3,1,1,brute_force_login
2026-01-05 12:25:00,38.45172690633303,98.23810343298472,0,42.619824669980545,12,1,0,normal
2026-01-05 12:26:00,47.611499413884815,87.32020229564014,1,26.3075620386848,12,1,0,normal
2026-01-05 12:27:00,42.948476538133164,80.31206035658816,0,58.756719372159694,12,1,0,normal
2026-01-05 12:28:00,32.66067861962842,84.65230739152261,0,42.055544394792285,12,2,0,normal
2026-01-05 12:29:00,48.54776639246346,82.0464037710092,0,53.923971831683104,12,2,0,normal
2026-01-05 12:30:00,49.30747159856638,63.11073655796909,0,55.7659536091663,12,3,0,normal
2026-01-05 12:31:00,45.293718955595295,61.36069782582627,0,40.455446629694194,12,1,0,normal
2026-01-05 12:32:00,35.43047280978268,78.81761180789817,0,45.23464068349097,12,2,0,normal
2026-01-05 12:33:00,38.16391627385555,81.19785253653956,0,46.48320057728182,12,1,0,normal
2026-01-05 12:34:00,40.87256330443456,80.16998567551602,0,60.202092533771136,12,1,0,normal
2026-01-05 12:35:00,35.7777376040114,90.14152420474869,0,43.4697163947858,12,2,0,normal
2026-01-05 12:36:00,50.15407943477923,76.7678492575349,0,44.56994720249877,12,2,0,normal
2026-01-05 12:37:00,40.86595883035622,88.44468772857284,0,33.807575300764945,12,1,0,normal
2026-01-05 12:38:00,23.77991171735586,77.83119849010328,0,37.84768420650056,12,1,0,normal
2026-01-05 12:39:00,42.036134876537325,107.350384430547,0,41.00243864023208,12,1,0,normal
2026-01-05 12:40:00,37.91105561909612,81.2107059008967,0,55.41074089906522,12,1,0,normal
2026-01-05 12:41:00,39.550440663289315,115.11083917288516,0,60.14545453697152,12,1,0,normal
2026-01-05 12:42:00,37.7882838052858,85.28017386636296,0,49.008806843817155,12,3,0,normal
2026-01-05 12:43:00,44.84227849964012,76.79484244117677,0,47.80750309534162,12,1,0,normal
2026-01-05 12:44:00,46.718126671320285,66.50828035610488,0,50.47884863423662,12,2,0,normal
2026-01-05 12:45:00,41.69831897355192,58.3566713891346,0,39.52269173767243,12,1,0,normal
2026-01-05 12:46:00,37.964132877171046,65.12836573405765,1,56.11946118741905,12,1,0,normal
2026-01-05 12:47:00,39.75197677114498,66.80590536254016,0,33.551696996466376,12,1,0,normal
2026-01-05 12:48:00,40.11759769946577,85.92230030618265,0,41.36163334052032,12,1,0,normal
2026-01-05 12:49:00,35.18541976081098,72.10751943409718,0,50.22651289610016,12,1,0,normal
2026-01-05 12:50:00,43.47357189142741,82.80390578831746,2,41.15042547954864,12,1,0,normal
2026-01-05 12:51:00,42.760253943162795,772.047321083323,1,64.74775475261578,12,1,1,data_exfiltration
2026-01-05 12:52:00,49.24264743866004,78.68287472547719,0,50.34090579132461,12,1,0,normal
2026-01-05 12:53:00,47.53209868173085,111.18735047700207,0,52.868260641914425,12,1,0,normal
2026-01-05 12:54:00,35.885950494459216,62.36283529491203,0,38.928575306035626,12,1,0,normal
2026-01-05 12:55:00,44.92179024705379,77.74124677437608,0,52.71986016637289,12,1,0,normal
2026-01-05 12:56:00,34.29427970143317,71.91030614583532,0,51.48037926100066,12,1,0,normal
2026-01-05 12:57:00,44.1755926056451,94.04759909085512,0,57.516377746857835,12,2,0,normal
2026-01-05 12:58:00,36.90031480743935,46.403125544508185,0,27.46272341163418,12,1,0,normal
2026-01-05 12:59:00,33.86048065974649,58.35327066233283,0,38.75530273516908,12,1,0,normal
2026-01-05 13:00:00,41.68027205618443,78.38979766323556,0,47.690884519349964,13,1,0,normal
2026-01-05 13:01:00,23.952597231075156,103.2706658151424,0,47.93019307023205,13,2,0,normal
2026-01-05 13:02:00,29.494146553568633,83.38762751055961,0,44.639713047788504,13,3,0,normal
2026-01-05 13:03:00,38.935048697354304,59.726788186036494,0,32.77658452775294,13,1,0,normal
2026-01-05 13:04:00,40.494650599809056,62.04250110964655,0,46.57206304103735,13,3,0,normal
2026-01-05 13:05:00,37.78408737905087,105.09484554267429,0,47.468056403955025,13,3,0,normal
2026-01-05 13:06:00,30.523382207694407,70.68297801805639,0,44.97599317397226,13,1,0,normal
2026-01-05 13:07:00,35.09264894716897,65.85554941325354,0,44.70523281829344,13,2,0,normal
2026-01-05 13:08:00,42.34725596342436,102.1605884094629,0,52.53755058333559,13,3,0,normal
2026-01-05 13:09:00,43.49069062377018,95.16645508380486,0,43.76763878769991,13,3,0,normal
2026-01-05 13:10:00,39.902661294424355,99.11089464900193,0,34.99919952802695,13,1,0,normal
2026-01-05 13:11:00,46.941002686221935,65.74937179601275,0,56.227586396147345,13,1,0,normal
2026-01-05 13:12:00,42.384382140755406,57.12341538478459,1,55.77658913552071,13,1,0,normal
2026-01-05 13:13:00,35.515266076250725,81.99749734044059,0,44.68269813489597,13,1,0,normal
2026-01-05 13:14:00,38.31698767953029,85.02689199610496,1,52.00056549000598,13,2,0,normal
2026-01-05 13:15:00,31.582803056752873,85.46902705557248,0,32.80782512725912,13,1,0,normal
2026-01-05 13:16:00,39.3511660576515,102.17275903458503,0,43.8442919055256,13,1,0,normal
2026-01-05 13:17:00,46.67260371532803,53.99349364987628,0,31.28641030677076,13,2,0,normal
2026-01-05 13:18:00,44.11174050826581,92.89542576946648,0,53.99708339479905,13,1,0,normal
2026-01-05 13:19:00,48.41205595551473,63.55062433779023,0,33.03216567620347,13,1,0,normal
2026-01-05 13:20:00,38.18268853720604,92.83602981291261,0,41.70927312487542,13,2,0,normal
2026-01-05 13:21:00,48.07659876708554,72.87564943217934,0,46.72582966845853,13,1,0,normal
2026-01-05 13:22:00,38.84017464131218,67.79042306164233,0,51.59139782973238,13,1,0,normal
2026-01-05 13:23:00,48.82951049541936,70.85145939576196,0,49.21798382409015,13,1,0,normal
2026-01-05 13:24:00,39.86885951534726,58.315846988351566,0,54.143971238554236,13,1,0,normal
2026-01-05 13:25:00,44.24338824282566,80.606434097502,0,51.4310036200569,13,1,0,normal
2026-01-05 13:26:00,48.850674185859134,68.40989914009315,0,55.4681049782666,13,1,0,normal
2026-01-05 13:27:00,38.839434228512765,91.79447346350418,0,30.95943397857009,13,1,0,normal
2026-01-05 13:28:00,41.31033392526504,89.60084121549376,1,41.12309077113962,13,1,0,normal
2026-01-05 13:29:00,47.733180551237815,105.32235579354186,0,48.61098416883468,13,1,0,normal
2026-01-05 13:30:00,39.201981016419616,85.49491225311615,0,57.58981989186803,13,1,0,normal
2026-01-05 13:31:00,32.07464630496303,87.81016650620111,0,40.95972407006057,13,1,0,normal
2026-01-05 13:32:00,52.85804232750946,101.0014971774172,0,60.72108321650804,13,3,0,normal
2026-01-05 13:33:00,37.18141321397718,70.58505955959956,0,47.82444927173201,13,1,0,normal
2026-01-05 13:34:00,40.95253630562526,57.67612680765451,0,39.30696418318418,13,1,0,normal
2026-01-05 13:35:00,46.93604001670676,83.00141088692591,0,35.7637932186987,13,4,0,normal
2026-01-05 13:36:00,36.349036577612786,58.66049796178394,0,50.88552525731121,13,3,0,normal
2026-01-05 13:37:00,33.95279252066722,116.80908009388085,0,39.878936672038044,13,1,0,normal
2026-01-05 13:38:00,41.522423780649,101.83247438118414,1,42.82232562249666,13,1,0,normal
2026-01-05 13:39:00,29.241541612525662,112.4596449995237,26,46.29641227824444,3,1,1,brute_force_login
2026-01-05 13:40:00,38.272563538792475,80.93670464994693,0,46.596132865469094,13,1,0,normal
2026-01-05 13:41:00,41.47023198589243,88.25860390552397,1,60.29995965405275,13,2,0,normal
2026-01-05 13:42:00,38.38028861904902,73.10786852071034,0,48.150703409258334,13,2,0,normal
2026-01-05 13:43:00,30.739294340885518,93.24387208380128,0,40.161736615329445,13,3,0,normal
2026-01-05 13:44:00,49.56506773722407,61.76685181923415,0,39.02862401199825,13,1,0,normal
2026-01-05 13:45:00,40.62122892369505,41.85360215787832,0,58.337951784584426,13,2,0,normal
2026-01-05 13:46:00,48.586912706570445,68.1393407076715,1,40.87601863095259,13,1,0,normal
2026-01-05 13:47:00,38.43978249891733,58.167897865740265,1,49.67807756946046,13,1,0,normal
2026-01-05 13:48:00,34.71992810985542,102.16890104239303,1,46.53759676542286,13,2,0,normal
2026-01-05 13:49:00,41.61508552153096,107.23516182620475,0,48.36475454842389,13,2,0,normal
2026-01-05 13:50:00,38.70527724203068,58.956063913803334,0,56.186293119420014,13,2,0,normal
2026-01-05 13:51:00,32.933431252051854,99.37573411281859,0,47.26197191090922,13,2,0,normal
2026-01-05 13:52:00,48.81870555272498,94.27077475251156,0,51.539867827314424,13,1,0,normal
2026-01-05 13:53:00,36.26637866263602,56.45334972921685,0,47.445946257432766,13,1,0,normal
2026-01-05 13:54:00,28.95840169122659,74.14598703602573,0,41.37153028991845,13,1,0,normal
2026-01-05 13:55:00,47.968996323743994,71.2975441681322,0,48.95248520117488,13,1,0,normal
2026-01-05 13:56:00,36.974211905124264,91.219930979408,0,39.792906135583856,13,2,0,normal
2026-01-05 13:57:00,36.35305664430626,61.568309736424794,1,35.69107446527306,13,1,0,normal
2026-01-05 13:58:00,29.407674477820155,78.51691061510776,0,49.65239625451652,13,1,0,normal
2026-01-05 13:59:00,50.44564891958194,69.71098244075573,0,48.71212579846624,13,1,0,normal
2026-01-05 14:00:00,32.26311647674187,87.10011775077714,1,47.89075579813275,14,1,0,normal
2026-01-05 14:01:00,40.3506968842339,76.74811952468106,0,44.81609179955525,14,1,0,normal
2026-01-05 14:02:00,45.475721935242646,71.97131444089408,0,44.42209631263827,14,1,0,normal
2026-01-05 14:03:00,42.53030159801858,76.80055136551883,0,36.33228909592058,14,1,0,normal
2026-01-05 14:04:00,39.64207412804685,110.54064249260168,0,30.10103340651651,14,1,0,normal
2026-01-05 14:05:00,29.7900048502755,73.74650545820916,0,52.10250249436907,14,1,0,normal
2026-01-05 14:06:00,35.141650985396296,64.3849217257432,0,285.86851829310433,14,13,1,credential_stuffing
2026-01-05 14:07:00,41.126802028255135,88.75150353733947,0,42.99274364119,14,1,0,normal
2026-01-05 14:08:00,35.276955580078024,77.84712995865566,1,56.774471672810016,14,1,0,normal
2026-01-05 14:09:00,41.220156759992605,58.77149103700291,0,48.999616477246256,14,3,0,normal
2026-01-05 14:10:00,44.09046045289085,113.47244502803699,0,47.703356353205066,14,1,0,normal
2026-01-05 14:11:00,45.77501731480061,74.71281581620028,0,61.140036644418394,14,1,0,normal
2026-01-05 14:12:00,32.642923853123904,74.33195819057973,0,34.96029715287511,14,2,0,normal
2026-01-05 14:13:00,53.17987632987372,82.39753027862146,0,44.62235751625516,14,1,0,normal
2026-01-05 14:14:00,44.60487606732478,105.95175153813258,0,38.18355629412716,14,2,0,normal
2026-01-05 14:15:00,39.989715077985615,54.80382010221507,0,42.058297383893034,14,2,0,normal
2026-01-05 14:16:00,46.53721949845984,84.1397877413081,0,44.46181113576876,14,1,0,normal
2026-01-05 14:17:00,54.19244663199984,111.30908242690441,0,44.64431115032342,14,1,0,normal
2026-01-05 14:18:00,31.367679393658783,81.93093021109472,0,36.41284702463685,14,1,0,normal
2026-01-05 14:19:00,38.64842414505188,61.469990310447805,0,45.54409333367529,14,1,0,normal
2026-01-05 14:20:00,25.72941004076003,70.72404720559021,1,38.40081705471997,14,1,0,normal
2026-01-05 14:21:00,41.15590919588815,83.10323794635185,0,54.573184812482,14,2,0,normal
2026-01-05 14:22:00,42.19236545155084,99.96205873459793,1,51.11630995399742,14,1,0,normal
2026-01-05 14:23:00,39.765027307343445,74.9099623337591,0,47.751203717062936,14,2,0,normal
2026-01-05 14:24:00,36.07279857401014,92.39977696148648,0,41.192868796624985,14,3,0,normal
2026-01-05 14:25:00,27.702912902870047,58.46946759429666,1,46.238061546755254,14,1,0,normal
2026-01-05 14:26:00,42.24120210047061,58.34422445607418,0,50.65451557685516,14,2,0,normal
2026-01-05 14:27:00,48.73260690349195,72.75798966972576,0,42.27704728534158,14,1,0,normal
2026-01-05 14:28:00,36.45388926559941,101.57043082809894,0,32.279994219550666,14,1,0,normal
2026-01-05 14:29:00,42.64035957413887,81.03311959270654,0,50.75291673305583,14,2,0,normal
2026-01-05 14:30:00,30.591134119479698,84.34716793349929,1,49.23749341051611,14,1,0,normal
2026-01-05 14:31:00,42.74327838215508,84.17119393360291,1,47.56957553669542,14,1,0,normal
2026-01-05 14:32:00,37.63970621353206,96.63811973880095,0,38.9297152928584,14,1,0,normal
2026-01-05 14:33:00,35.425492296382515,70.84668961193219,0,52.67902291491395,14,1,0,normal
2026-01-05 14:34:00,35.437818152703215,90.32427662732348,0,54.19099366700516,14,1,0,normal
2026-01-05 14:35:00,37.63833050780194,67.53676004217304,0,47.252490639475546,14,1,0,normal
2026-01-05 14:36:00,42.29459989415521,109.7490898388114,1,41.83017341723625,14,2,0,normal
2026-01-05 14:37:00,32.1270207928269,67.99413343554966,0,41.99784556704134,14,1,0,normal
2026-01-05 14:38:00,37.617308010592886,66.7641604538207,1,41.83685433775651,14,1,0,normal
2026-01-05 14:39:00,39.75116933200511,88.24504720232075,0,41.47186782363131,14,1,0,normal
2026-01-05 14:40:00,33.40576465280884,81.19682647148485,1,42.168268003641664,14,2,0,normal
2026-01-05 14:41:00,50.7799912100501,84.90278609391402,1,47.58551840965072,14,1,0,normal
2026-01-05 14:42:00,34.87902711963195,83.40970693238476,1,52.17168777559257,14,1,0,normal
2026-01-05 14:43:00,35.98337851819906,63.64411701788842,0,56.60891487161014,14,1,0,normal
2026-01-05 14:44:00,34.13015230106501,104.20038393619225,0,37.69510946253129,14,2,0,normal
2026-01-05 14:45:00,50.7908805228287,93.40313308833665,0,39.0033488656246,14,1,0,normal
2026-01-05 14:46:00,43.31743137159689,100.38424926900674,0,51.7535754167311,14,1,0,normal
2026-01-05 14:47:00,34.38044796253815,72.07503666334364,1,37.696384707027235,14,1,0,normal
2026-01-05 14:48:00,46.63738935315981,86.24785317072757,1,35.73219145905461,14,2,0,normal
2026-01-05 14:49:00,41.20419216573327,82.96052693352037,0,37.45843367016169,14,1,0,normal
2026-01-05 14:50:00,41.54352052666901,96.92003939302262,0,43.59069175560272,14,1,0,normal
2026-01-05 14:51:00,37.933136747485285,97.40372197744429,1,58.08545678977125,14,1,0,normal
2026-01-05 14:52:00,35.50350407825816,82.89576204437172,0,43.97726662828358,14,1,0,normal
2026-01-05 14:53:00,42.02659659432761,57.230733022351224,0,47.194028165698086,14,1,0,normal
2026-01-05 14:54:00,36.72947662002646,106.69492830631533,0,35.41487510755593,14,1,0,normal
2026-01-05 14:55:00,50.900533777450626,88.33981150535209,1,53.594164249850145,14,1,0,normal
2026-01-05 14:56:00,32.38425336854137,70.87344437913286,1,51.97215870041183,14,1,0,normal
2026-01-05 14:57:00,49.21694063712967,86.09813207400042,1,41.24950363509709,14,2,0,normal
2026-01-05 14:58:00,39.332086907213196,57.33359677321215,0,39.50249959829364,14,1,0,normal
2026-01-05 14:59:00,41.79451440412664,95.83029601206566,0,207.77380490131807,14,17,1,credential_stuffing
2026-01-05 15:00:00,44.99894659977661,57.93182383581271,0,43.193350365331916,15,1,0,normal
2026-01-05 15:01:00,36.218504229973384,76.68748261944376,0,39.68961900438416,15,1,0,normal
2026-01-05 15:02:00,45.18549030819182,83.66681674408325,0,42.06759001148759,15,3,0,normal
2026-01-05 15:03:00,23.754736867712936,95.5825956797314,0,46.90908636790643,15,2,0,normal
2026-01-05 15:04:00,35.68006280066837,81.59817014651561,0,50.854819925902454,15,1,0,normal
2026-01-05 15:05:00,34.45562315595361,89.52444310418825,0,47.58520921717792,15,1,0,normal
2026-01-05 15:06:00,32.47896392576943,79.57749637325671,0,47.17207431050989,15,1,0,normal
2026-01-05 15:07:00,38.71027097152629,79.51721073583576,0,43.07638283669712,15,1,0,normal
2026-01-05 15:08:00,42.314499809090165,81.28215875522446,1,46.164753735647906,15,1,0,normal
2026-01-05 15:09:00,44.215959990995835,77.16413118721438,0,41.86870933785751,15,1,0,normal
2026-01-05 15:10:00,41.445260543202444,54.701446353778465,0,42.84159738366969,15,2,0,normal
2026-01-05 15:11:00,36.00583921063872,68.47514759455058,0,56.37307646271887,15,1,0,normal
2026-01-05 15:12:00,42.214098626951,83.67162261667548,0,45.337342572879116,15,1,0,normal
2026-01-05 15:13:00,40.745714169105106,76.26318494766922,0,42.05953654579694,15,1,0,normal
2026-01-05 15:14:00,45.616337007616096,77.6628637672714,0,39.60775366445618,15,2,0,normal
2026-01-05 15:15:00,44.6616202175891,75.14969495841927,0,27.39399246043489,15,1,0,normal
2026-01-05 15:16:00,40.18285848352377,67.04602410902274,1,61.69297569763326,15,4,0,normal
2026-01-05 15:17:00,34.616481963032456,72.60350808535559,2,62.56557687855421,15,3,0,normal
2026-01-05 15:18:00,36.08229906500752,75.39752383417108,0,50.02161413148647,15,1,0,normal
2026-01-05 15:19:00,36.7012638421718,80.07714710812775,0,36.718039175560776,15,1,0,normal
2026-01-05 15:20:00,38.108401996502465,85.90067516704569,0,66.87689743346301,15,1,0,normal
2026-01-05 15:21:00,41.60830256553852,77.29174563671391,0,33.76854704641027,15,2,0,normal
2026-01-05 15:22:00,44.29104634076835,64.55517116461371,0,48.146021875241026,15,1,0,normal
2026-01-05 15:23:00,39.69328784190773,59.028769401218256,0,31.295204612070464,15,1,0,normal
2026-01-05 15:24:00,40.09674872740283,118.96155811062837,0,27.622132343847976,15,1,0,normal
2026-01-05 15:25:00,40.859837830000025,63.05277454603156,2,46.85664643110727,15,2,0,normal
2026-01-05 15:26:00,36.90456812120596,72.22062498103426,0,47.8722240083537,15,1,0,normal
2026-01-05 15:27:00,34.447646454142266,87.75500453770903,0,45.951944369648146,15,1,0,normal
2026-01-05 15:28:00,29.46737261613574,85.41290914348521,2,56.94489759362489,15,1,0,normal
2026-01-05 15:29:00,35.82910385153877,87.81298538842358,0,44.61593923572347,15,4,0,normal
2026-01-05 15:30:00,42.83887271960672,73.35924395701737,0,51.49826850024203,15,3,0,normal
2026-01-05 15:31:00,35.782531371762595,83.57837105959321,0,38.73857001686984,15,1,0,normal
2026-01-05 15:32:00,38.573157775444365,80.92015496361296,0,55.36007961740313,15,1,0,normal
2026-01-05 15:33:00,42.798587724473904,75.31802948688069,0,56.04296392496579,15,1,0,normal
2026-01-05 15:34:00,43.124136978536015,83.6811461265701,1,42.96354565704215,15,1,0,normal
2026-01-05 15:35:00,33.52280288700376,95.83048320126059,1,48.00168494755608,15,1,0,normal
2026-01-05 15:36:00,45.98235613872185,79.66699664847013,0,39.40962859898582,15,1,0,normal
2026-01-05 15:37:00,46.764100536132915,79.76679269534638,0,43.23613504009703,15,1,0,normal
2026-01-05 15:38:00,33.220900856688644,96.02241552313976,1,50.89846637645985,15,1,0,normal
2026-01-05 15:39:00,35.056978782153074,94.4204053972822,1,48.878708842153955,15,1,0,normal
2026-01-05 15:40:00,47.14654409887715,103.75904661445225,0,31.16697960692822,15,1,0,normal
2026-01-05 15:41:00,39.118878872468194,53.65654648280635,1,35.9018780565646,15,1,0,normal
2026-01-05 15:42:00,26.681332315288895,93.57678774754083,0,40.296126934690925,15,3,0,normal
2026-01-05 15:43:00,31.601910971603882,89.0237006810327,0,46.75839165376156,15,1,0,normal
2026-01-05 15:44:00,38.50378224896511,66.71521403370102,1,37.659657948547846,15,2,0,normal
2026-01-05 15:45:00,33.02174409829239,83.77381876998267,0,33.68897037631644,15,1,0,normal
2026-01-05 15:46:00,37.51945737618135,95.76682621636998,1,23.965076175137735,15,1,0,normal
2026-01-05 15:47:00,40.19437728210147,67.562616162719,0,61.68938036239163,15,1,0,normal
2026-01-05 15:48:00,48.77352762420837,86.6384364353421,0,46.61584820386612,15,1,0,normal
2026-01-05 15:49:00,38.25727650263327,93.07030513596526,0,33.459113677071755,15,2,0,normal
2026-01-05 15:50:00,46.43525079743655,63.934706562027685,0,53.264229987700844,15,2,0,normal
2026-01-05 15:51:00,48.57256097222062,77.86571461332278,0,56.94857353439244,15,3,0,normal
2026-01-05 15:52:00,48.60585801611246,84.51452564963617,1,46.70686306057546,15,3,0,normal
2026-01-05 15:53:00,41.70852756031341,68.05802741685568,1,49.984271821783835,15,1,0,normal
2026-01-05 15:54:00,28.220265112966153,66.8127020135968,1,55.470159200852,15,2,0,normal
2026-01-05 15:55:00,42.76494919242319,77.97433097205838,1,49.8446836670023,15,2,0,normal
2026-01-05 15:56:00,46.29039932688124,92.02459575355537,1,50.06058722683576,15,2,0,normal
2026-01-05 15:57:00,39.5135973673875,89.65601001788164,0,32.72578627417052,15,2,0,normal
2026-01-05 15:58:00,50.46750322045149,67.07880906220487,0,23.166563939292374,15,1,0,normal
2026-01-05 15:59:00,45.159001368804745,89.78251827673529,1,51.89170850991851,15,2,0,normal
2026-01-05 16:00:00,43.4096402629167,67.46090335750237,0,43.205647009097554,16,1,0,normal
2026-01-05 16:01:00,46.518284267235025,55.847453030098485,1,41.361362281593685,16,2,0,normal
2026-01-05 16:02:00,42.00021910756527,74.49284643429154,1,52.78560284902846,16,1,0,normal
2026-01-05 16:03:00,25.04313700362788,96.84454057378603,0,37.36134812506621,16,1,0,normal
2026-01-05 16:04:00,91.2434602042261,89.8394082821206,0,44.7078903047758,16,2,1,crypto_mining
2026-01-05 16:05:00,47.18300816348712,79.97642288940209,0,45.4564335198485,16,2,0,normal
2026-01-05 16:06:00,35.154451959410224,73.74941774613414,0,50.51841787918189,16,1,0,normal
2026-01-05 16:07:00,38.65916496857837,74.15356795825353,0,47.73022123304747,16,1,0,normal
2026-01-05 16:08:00,33.73098211658157,81.63177358791194,0,47.73393894800547,16,1,0,normal
2026-01-05 16:09:00,50.703535571210615,63.97343771231257,0,41.76291426595921,16,1,0,normal
2026-01-05 16:10:00,50.088954744508094,74.77838982198054,39,41.972225878187665,1,1,1,brute_force_login
2026-01-05 16:11:00,34.696786629155625,76.76645807960347,0,47.72207571179362,16,3,0,normal
2026-01-05 16:12:00,40.883788002334505,59.733883123227535,0,40.99584826923373,16,1,0,normal
2026-01-05 16:13:00,35.917035713415714,67.42327623653638,0,38.37180592032378,16,1,0,normal
2026-01-05 16:14:00,43.68966783418827,86.15760187229573,1,55.29004865416613,16,3,0,normal
2026-01-05 16:15:00,43.05809846345397,80.14267759911492,2,39.60283193704792,16,1,0,normal
2026-01-05 16:16:00,44.870233429679594,75.36857313209926,0,41.33105844703417,16,1,0,normal
2026-01-05 16:17:00,41.991510686247324,66.32858843693054,0,54.81257473202467,16,1,0,normal
2026-01-05 16:18:00,57.61243723833081,103.65274738383826,0,39.48129471806392,16,1,0,normal
2026-01-05 16:19:00,33.832457409935564,67.43031177981022,0,47.56918976239422,16,1,0,normal
2026-01-05 16:20:00,29.736379873380915,83.77389210892606,1,48.27291882604423,16,1,0,normal
2026-01-05 16:21:00,37.64145879579123,72.68196367889307,3,44.278349778211215,16,1,0,normal
2026-01-05 16:22:00,30.592070406638395,80.54418938957502,0,41.892973005189326,16,3,0,normal
2026-01-05 16:23:00,31.045226379964042,86.86414612910559,1,35.98874824369122,16,2,0,normal
2026-01-05 16:24:00,33.9921120748122,59.446151161881716,0,50.02287180866283,16,3,0,normal
2026-01-05 16:25:00,34.466866567410236,79.90075633769769,1,53.82132504669134,16,1,0,normal
2026-01-05 16:26:00,34.272291388299635,97.86092973469768,0,52.969800740042416,16,2,0,normal
2026-01-05 16:27:00,43.109313702672466,106.42252840238004,0,47.96717598011414,16,1,0,normal
2026-01-05 16:28:00,36.962865633487986,78.04979040117304,1,29.19317065694377,16,4,0,normal
2026-01-05 16:29:00,38.92291255076512,80.62521810825363,1,51.15552461127338,16,1,0,normal
2026-01-05 16:30:00,45.36539664700561,113.169995429023,0,44.13279280911018,16,1,0,normal
2026-01-05 16:31:00,35.402064851311444,97.02386422398797,1,40.26355134857485,16,1,0,normal
2026-01-05 16:32:00,38.412724607771665,70.74073146117172,0,50.26040349481918,16,1,0,normal
2026-01-05 16:33:00,42.194559916557495,70.71524823670816,0,46.80819095337296,16,1,0,normal
2026-01-05 16:34:00,28.350593196278673,94.34824192680902,1,53.07159227398314,16,1,0,normal
2026-01-05 16:35:00,25.690566946296507,615.8926536368284,0,47.727096876939534,16,2,1,data_exfiltration
2026-01-05 16:36:00,42.07670397278633,96.3159012700828,0,42.864839429294754,16,1,0,normal
2026-01-05 16:37:00,42.95208568340139,85.01449945626513,0,42.208757576965716,16,1,0,normal
2026-01-05 16:38:00,52.38532080911446,87.76581146040608,0,49.89038754541319,16,2,0,normal
2026-01-05 16:39:00,40.94856925520086,76.1489929477992,1,34.29650936159447,16,1,0,normal
2026-01-05 16:40:00,44.91843830354857,70.55262793630385,0,40.98739930603535,16,1,0,normal
2026-01-05 16:41:00,38.82716413848416,101.9298924630248,1,27.44669707891943,16,4,0,normal
2026-01-05 16:42:00,41.78336332951052,76.29894079169787,0,48.37072230651316,16,1,0,normal
2026-01-05 16:43:00,50.003541050497205,73.83597385139207,1,50.16060649615663,16,1,0,normal
2026-01-05 16:44:00,27.256043091246188,78.79794398180286,0,38.84550768676529,16,1,0,normal
2026-01-05 16:45:00,42.48169754543008,82.89533199076914,0,36.25167033408518,16,1,0,normal
2026-01-05 16:46:00,52.8135203804642,64.53762309920828,0,52.62559294805753,16,1,0,normal
2026-01-05 16:47:00,41.692205315256054,71.52692758689632,0,39.286444236978056,16,2,0,normal
2026-01-05 16:48:00,49.90343777939709,70.72951889140913,1,50.14644367672219,16,1,0,normal
2026-01-05 16:49:00,36.224727102823344,92.67920456910272,1,44.886827975390446,16,2,0,normal
2026-01-05 16:50:00,39.80771503501772,66.71056148000166,2,40.76800815585949,16,2,0,normal
2026-01-05 16:51:00,40.201148214331525,53.663482133629195,0,49.64055300298728,16,2,0,normal
2026-01-05 16:52:00,26.694453523847375,50.49358155640769,16,45.25418291781592,4,2,1,brute_force_login
2026-01-05 16:53:00,32.990933032898795,57.944297979864245,0,56.95552277145099,16,1,0,normal
2026-01-05 16:54:00,33.418749523696086,100.42307304272167,1,39.11888004605531,16,1,0,normal
2026-01-05 16:55:00,44.932396468195165,80.24309899226077,0,34.40163340604317,16,1,0,normal
2026-01-05 16:56:00,45.23291863410433,87.51873630210804,2,44.870552200656284,16,1,0,normal
2026-01-05 16:57:00,41.9442186562392,88.04731590681993,0,48.81054762223361,16,1,0,normal
2026-01-05 16:58:00,44.944617381134236,80.8427587758848,1,43.498776477887716,16,1,0,normal
2026-01-05 16:59:00,39.01510352366935,78.87828055023037,1,59.387157476860736,16,2,0,normal
2026-01-05 17:00:00,47.211590017237256,95.66789644727211,0,54.70275016839085,17,1,0,normal
2026-01-05 17:01:00,40.05273065579243,82.1899387146896,0,40.79566963750836,17,2,0,normal
2026-01-05 17:02:00,40.34718428456054,100.98646218895121,0,45.514291050814755,17,1,0,normal
2026-01-05 17:03:00,38.40644420042553,89.312449179348,1,30.55848557018988,17,3,0,normal
2026-01-05 17:04:00,44.10670286581857,70.73305589778458,0,53.412791018417856,17,1,0,normal
2026-01-05 17:05:00,37.47280710032252,72.54298964195095,1,39.55621079136048,17,1,0,normal
2026-01-05 17:06:00,45.85858826318841,69.0880279031858,0,46.591674697831856,17,1,0,normal
2026-01-05 17:07:00,33.20710515570396,98.26322032926073,0,42.94082373924532,17,1,0,normal
2026-01-05 17:08:00,33.40650247163084,73.92423570581671,0,33.08519998804176,17,1,0,normal
2026-01-05 17:09:00,44.12456053075903,68.02290804800552,0,51.66846067113008,17,1,0,normal
2026-01-05 17:10:00,39.46873471250193,844.4009188193622,0,36.53099051528203,17,1,1,data_exfiltration
2026-01-05 17:11:00,37.27665150308123,78.54249340441245,1,40.84575462332102,17,1,0,normal
2026-01-05 17:12:00,45.34034639485276,84.41852768862746,0,51.823113245105596,17,2,0,normal
2026-01-05 17:13:00,36.35643151548349,108.34720855840766,0,37.22981314569635,17,1,0,normal
2026-01-05 17:14:00,38.79879247419778,93.69606208893289,0,56.9269590163494,17,1,0,normal
2026-01-05 17:15:00,48.39536770042696,80.40515831452859,0,37.10426663604247,17,1,0,normal
2026-01-05 17:16:00,49.234854074863904,58.87364923690987,0,35.64310378258539,17,2,0,normal
2026-01-05 17:17:00,49.43438926162196,72.50056254187047,1,45.372151002254576,17,2,0,normal
2026-01-05 17:18:00,38.307245338396534,90.66569153817954,0,58.07290738258366,17,1,0,normal
2026-01-05 17:19:00,47.38421742990682,62.434384405072755,0,44.95262860161783,17,2,0,normal
2026-01-05 17:20:00,34.30628303338793,112.1145544449553,0,52.851003229600735,17,3,0,normal
2026-01-05 17:21:00,34.558582751667636,80.21624843953323,0,207.48710474804213,17,17,1,credential_stuffing
2026-01-05 17:22:00,25.897264884253833,80.73272589814228,0,42.06852138372177,17,1,0,normal
2026-01-05 17:23:00,50.03720921139118,70.00032210563033,0,42.57815862297921,17,1,0,normal
2026-01-05 17:24:00,34.81612090554353,87.45106635163577,0,34.909020121702966,17,1,0,normal
2026-01-05 17:25:00,39.24080452151764,62.62997290216652,0,32.26984610347263,17,2,0,normal
2026-01-05 17:26:00,34.538053948430296,112.47338883652186,0,43.067039984362786,17,1,0,normal
2026-01-05 17:27:00,44.17099148998084,99.76026956978018,0,57.637910767286094,17,3,0,normal
2026-01-05 17:28:00,37.74619803569596,94.76444667795569,0,46.748365610679016,17,1,0,normal
2026-01-05 17:29:00,32.171098657402304,59.14356491315286,2,39.53613993379168,17,1,0,normal
2026-01-05 17:30:00,42.64997538511636,83.08119905686627,0,28.702653235141142,17,1,0,normal
2026-01-05 17:31:00,31.39761985113863,98.13629597021007,0,42.02364093678061,17,2,0,normal
2026-01-05 17:32:00,34.97556564810705,853.4349986428946,0,41.482061986716616,17,1,1,data_exfiltration
2026-01-05 17:33:00,27.358665312243517,64.96836343049338,1,48.07621599130982,17,3,0,normal
2026-01-05 17:34:00,31.45625132681436,70.24859367037017,0,42.97020949724444,17,1,0,normal
2026-01-05 17:35:00,41.07117501832287,73.22095792991014,0,50.05448972050351,17,1,0,normal
2026-01-05 17:36:00,28.21278377138245,70.94843248267088,0,51.14003424856093,17,1,0,normal
2026-01-05 17:37:00,31.113125652269705,102.9316825356546,0,44.441280449438466,17,1,0,normal
2026-01-05 17:38:00,39.98578650320315,51.184802917651155,0,44.55354662552808,17,1,0,normal
2026-01-05 17:39:00,36.738358623441684,89.83878709488255,0,45.27397714642395,17,2,0,normal
2026-01-05 17:40:00,51.95221981575585,60.61544937607323,2,31.041815791907126,17,1,0,normal
2026-01-05 17:41:00,51.003379276146255,65.58122768823398,0,50.76301691058678,17,2,0,normal
2026-01-05 17:42:00,34.79246522349308,49.85399949696924,0,58.578196276683755,17,1,0,normal
2026-01-05 17:43:00,43.34282571042089,71.76418353261701,17,45.47436134911528,1,1,1,brute_force_login
2026-01-05 17:44:00,44.49569534127671,102.6609747730882,0,38.738494648547174,17,3,0,normal
2026-01-05 17:45:00,36.41512685185358,83.97236363697166,0,44.94413859660677,17,4,0,normal
2026-01-05 17:46:00,31.026750781010776,62.024576795013544,0,41.52043929202644,17,3,0,normal
2026-01-05 17:47:00,39.926209304151655,95.25721511568969,0,45.21921735235069,17,4,0,normal
2026-01-05 17:48:00,38.96292595111534,98.46956395353028,0,42.503958629011365,17,2,0,normal
2026-01-05 17:49:00,37.38541301817629,81.56069721558629,0,27.777172430385217,17,1,0,normal
2026-01-05 17:50:00,42.65390120898691,110.52123737228885,0,45.76343244401168,17,1,0,normal
2026-01-05 17:51:00,35.49562235796641,92.32346186936921,1,62.7947915740988,17,1,0,normal
2026-01-05 17:52:00,33.088014714525144,90.23978760938883,0,34.31109571048467,17,2,0,normal
2026-01-05 17:53:00,40.65449782209899,67.94931939250564,0,53.77735549383364,17,2,0,normal
2026-01-05 17:54:00,42.315820555413254,89.41097728432011,0,48.20506581439816,17,1,0,normal
2026-01-05 17:55:00,32.94013033659968,83.2518691640674,0,37.64849526088835,17,1,0,normal
2026-01-05 17:56:00,45.568543665946486,87.7974350400654,0,34.253455175231466,17,2,0,normal
2026-01-05 17:57:00,29.37711317334353,69.73121571288004,0,47.101425163492706,17,1,0,normal
2026-01-05 17:58:00,36.531319247706136,81.9214832653848,0,47.887229303880915,17,1,0,normal
2026-01-05 17:59:00,38.45194878281435,67.74707749677563,1,32.93362315344571,17,1,0,normal
2026-01-05 18:00:00,36.18265772408842,47.79301850050952,0,52.41086494629401,18,1,0,normal
2026-01-05 18:01:00,36.60963715869285,94.97456852867575,1,41.04455177702535,18,1,0,normal
2026-01-05 18:02:00,51.22644689384869,57.46416527465724,1,48.941894657568184,18,2,0,normal
2026-01-05 18:03:00,34.89469546576661,81.60779697173624,0,50.62569222557872,18,1,0,normal
2026-01-05 18:04:00,54.64733033483148,84.99503194173559,0,52.16664822859851,18,3,0,normal
2026-01-05 18:05:00,42.622760678386314,84.89844523794582,1,37.084043719884455,18,1,0,normal
2026-01-05 18:06:00,40.552330823871955,75.75381389602624,0,61.09166554887959,18,1,0,normal
2026-01-05 18:07:00,42.857442120326,84.0681721291996,0,37.63373416993046,18,1,0,normal
2026-01-05 18:08:00,55.179566495511715,87.06450604677744,1,52.155991684414005,18,3,0,normal
2026-01-05 18:09:00,34.03844197641131,91.02447223627978,1,41.00617041833527,18,1,0,normal
2026-01-05 18:10:00,33.27749248638166,106.00162009076394,0,45.41591194601972,18,1,0,normal
2026-01-05 18:11:00,35.47080282056847,83.51291227247307,0,44.001984010332286,18,1,0,normal
2026-01-05 18:12:00,40.192858881787366,80.96073267526553,0,48.735853297927,18,1,0,normal
2026-01-05 18:13:00,29.64537325112456,66.39906551974859,1,53.38444243998936,18,1,0,normal
2026-01-05 18:14:00,40.13403543591165,86.53919485849005,1,40.102167634488325,18,1,0,normal
2026-01-05 18:15:00,50.161282800482034,90.01074654710852,0,37.98401037456581,18,1,0,normal
2026-01-05 18:16:00,40.90844434374866,77.11545223577559,0,28.498687941795914,18,4,0,normal
2026-01-05 18:17:00,38.24388724614834,88.16918756276056,0,46.44213177178101,18,2,0,normal
2026-01-05 18:18:00,36.291037307898236,75.61225709675988,0,43.647486480261456,18,2,0,normal
2026-01-05 18:19:00,45.391070227309385,90.06488978133386,0,45.86996557990825,18,1,0,normal
2026-01-05 18:20:00,35.04500336057171,93.68903471044615,0,44.18774377360731,18,3,0,normal
2026-01-05 18:21:00,51.07837552359549,93.47941800095728,2,51.07128605124478,18,3,0,normal
2026-01-05 18:22:00,51.60015848628614,81.76766489211951,0,40.948519794832336,18,1,0,normal
2026-01-05 18:23:00,41.540504791970726,64.40047772574422,0,47.79319330381862,18,1,0,normal
2026-01-05 18:24:00,39.93090947154013,70.82130421037269,0,44.744721054983046,18,1,0,normal
2026-01-05 18:25:00,46.183958849449354,88.92735985827093,1,37.31175513523223,18,2,0,normal
2026-01-05 18:26:00,46.56879101336395,116.73218458610341,0,39.50857487180461,18,1,0,normal
2026-01-05 18:27:00,35.164049613643506,74.88918842701877,1,52.36123010903489,18,2,0,normal
2026-01-05 18:28:00,36.840669201179786,86.8375651758221,30,51.591218266862,1,1,1,brute_force_login
2026-01-05 18:29:00,32.065915391900226,71.65921163780895,1,50.91097903700579,18,1,0,normal
2026-01-05 18:30:00,42.45438963000434,65.39049433626349,1,43.64947131132883,18,1,0,normal
2026-01-05 18:31:00,43.99976730074135,69.85526204633956,0,27.053553215895565,18,1,0,normal
2026-01-05 18:32:00,31.90044617283236,48.762920349459925,0,31.688871326585897,18,1,0,normal
2026-01-05 18:33:00,37.26880657110304,100.30152594361627,1,42.89660363501369,18,1,0,normal
2026-01-05 18:34:00,31.916476494511905,46.548046206280794,0,32.857824852487596,18,1,0,normal
2026-01-05 18:35:00,34.60720113853697,76.0425765439905,0,54.15804876608183,18,4,0,normal
2026-01-05 18:36:00,43.306102361357794,62.32808156974919,0,38.52714992443202,18,1,0,normal
2026-01-05 18:37:00,35.59910759993032,66.73429676956694,0,42.80255816986244,18,2,0,normal
2026-01-05 18:38:00,38.19504426380621,100.64783989608001,0,58.8815930237745,18,1,0,normal
2026-01-05 18:39:00,30.236129632316107,83.01600485047088,0,53.245200695138564,18,2,0,normal
2026-01-05 18:40:00,41.12194125834799,65.5190576122745,0,47.77060637879465,18,1,0,normal
2026-01-05 18:41:00,39.734360080932106,71.15724301255234,0,46.76896591216449,18,1,0,normal
2026-01-05 18:42:00,35.626244499801025,68.51778169336872,0,38.9505007866292,18,3,0,normal
2026-01-05 18:43:00,38.86591421390516,79.34681491881679,0,51.089518165207316,18,1,0,normal
2026-01-05 18:44:00,41.08176928302067,82.59337527181539,0,46.70168293237073,18,1,0,normal
2026-01-05 18:45:00,35.110791106543935,108.4336215984284,0,43.91629732690064,18,1,0,normal
2026-01-05 18:46:00,31.142424735989323,51.2554885100344,1,50.12826796887082,18,1,0,normal
2026-01-05 18:47:00,50.83344659612089,79.47781527863071,0,50.2715731039965,18,1,0,normal
2026-01-05 18:48:00,36.20036377173837,75.26648461198216,0,37.22954942818161,18,1,0,normal
2026-01-05 18:49:00,39.419439380878664,94.19822791575173,2,52.33371451515887,18,1,0,normal
2026-01-05 18:50:00,46.06503841012188,754.5007431229029,1,44.31552742388627,18,1,1,data_exfiltration
2026-01-05 18:51:00,61.1743311254229,88.85543312172419,0,45.66587132346356,18,2,0,normal
2026-01-05 18:52:00,32.53308130066681,85.17629279022624,0,34.47491542000558,18,1,0,normal
2026-01-05 18:53:00,42.69896328235906,66.0201331207469,0,34.71781392483246,18,1,0,normal
2026-01-05 18:54:00,35.75468628823536,98.1689824473952,0,33.361407892437235,18,1,0,normal
2026-01-05 18:55:00,36.767258172539734,91.97757356923503,0,64.14446245945894,18,1,0,normal
2026-01-05 18:56:00,35.67872787395926,93.73294687587115,0,63.146525846833036,18,3,0,normal
2026-01-05 18:57:00,33.24607019319649,98.96075255760746,0,31.38585679023468,18,2,0,normal
2026-01-05 18:58:00,39.75225182929203,86.26512650977939,0,32.88547869802912,18,1,0,normal
2026-01-05 18:59:00,31.152983877710586,102.2148860617624,0,40.90161517916893,18,2,0,normal
2026-01-05 19:00:00,30.680845399071224,55.66459357679962,0,28.857037716853707,19,1,0,normal
2026-01-05 19:01:00,25.330017616200248,46.71412117963087,0,25.00157068397381,19,1,0,normal
2026-01-05 19:02:00,93.19542312152039,49.900941342749526,0,37.33960560489396,19,1,1,crypto_mining
2026-01-05 19:03:00,22.202868328322662,49.642343477958256,0,17.5635843407071,19,1,0,normal
2026-01-05 19:04:00,22.79677639472951,42.209130168641856,0,14.421328350898634,19,2,0,normal
2026-01-05 19:05:00,26.72538343100397,74.47833272555332,0,20.44734363838454,19,1,0,normal
2026-01-05 19:06:00,18.015696205565046,54.44443048255501,1,18.609516733177262,19,1,0,normal
2026-01-05 19:07:00,22.852057393519985,51.4210771374936,0,19.781801414976673,19,2,0,normal
2026-01-05 19:08:00,19.842318916729276,55.824113823896504,0,20.855084655359597,19,1,0,normal
2026-01-05 19:09:00,19.656587136453915,94.6978177510572,1,36.96023985097783,19,1,0,normal
2026-01-05 19:10:00,12.340970556246152,33.02413717100511,0,20.96169511157963,19,2,0,normal
2026-01-05 19:11:00,33.03595953688,37.32442232425586,0,11.494163147648292,19,1,0,normal
2026-01-05 19:12:00,20.880767481077385,29.291434738295056,0,17.67578532471586,19,1,0,normal
2026-01-05 19:13:00,31.9802563309813,46.51101142346771,0,25.805479300063237,19,3,0,normal
2026-01-05 19:14:00,31.412753928365753,53.68277664991041,0,24.803032866533005,19,1,0,normal
2026-01-05 19:15:00,17.284001760901038,43.02016222488384,0,24.366961909903267,19,3,0,normal
2026-01-05 19:16:00,18.469532585962924,41.90409802772345,0,6.408056486178488,19,1,0,normal
2026-01-05 19:17:00,40.3630177561341,52.136072999421984,0,7.52435793405043,19,1,0,normal
2026-01-05 19:18:00,35.50555565156286,42.46838262755454,1,18.949176029471076,19,1,0,normal
2026-01-05 19:19:00,24.810888920031374,684.3732971857856,1,23.568596804044017,19,1,1,data_exfiltration
2026-01-05 19:20:00,26.544238638504098,66.71351520113906,0,13.351552888464125,19,1,0,normal
2026-01-05 19:21:00,21.21492158231687,60.15545704701209,0,31.953833279035464,19,1,0,normal
2026-01-05 19:22:00,27.59411628520204,63.215200207478034,0,24.326321926016846,19,1,0,normal
2026-01-05 19:23:00,20.69690859566517,66.28877617260079,0,15.85469354484787,19,1,0,normal
2026-01-05 19:24:00,12.805877414209693,54.242422401780544,1,42.24161770804281,19,1,0,normal
2026-01-05 19:25:00,17.070665280933696,47.620384609353486,1,16.27564453843452,19,1,0,normal
2026-01-05 19:26:00,25.126556487103525,38.41620393675207,0,17.044796177479068,19,1,0,normal
2026-01-05 19:27:00,18.213596586984472,44.132327545464186,1,16.671556797076757,19,2,0,normal
2026-01-05 19:28:00,24.59633521051879,42.14471700984658,0,20.334202754316482,19,1,0,normal
2026-01-05 19:29:00,18.55203376340282,60.97508489931367,0,11.4019343223692,19,2,0,normal
2026-01-05 19:30:00,20.30587646498804,55.201738318912945,0,25.897382012416593,19,1,0,normal
2026-01-05 19:31:00,30.11899183847915,60.45136794071452,1,26.998527652433765,19,1,0,normal
2026-01-05 19:32:00,26.484883285840628,32.59494715849773,0,25.33705182954286,19,2,0,normal
2026-01-05 19:33:00,24.942013472119918,71.47624226361619,1,16.375130692541603,19,2,0,normal
2026-01-05 19:34:00,30.273783838423906,43.595294427398564,0,16.41124455304594,19,1,0,normal
2026-01-05 19:35:00,27.883651560084083,33.49975036888006,0,24.904787129279796,19,1,0,normal
2026-01-05 19:36:00,33.67937974750821,43.41173352767281,0,21.72504828844126,19,1,0,normal
2026-01-05 19:37:00,22.24084442610916,87.25648988881262,0,13.585268279787243,19,1,0,normal
2026-01-05 19:38:00,22.42219012883495,44.184247002626485,0,3.807141910334341,19,5,0,normal
2026-01-05 19:39:00,17.193344401651927,45.12355292793612,0,16.841939726328803,19,1,0,normal
2026-01-05 19:40:00,22.426115695765482,47.118429790554856,0,24.176192784775566,19,1,0,normal
2026-01-05 19:41:00,30.788619365814675,47.77069424852817,0,23.95912303282439,19,1,0,normal
2026-01-05 19:42:00,32.7999242335728,38.27785901298118,0,7.883972611646602,19,2,0,normal
2026-01-05 19:43:00,30.76183100852001,52.148196248091956,0,26.698452747529693,19,1,0,normal
2026-01-05 19:44:00,14.234848800703382,66.13392362297495,0,34.80807695104339,19,1,0,normal
2026-01-05 19:45:00,31.498871275964405,54.714339732180605,0,17.190513879317137,19,2,0,normal
2026-01-05 19:46:00,13.968888260367576,33.33252051650022,0,18.372113059809976,19,2,0,normal
2026-01-05 19:47:00,30.388703944734083,44.834811425994374,0,15.814299736213162,19,2,0,normal
2026-01-05 19:48:00,22.79329284057367,41.72708899847555,0,17.17469510557566,19,1,0,normal
2026-01-05 19:49:00,29.215199883603134,50.79409202352202,0,29.692226933277404,19,1,0,normal
2026-01-05 19:50:00,17.005309912632605,69.95677507343476,0,13.725227611852798,19,2,0,normal
2026-01-05 19:51:00,32.02700579623688,47.76675805968676,0,21.93789942783028,19,2,0,normal
2026-01-05 19:52:00,16.210151523370666,48.67767696694414,0,17.799676118042626,19,1,0,normal
2026-01-05 19:53:00,20.989270534880934,76.66467228229143,0,21.52575274536832,19,1,0,normal
2026-01-05 19:54:00,19.01143223338579,63.14308987507491,0,17.71169951158538,19,1,0,normal
2026-01-05 19:55:00,14.474290883065006,58.61121923159803,1,26.56594931410661,19,1,0,normal
2026-01-05 19:56:00,25.56716540553081,79.37197422952664,1,28.32736081336461,19,1,0,normal
2026-01-05 19:57:00,35.83653470702177,57.347168821910195,30,22.99238402863335,1,2,1,brute_force_login
2026-01-05 19:58:00,41.00143133392005,20.202092870337164,0,18.276352272914234,19,1,0,normal
2026-01-05 19:59:00,25.582934722517486,62.48998636820541,0,176.5048800418502,19,11,1,credential_stuffing
2026-01-05 20:00:00,31.700087650405134,26.119873143220246,0,14.00624718459991,20,1,0,normal
2026-01-05 20:01:00,26.392567827571224,56.78008052873672,0,23.4361325356156,20,1,0,normal
2026-01-05 20:02:00,27.993299168609276,24.2938463880614,0,15.884275933194495,20,4,0,normal
2026-01-05 20:03:00,22.947108093236565,42.99716884400121,1,21.719918482303942,20,1,0,normal
2026-01-05 20:04:00,26.170461552535613,44.54323205585193,1,12.32201568482162,20,1,0,normal
2026-01-05 20:05:00,28.22487222763857,38.4482133915237,0,29.470294744098375,20,1,0,normal
2026-01-05 20:06:00,21.529241626742014,44.767220042131996,0,9.94539958669765,20,1,0,normal
2026-01-05 20:07:00,24.535034200642073,65.48842580540828,0,18.9710901936648,20,1,0,normal
2026-01-05 20:08:00,24.64941928601507,39.2907063176067,1,8.183792983612626,20,2,0,normal
2026-01-05 20:09:00,29.95841990398315,58.17711319265811,0,29.30042730430976,20,1,0,normal
2026-01-05 20:10:00,18.60380697023392,35.5152554058905,0,32.433455814655325,20,1,0,normal
2026-01-05 20:11:00,24.69074674835409,47.15750635411806,0,10.472279118055274,20,2,0,normal
2026-01-05 20:12:00,36.47203281431619,54.85758899491175,0,22.594166195460534,20,2,0,normal
2026-01-05 20:13:00,31.984360915515623,35.052073750721604,0,17.63333757261495,20,1,0,normal
2026-01-05 20:14:00,33.09507429333223,30.32419350633965,0,24.09655196987304,20,1,0,normal
2026-01-05 20:15:00,25.146591041068206,57.37817225868332,0,32.61095016791322,20,3,0,normal
2026-01-05 20:16:00,26.92598538211614,66.84620599010958,0,23.083323622165057,20,1,0,normal
2026-01-05 20:17:00,31.01341700021755,48.81402470768942,0,13.8754138981651,20,1,0,normal
2026-01-05 20:18:00,34.361533177185585,43.14030640164944,0,14.476381530859005,20,1,0,normal
2026-01-05 20:19:00,13.29038252270268,52.335130815325805,1,17.168810430117777,20,1,0,normal
2026-01-05 20:20:00,17.107352157700927,50.832198781480706,0,14.17809783724557,20,1,0,normal
2026-01-05 20:21:00,32.85666460841588,53.64353811066877,0,26.081813998316264,20,1,0,normal
2026-01-05 20:22:00,23.33866386538718,12.076323495294282,0,26.763539499829694,20,1,0,normal
2026-01-05 20:23:00,20.969675264451535,33.96343563251055,0,30.0770338280083,20,1,0,normal
2026-01-05 20:24:00,17.475034078026376,37.32154841844719,0,16.601931552407265,20,1,0,normal
2026-01-05 20:25:00,21.669899790735343,52.26301442767344,1,29.23405125535241,20,1,0,normal
2026-01-05 20:26:00,16.585784299457053,52.788168254333996,0,33.46610910242137,20,3,0,normal
2026-01-05 20:27:00,37.54656563639486,59.54270733026054,0,9.388086470228991,20,1,0,normal
2026-01-05 20:28:00,24.86538368811656,53.86372623815655,0,16.101882599147363,20,1,0,normal
2026-01-05 20:29:00,24.652296749423694,30.488973944189965,2,19.134837714133266,20,1,0,normal
2026-01-05 20:30:00,28.52846005100699,71.7050692637759,0,26.578323077699277,20,1,0,normal
2026-01-05 20:31:00,30.774071015599418,69.0787745513355,0,30.721077368503934,20,1,0,normal
2026-01-05 20:32:00,30.675328939327834,31.12704064959611,0,6.1555307558533645,20,2,0,normal
2026-01-05 20:33:00,31.44173166344543,54.99057941561274,36,14.643438325558892,1,4,1,brute_force_login
2026-01-05 20:34:00,21.21492669525486,41.06863422135476,0,29.164043143279653,20,1,0,normal
2026-01-05 20:35:00,23.212799170258833,52.08295983800822,0,13.183896058719927,20,1,0,normal
2026-01-05 20:36:00,29.61418993265365,65.79965419462806,0,26.385696285602204,20,1,0,normal
2026-01-05 20:37:00,21.835665630162282,81.95156399481438,0,24.588483073944687,20,4,0,normal
2026-01-05 20:38:00,24.96936020783665,61.26916557713915,0,26.21820075668098,20,1,0,normal
2026-01-05 20:39:00,27.392582586548887,54.42402102665204,0,26.320322472587886,20,1,0,normal
2026-01-05 20:40:00,29.711110493862257,44.90268247537554,0,16.58694855020739,20,1,0,normal
2026-01-05 20:41:00,14.333914225778793,52.732023065167645,1,17.873400045196778,20,1,0,normal
2026-01-05 20:42:00,29.28847389933367,70.3965783999247,0,17.23664801774849,20,2,0,normal
2026-01-05 20:43:00,23.597655652889646,49.32936864860622,0,21.80205808588891,20,1,0,normal
2026-01-05 20:44:00,29.244746265186286,36.70831022978525,0,2.950701771370646,20,1,0,normal
2026-01-05 20:45:00,29.661590154128973,25.704652017250602,0,23.859495263542843,20,1,0,normal
2026-01-05 20:46:00,34.64749036671495,57.69571801115376,0,33.77991382515779,20,2,0,normal
2026-01-05 20:47:00,33.12072188572722,53.70932188441609,1,21.578710321049822,20,1,0,normal
2026-01-05 20:48:00,33.079429975661775,40.31137740106555,1,19.021280126971558,20,2,0,normal
2026-01-05 20:49:00,33.66202191499743,65.39021188560946,0,20.58844765670994,20,1,0,normal
2026-01-05 20:50:00,26.748273908895676,43.67334703418554,0,24.24549432555016,20,2,0,normal
2026-01-05 20:51:00,25.193110522221037,47.980338622628075,0,29.146876489605503,20,1,0,normal
2026-01-05 20:52:00,30.236902499070005,49.75003800053085,2,19.45705767172626,20,2,0,normal
2026-01-05 20:53:00,29.392485708598134,44.73570886792868,0,18.6649519166018,20,3,0,normal
2026-01-05 20:54:00,23.14560257957044,53.537975986243566,0,9.008576536275955,20,1,0,normal
2026-01-05 20:55:00,27.42894045284961,67.27272718899502,0,20.375427217998368,20,1,0,normal
2026-01-05 20:56:00,24.789421199292434,32.86277152822366,0,10.38489520386253,20,1,0,normal
2026-01-05 20:57:00,19.876402549239664,57.327802077110135,0,15.621379896343957,20,1,0,normal
2026-01-05 20:58:00,32.7427644482581,52.58238004409662,0,27.020145183829154,20,4,0,normal
2026-01-05 20:59:00,25.331195455180534,52.30645744317059,0,28.16704958838575,20,1,0,normal
2026-01-05 21:00:00,37.292249546193105,63.07766854811136,0,23.70601555708113,21,1,0,normal
2026-01-05 21:01:00,15.247046378801004,50.73946137825738,1,29.71561961403608,21,1,0,normal
2026-01-05 21:02:00,21.659327362939802,57.20343892858554,0,6.799881742095275,21,1,0,normal
2026-01-05 21:03:00,25.19583302014523,60.73796944356721,0,33.024457678372315,21,1,0,normal
2026-01-05 21:04:00,31.824286585773486,42.434521994290904,0,13.20930463854076,21,1,0,normal
2026-01-05 21:05:00,27.39681623561311,54.487751912206974,0,22.40640288982338,21,2,0,normal
2026-01-05 21:06:00,26.862836525084507,46.23818589184052,1,14.676050026473254,21,1,0,normal
2026-01-05 21:07:00,18.236417244675117,48.009773304201566,0,22.48000913432288,21,1,0,normal
2026-01-05 21:08:00,18.05835161662317,45.16907905282502,0,20.142958413123242,21,1,0,normal
2026-01-05 21:09:00,26.93502796173943,57.06620606145329,0,29.10004036795042,21,2,0,normal
2026-01-05 21:10:00,16.81536403708985,51.2246706352738,0,39.719765422277675,21,4,0,normal
2026-01-05 21:11:00,21.80873349826403,55.91816051475011,0,27.054536315337604,21,1,0,normal
2026-01-05 21:12:00,28.005503974515143,49.73723955656377,0,19.0436183156536,21,1,0,normal
2026-01-05 21:13:00,19.106054366339343,25.938184812945128,1,32.26285032995332,21,1,0,normal
2026-01-05 21:14:00,34.63213577417084,50.47052624149563,0,6.4236186564176965,21,2,0,normal
2026-01-05 21:15:00,32.34361806542734,50.95306932735225,36,15.355468507214242,1,2,1,brute_force_login
2026-01-05 21:16:00,15.571480009970198,53.638939057301904,0,18.15303750937689,21,1,0,normal
2026-01-05 21:17:00,19.405772540908078,41.09406209471387,0,17.78142800241375,21,1,0,normal
2026-01-05 21:18:00,11.2853365330303,32.06795425001732,1,14.088389882889583,21,1,0,normal
2026-01-05 21:19:00,20.3044518247112,59.36909967341417,0,25.567838231084206,21,2,0,normal
2026-01-05 21:20:00,29.598330859434398,45.895901651987465,0,19.982686457970136,21,1,0,normal
2026-01-05 21:21:00,22.51663034635086,52.56866071527494,2,18.907188833385057,21,2,0,normal
2026-01-05 21:22:00,27.764783461695806,45.77809880167557,0,31.274660857046804,21,3,0,normal
2026-01-05 21:23:00,15.865994090309535,49.90907261339608,1,16.42868159196222,21,1,0,normal
2026-01-05 21:24:00,29.787851527491434,43.26071978096287,37,28.22115930965584,4,1,1,brute_force_login
2026-01-05 21:25:00,21.6693446324299,35.47874616269258,0,17.807515987827415,21,1,0,normal
2026-01-05 21:26:00,25.07301809369743,57.105974911529856,1,17.980563145377744,21,1,0,normal
2026-01-05 21:27:00,24.442752991641683,40.953198676608196,0,13.915554410595025,21,3,0,normal
2026-01-05 21:28:00,17.370708874646297,52.45927221342216,0,8.357511379761593,21,2,0,normal
2026-01-05 21:29:00,18.081494009561304,56.15690332853117,1,14.708696886353529,21,2,0,normal
2026-01-05 21:30:00,30.806766814020556,41.19780926595377,2,5.789985123670423,21,2,0,normal
2026-01-05 21:31:00,27.393952945010174,31.941715484405226,0,22.0464439354353,21,1,0,normal
2026-01-05 21:32:00,31.300294249320558,86.39128420779579,0,17.48026548648005,21,1,0,normal
2026-01-05 21:33:00,26.94794941301511,42.08342186081861,1,28.673045940587087,21,1,0,normal
2026-01-05 21:34:00,25.8579438088553,59.351257379017376,0,14.19937083290239,21,2,0,normal
2026-01-05 21:35:00,91.442857160662,79.09195324355186,0,17.938606410717476,21,1,1,crypto_mining
2026-01-05 21:36:00,23.37779981943298,61.8486162028084,0,29.742429218816948,21,3,0,normal
2026-01-05 21:37:00,24.835694077577536,45.493357867586724,0,27.120164874422414,21,1,0,normal
2026-01-05 21:38:00,36.71864318963544,48.99325418697333,0,21.09053226315997,21,1,0,normal
2026-01-05 21:39:00,29.121739792592063,37.510891703917274,0,11.721940162939283,21,1,0,normal
2026-01-05 21:40:00,34.21636709025717,63.22544640436613,1,24.694277113909855,21,2,0,normal
2026-01-05 21:41:00,28.58522623536837,58.494060620880326,0,17.694136703122318,21,1,0,normal
2026-01-05 21:42:00,20.732180638303124,42.283612726073855,1,15.84032580217941,21,3,0,normal
2026-01-05 21:43:00,25.702745296899106,793.3120969130782,0,30.650233313259136,21,2,1,data_exfiltration
2026-01-05 21:44:00,26.417341877585397,30.181493935044628,0,31.730758339354843,21,1,0,normal
2026-01-05 21:45:00,19.36506658137591,64.79771005706301,1,12.906896504455904,21,1,0,normal
2026-01-05 21:46:00,22.693675740442472,51.80559693433341,1,33.728599898174174,21,1,0,normal
2026-01-05 21:47:00,23.76539803793697,53.22476804499127,0,19.28261017884797,21,1,0,normal
2026-01-05 21:48:00,34.63371899539071,37.65577061206464,1,26.26192728686447,21,1,0,normal
2026-01-05 21:49:00,12.51555684765413,28.047453450433906,0,34.65016360163096,21,2,0,normal
2026-01-05 21:50:00,32.23491052429626,64.43920362067449,0,18.69686474073726,21,1,0,normal
2026-01-05 21:51:00,19.379228590243702,50.63058555495846,0,22.095480092748456,21,2,0,normal
2026-01-05 21:52:00,16.767524876382318,63.60851990086431,0,25.78761223267354,21,2,0,normal
2026-01-05 21:53:00,32.07965278023079,44.21100310226654,0,32.64240405795612,21,1,0,normal
2026-01-05 21:54:00,29.391388415406286,46.447732354447126,0,20.15951987395891,21,1,0,normal
2026-01-05 21:55:00,32.52711221428714,60.699472649309484,0,26.47503547025248,21,2,0,normal
2026-01-05 21:56:00,29.80421168527346,60.98522119475787,0,13.805864379692931,21,2,0,normal
2026-01-05 21:57:00,37.35907001042441,61.96348434028931,0,8.147630588574977,21,1,0,normal
2026-01-05 21:58:00,28.35234302166691,45.57198120345956,0,14.572181787246084,21,1,0,normal
2026-01-05 21:59:00,24.061135743261048,59.21820856476302,1,14.550023034719747,21,1,0,normal
2026-01-05 22:00:00,27.057558263928055,66.63649198215079,0,27.800984046997698,22,4,0,normal
2026-01-05 22:01:00,32.460814770075785,48.42841982477699,0,19.41222859586062,22,1,0,normal
2026-01-05 22:02:00,20.3237480484393,42.29767454338919,0,15.113169532843441,22,2,0,normal
2026-01-05 22:03:00,21.088668504811714,70.14121404975148,0,12.901605764237317,22,1,0,normal
2026-01-05 22:04:00,23.146239912412554,40.18331399673039,0,16.658445280329087,22,1,0,normal
2026-01-05 22:05:00,12.372503207408005,59.44214745671715,0,27.337948427332694,22,1,0,normal
2026-01-05 22:06:00,25.828470450505282,49.12366534220208,0,12.879675927931515,22,1,0,normal
2026-01-05 22:07:00,13.683227776293844,22.376515752731592,0,18.98128656677475,22,1,0,normal
2026-01-05 22:08:00,25.318355877595714,808.1827045294633,0,16.9423581169354,22,1,1,data_exfiltration
2026-01-05 22:09:00,30.1917385368115,8.632195556789483,0,22.83370876590377,22,2,0,normal
2026-01-05 22:10:00,22.138741236136987,20.238078998635867,2,34.727355041625806,22,1,0,normal
2026-01-05 22:11:00,35.062695221121224,57.90995119221007,1,14.78416094683024,22,1,0,normal
2026-01-05 22:12:00,16.236994603489073,57.90606798017173,0,22.539087487922448,22,1,0,normal
2026-01-05 22:13:00,32.147564089791,40.43630213183697,0,19.877392019309777,22,1,0,normal
2026-01-05 22:14:00,29.050822338441524,52.217331354548676,0,16.271158452942032,22,1,0,normal
2026-01-05 22:15:00,14.703800510135865,605.2040767702432,0,20.40332067883201,22,2,1,data_exfiltration
2026-01-05 22:16:00,41.264765794243196,60.60463196705899,0,34.55839328312943,22,2,0,normal
2026-01-05 22:17:00,24.617528286976203,53.74588230580395,1,19.447670634677777,22,2,0,normal
2026-01-05 22:18:00,19.73509586706621,49.315357199993066,2,19.446662354082193,22,1,0,normal
2026-01-05 22:19:00,16.5574768312959,50.31262223206658,0,16.96982631167307,22,1,0,normal
2026-01-05 22:20:00,23.679891834041957,57.39881264289548,0,23.323181536828027,22,1,0,normal
2026-01-05 22:21:00,24.23555876566024,49.56647714753208,0,12.00096847548262,22,1,0,normal
2026-01-05 22:22:00,25.615873171237986,21.889167459031697,0,20.97157073716078,22,1,0,normal
2026-01-05 22:23:00,23.21322306265624,82.94498351783784,0,23.566594564733133,22,1,0,normal
2026-01-05 22:24:00,28.79935186069056,830.7204660904786,2,13.215028623751715,22,1,1,data_exfiltration
2026-01-05 22:25:00,22.674221004020524,30.725830070677578,0,32.783031089790356,22,1,0,normal
2026-01-05 22:26:00,13.390215296557173,44.82294154285114,1,32.489927115674675,22,1,0,normal
2026-01-05 22:27:00,24.103831026102153,46.45948714765939,0,37.981441732331575,22,2,0,normal
2026-01-05 22:28:00,10.79513407976033,66.18274349763445,1,24.570877657320214,22,1,0,normal
2026-01-05 22:29:00,27.12262378534834,17.61096597020348,0,23.324713141726996,22,1,0,normal
2026-01-05 22:30:00,19.124198618304188,42.514876033553165,1,19.37646202686885,22,2,0,normal
2026-01-05 22:31:00,25.980162129494804,23.590453349937444,0,20.545353685592307,22,1,0,normal
2026-01-05 22:32:00,32.884449889147625,45.723567262574925,0,211.73876201861825,22,10,1,credential_stuffing
2026-01-05 22:33:00,19.307507828391998,42.912486603726435,0,20.137484195741457,22,1,0,normal
2026-01-05 22:34:00,31.367537551072708,51.195411010740685,0,18.793409673374384,22,1,0,normal
2026-01-05 22:35:00,22.39966259988308,40.92688401486225,1,24.471402933113,22,1,0,normal
2026-01-05 22:36:00,35.51916881239352,38.734649129142134,0,14.989286178042299,22,1,0,normal
2026-01-05 22:37:00,22.80908432081072,59.294850376447215,0,32.64260885600868,22,1,0,normal
2026-01-05 22:38:00,19.957042086959852,56.820091114138705,0,20.067285014250068,22,1,0,normal
2026-01-05 22:39:00,29.12343070237173,58.27097514167363,1,26.118046675380498,22,3,0,normal
2026-01-05 22:40:00,22.385261622258184,47.34649864263736,0,13.587092402777559,22,2,0,normal
2026-01-05 22:41:00,19.95130291522595,41.42392126662216,0,19.65232729040212,22,1,0,normal
2026-01-05 22:42:00,22.132960895777252,48.21721276968844,1,16.850559145359085,22,1,0,normal
2026-01-05 22:43:00,24.73236080690199,57.51743105102678,0,17.187992128415786,22,1,0,normal
2026-01-05 22:44:00,33.05308078746913,17.348304485422275,1,10.90023002660824,22,1,0,normal
2026-01-05 22:45:00,13.395473527242537,55.91167895556287,0,28.450523699477532,22,1,0,normal
2026-01-05 22:46:00,25.138483953702526,54.63707281002197,1,23.875923657407238,22,1,0,normal
2026-01-05 22:47:00,28.74942156792426,50.9322635912859,0,8.649836404407413,22,2,0,normal
2026-01-05 22:48:00,26.160691449950775,47.76029867192487,0,18.300057803102188,22,2,0,normal
2026-01-05 22:49:00,32.8591910166012,11.508209211013792,0,18.259806683747822,22,2,0,normal
2026-01-05 22:50:00,24.553928021448854,43.40220105349391,0,23.19122168300298,22,1,0,normal
2026-01-05 22:51:00,23.89269134688433,76.8415806661606,2,18.83892136018905,22,2,0,normal
2026-01-05 22:52:00,28.55397728208006,50.193519433524585,0,28.696287608440738,22,1,0,normal
2026-01-05 22:53:00,25.595882889708097,45.39065241987923,0,27.71264722586865,22,1,0,normal
2026-01-05 22:54:00,22.657547570317174,50.25359293385169,0,37.65471637435048,22,1,0,normal
2026-01-05 22:55:00,28.09686423751828,55.32159302942013,0,2.1857254349546693,22,1,0,normal
2026-01-05 22:56:00,21.08483024070013,59.88230367034197,1,30.938952426576137,22,2,0,normal
2026-01-05 22:57:00,21.332937087884037,46.566797552630874,1,26.35908441302204,22,1,0,normal
2026-01-05 22:58:00,21.83203586940632,56.373794035905256,1,18.59897561328898,22,2,0,normal
2026-01-05 22:59:00,33.11841496099844,75.14976204142039,0,17.946922305447274,22,1,0,normal
2026-01-05 23:00:00,5.673901864085721,65.09376199149072,0,19.29386337075921,23,1,0,normal
2026-01-05 23:01:00,27.373593008577654,85.10450323785469,0,21.982928769158104,23,3,0,normal
2026-01-05 23:02:00,25.205630885201334,40.148444624724256,0,15.67302452963537,23,1,0,normal
2026-01-05 23:03:00,14.914777244571278,75.14284261253023,1,7.170915047456408,23,1,0,normal
2026-01-05 23:04:00,26.858360674816012,38.139895401161084,1,15.842894899686593,23,1,0,normal
2026-01-05 23:05:00,27.854511950989192,55.30349220110695,1,17.873966968066163,23,1,0,normal
2026-01-05 23:06:00,28.5378353881444,60.98714793857149,0,24.56114436133105,23,1,0,normal
2026-01-05 23:07:00,9.089031621730307,42.338342121432916,1,10.496337327241227,23,1,0,normal
2026-01-05 23:08:00,33.19833647112663,51.31946416211414,0,25.14095843225785,23,1,0,normal
2026-01-05 23:09:00,20.573579771890955,63.656916536777615,0,10.362741357806364,23,2,0,normal
2026-01-05 23:10:00,29.119406480519057,39.34593652532138,0,23.17792719675287,23,1,0,normal
2026-01-05 23:11:00,29.446442684093718,75.0407518932147,1,24.41892313886244,23,2,0,normal
2026-01-05 23:12:00,19.73981748628424,29.231050629089765,0,18.95703980394179,23,2,0,normal
2026-01-05 23:13:00,28.962759714109303,79.09537164092576,1,20.369132341728275,23,5,0,normal
2026-01-05 23:14:00,22.68704055452585,65.01989202199388,0,25.579683225340382,23,1,0,normal
2026-01-05 23:15:00,12.571736923971056,48.65411635508332,0,15.343401344938474,23,1,0,normal
2026-01-05 23:16:00,32.00645155316667,43.959976831449026,0,22.47055255021603,23,3,0,normal
2026-01-05 23:17:00,20.34973022190256,42.394576058134646,0,17.193998549090818,23,1,0,normal
2026-01-05 23:18:00,19.873039223571674,47.96306539614478,0,32.40124900550352,23,1,0,normal
2026-01-05 23:19:00,22.581604791779668,49.272562076767606,0,24.345834828995873,23,2,0,normal
2026-01-05 23:20:00,26.63342035196433,68.82839369951873,0,11.646275829140228,23,1,0,normal
2026-01-05 23:21:00,24.656377535067385,79.52981150576876,0,34.54241859438715,23,2,0,normal
2026-01-05 23:22:00,28.288401548243023,52.99069880981011,0,28.014055062530517,23,4,0,normal
2026-01-05 23:23:00,16.963063800828046,37.31557268015894,0,10.348446083087191,23,1,0,normal
2026-01-05 23:24:00,20.54568177741559,41.81410939045709,3,7.789998869067144,23,1,0,normal
2026-01-05 23:25:00,24.304017566070797,47.25363823083073,1,10.1767941649271,23,1,0,normal
2026-01-05 23:26:00,36.38732375595224,34.548168420548365,0,12.14320999790357,23,2,0,normal
2026-01-05 23:27:00,24.317124769517452,32.31587896838932,0,21.210257004400624,23,1,0,normal
2026-01-05 23:28:00,31.51133358196979,81.45690818559541,0,20.657946553881306,23,2,0,normal
2026-01-05 23:29:00,25.231331012705905,54.53920288919381,0,25.878483391107814,23,2,0,normal
2026-01-05 23:30:00,22.09804817537459,37.5030029947948,0,17.51399946472929,23,2,0,normal
2026-01-05 23:31:00,23.519653455313357,62.24905355536569,0,17.914965201714658,23,1,0,normal
2026-01-05 23:32:00,23.989481727826714,32.32480812789731,0,20.90008944634604,23,1,0,normal
2026-01-05 23:33:00,28.621874433764432,33.559819281934196,1,29.007078218319606,23,2,0,normal
2026-01-05 23:34:00,33.24766760545933,37.95436398403632,0,4.859496703679019,23,1,0,normal
2026-01-05 23:35:00,27.158085086117925,74.8176992129755,0,17.948578211440537,23,1,0,normal
2026-01-05 23:36:00,90.25909956803524,46.20679901332439,0,30.54957913142541,23,1,1,crypto_mining
2026-01-05 23:37:00,19.211261574221886,13.3743951964627,0,20.54224398645283,23,1,0,normal
2026-01-05 23:38:00,22.512216947115817,68.1509889976339,1,17.640928014762714,23,1,0,normal
2026-01-05 23:39:00,20.654184794754,45.40427953756464,0,13.482906274249537,23,1,0,normal
2026-01-05 23:40:00,26.886667545249114,22.258879911823914,0,27.220111080181486,23,1,0,normal
2026-01-05 23:41:00,95.49332616270257,45.24974768054885,2,16.149552222592582,23,2,1,crypto_mining
2026-01-05 23:42:00,29.378637622205172,57.81505844907355,0,16.086239702325994,23,2,0,normal
2026-01-05 23:43:00,19.41398973020535,56.06073749799454,0,30.90989174893519,23,1,0,normal
2026-01-05 23:44:00,25.258185839927688,76.9762246874723,1,11.624972345909402,23,1,0,normal
2026-01-05 23:45:00,29.121147466073538,37.20848206145104,0,33.05102019472544,23,1,0,normal
2026-01-05 23:46:00,12.608183349756338,50.700801803974585,0,21.35255457576991,23,3,0,normal
2026-01-05 23:47:00,37.72978784398122,39.50646082132367,0,20.19636167559471,23,1,0,normal
2026-01-05 23:48:00,23.301088690720746,26.867106587191657,0,22.283231158517715,23,1,0,normal
2026-01-05 23:49:00,12.849760517942961,63.282910584589324,0,20.1662483271891,23,1,0,normal
2026-01-05 23:50:00,25.948563391460716,56.9490435372128,0,15.77551012729702,23,2,0,normal
2026-01-05 23:51:00,25.200660807838904,54.25517674548279,0,22.753365394663337,23,2,0,normal
2026-01-05 23:52:00,24.50863372256504,56.40185289887967,2,16.081076637519498,23,2,0,normal
2026-01-05 23:53:00,30.94714667756,39.7179072096737,1,23.424327027838057,23,1,0,normal
2026-01-05 23:54:00,29.484669828562335,34.9145736902271,0,38.50008504468032,23,2,0,normal
2026-01-05 23:55:00,26.78725714614307,50.56471058254041,0,25.28129953856978,23,1,0,normal
2026-01-05 23:56:00,27.700933803679884,67.41817103617421,0,18.49057547354296,23,1,0,normal
2026-01-05 23:57:00,24.373849303371482,74.12115703180321,2,22.044515771353627,23,1,0,normal
2026-01-05 23:58:00,35.65294509544029,61.931490602111495,2,17.44127170550994,23,1,0,normal
2026-01-05 23:59:00,16.124823889853403,50.43761640152144,1,18.529369404068028,23,1,0,normal
2026-01-06 00:00:00,25.83791004529538,54.04675894099904,1,19.10621196102994,0,1,0,normal
2026-01-06 00:01:00,25.39014778713268,50.173907889880574,0,23.802240571985877,0,1,0,normal
2026-01-06 00:02:00,29.879682436387558,34.61084990450858,0,27.25433322146835,0,1,0,normal
2026-01-06 00:03:00,19.936876735450603,50.369710673158146,0,36.873665304062364,0,1,0,normal
2026-01-06 00:04:00,14.537964385620784,29.9775977361726,0,25.187596810463983,0,1,0,normal
2026-01-06 00:05:00,25.94093809658916,48.138841608454406,0,11.225252007574804,0,2,0,normal
2026-01-06 00:06:00,26.687382953311626,74.54157665894479,1,9.752403447363394,0,4,0,normal
2026-01-06 00:07:00,33.937596456685895,62.342888341750275,1,19.46289689494882,0,1,0,normal
2026-01-06 00:08:00,17.37782772204948,36.153212236452056,0,28.00341590495526,0,2,0,normal
2026-01-06 00:09:00,31.92816260030032,48.91356395536575,0,18.33636761383593,0,1,0,normal
2026-01-06 00:10:00,39.20448618416273,37.48435532367893,0,18.460358585857488,0,1,0,normal
2026-01-06 00:11:00,22.733410674865137,49.062293477341846,0,27.199101737607947,0,1,0,normal
2026-01-06 00:12:00,17.254346683040655,65.61661724786845,0,19.785860173638106,0,1,0,normal
2026-01-06 00:13:00,22.558153801759772,59.795119074648554,0,28.275281572034036,0,1,0,normal
2026-01-06 00:14:00,25.084029804228283,87.26216121118003,0,7.96144866777375,0,1,0,normal
2026-01-06 00:15:00,28.382727250041487,67.88716103761357,0,23.813622762106608,0,2,0,normal
2026-01-06 00:16:00,21.451631620971717,53.06000571616537,0,5.790207239995951,0,1,0,normal
2026-01-06 00:17:00,90.01543111953198,60.1572496119994,0,22.13314666573479,0,2,1,crypto_mining
2026-01-06 00:18:00,18.31280610995163,46.96335238724996,1,27.205223278127672,0,1,0,normal
2026-01-06 00:19:00,14.5647690869632,33.08743629370255,0,6.974771512423942,0,3,0,normal
2026-01-06 00:20:00,31.640262545723903,69.58664867431281,0,1.638092074947103,0,1,0,normal
2026-01-06 00:21:00,11.352273812762803,65.13487215397473,0,26.807985576485287,0,2,0,normal
2026-01-06 00:22:00,23.775221386763704,46.384186781090534,1,23.59530308913041,0,3,0,normal
2026-01-06 00:23:00,43.70608677524828,54.10903605397007,0,11.211569395353855,0,1,0,normal
2026-01-06 00:24:00,24.92773868224041,68.61408781077209,0,21.95486734377613,0,1,0,normal
2026-01-06 00:25:00,18.275394095822502,62.6952713930903,0,15.668491486304918,0,3,0,normal
2026-01-06 00:26:00,24.655615217279237,28.05348123125452,0,18.566828179780266,0,1,0,normal
2026-01-06 00:27:00,24.6951952682828,53.65430032234737,0,17.853300880473714,0,1,0,normal
2026-01-06 00:28:00,25.963899642118697,47.485527117674536,0,9.354239017267794,0,1,0,normal
2026-01-06 00:29:00,28.973577892957717,66.69501048708021,0,27.208765504616885,0,1,0,normal
2026-01-06 00:30:00,18.765332989793563,65.46564108173992,0,11.527469131411948,0,2,0,normal
2026-01-06 00:31:00,35.12528833142076,69.77911742267068,1,20.74123446904568,0,1,0,normal
2026-01-06 00:32:00,26.470685706235706,33.23158491919689,0,25.21645719458808,0,2,0,normal
2026-01-06 00:33:00,29.360764278410823,38.23832698915642,0,13.359389084868663,0,1,0,normal
2026-01-06 00:34:00,21.231103601466145,66.71123654203157,0,17.801007556032708,0,1,0,normal
2026-01-06 00:35:00,32.7182928219732,41.125312769863314,0,15.929897082545903,0,1,0,normal
2026-01-06 00:36:00,23.457685547121613,27.17850528628539,0,33.7959509388339,0,2,0,normal
2026-01-06 00:37:00,26.66531508096119,57.98894731421098,0,27.319194696030305,0,2,0,normal
2026-01-06 00:38:00,19.401363536877344,41.79172339601041,0,26.078974564936125,0,4,0,normal
2026-01-06 00:39:00,19.01841024158724,76.846861554626,1,37.68333085409656,0,1,0,normal
2026-01-06 00:40:00,29.129231838717295,54.44276830982695,0,22.816854367500547,0,1,0,normal
2026-01-06 00:41:00,22.338359018755686,52.403889299624986,0,17.312341772461636,0,1,0,normal
2026-01-06 00:42:00,19.877061474973736,44.461341625763644,0,8.481378731588315,0,1,0,normal
2026-01-06 00:43:00,21.140899947837816,73.86253000890457,2,14.403769932224787,0,4,0,normal
2026-01-06 00:44:00,29.19371843030453,55.378316898347315,0,21.27408506057239,0,1,0,normal
2026-01-06 00:45:00,21.225772832778333,43.872507227656904,0,27.45109110876912,0,4,0,normal
2026-01-06 00:46:00,24.294070410387015,38.088744400918294,1,14.768868324899373,0,1,0,normal
2026-01-06 00:47:00,25.09016650172258,48.89790418153673,0,32.66936081077482,0,3,0,normal
2026-01-06 00:48:00,13.495906683938205,35.33529744267791,0,7.68328902657656,0,1,0,normal
2026-01-06 00:49:00,16.173241567758893,65.43316162518417,0,16.99625763486107,0,1,0,normal
2026-01-06 00:50:00,27.017667335485374,22.874869189636488,21,23.230338526039553,2,1,1,brute_force_login
2026-01-06 00:51:00,20.57782383308382,47.90728957500394,0,21.049373079621876,0,1,0,normal
2026-01-06 00:52:00,31.34034946768251,59.15200317631901,0,23.81380227428088,0,2,0,normal
2026-01-06 00:53:00,30.800842625503265,55.13179130164485,1,21.02810109433152,0,1,0,normal
2026-01-06 00:54:00,29.315011998132622,39.24075540476497,0,25.185823770458544,0,1,0,normal
2026-01-06 00:55:00,35.91863072387559,59.903880600598235,0,18.048602242362076,0,4,0,normal
2026-01-06 00:56:00,24.501464033540902,36.70940917421139,0,17.595275446629383,0,3,0,normal
2026-01-06 00:57:00,28.893291555423033,49.66423015254785,0,13.400161400060533,0,1,0,normal
2026-01-06 00:58:00,21.493594140423813,59.777623579705335,0,37.38970722452238,0,1,0,normal
2026-01-06 00:59:00,39.71421947721234,56.9436916923967,0,19.3720632151955,0,1,0,normal
2026-01-06 01:00:00,36.901801914616115,39.874414828707984,0,23.484217355228953,1,1,0,normal
2026-01-06 01:01:00,25.071282607106752,67.96241774846546,0,18.30929474290365,1,1,0,normal
2026-01-06 01:02:00,27.319517379431154,51.30041857228301,0,32.73509254506233,1,1,0,normal
2026-01-06 01:03:00,33.155785596188835,61.14493116408727,0,19.910319758920366,1,1,0,normal
2026-01-06 01:04:00,24.11716297111536,72.93651510009872,0,22.619902056998747,1,1,0,normal
2026-01-06 01:05:00,21.060255575201772,66.7628082316191,1,13.021049651492941,1,2,0,normal
2026-01-06 01:06:00,30.243938506041296,66.80194109496566,0,34.083717027736554,1,2,0,normal
2026-01-06 01:07:00,25.47063547650202,52.890198947742086,0,21.735954924097506,1,2,0,normal
2026-01-06 01:08:00,26.097966697871563,61.90902681365765,0,34.37490541563207,1,1,0,normal
2026-01-06 01:09:00,19.994371941592206,53.20394861846474,0,15.194043636944318,1,1,0,normal
2026-01-06 01:10:00,14.693967109819623,31.860132983323798,1,16.46405604507699,1,1,0,normal
2026-01-06 01:11:00,26.416854459274607,54.54115688757564,0,15.782829328610653,1,1,0,normal
2026-01-06 01:12:00,30.4297722489652,53.845414756076984,1,17.730658626565205,1,2,0,normal
2026-01-06 01:13:00,23.64515950554375,58.75594042282729,0,25.364413668896198,1,1,0,normal
2026-01-06 01:14:00,33.6185771173532,48.08004537179907,0,3.6135568785319876,1,1,0,normal
2026-01-06 01:15:00,20.77650204750673,38.578166648542236,0,19.61385275838307,1,1,0,normal
2026-01-06 01:16:00,18.671773270204483,59.84759124762841,0,13.754634895858581,1,2,0,normal
2026-01-06 01:17:00,24.59661815682321,30.30091569121628,0,12.895591053815831,1,1,0,normal
2026-01-06 01:18:00,24.504444547892255,71.88228703784704,0,23.74598602969545,1,1,0,normal
2026-01-06 01:19:00,29.619812388011336,46.528729081925114,1,22.400128332697243,1,1,0,normal
2026-01-06 01:20:00,20.35022305561609,53.68292258084252,0,26.904574782370023,1,1,0,normal
2026-01-06 01:21:00,33.208565420889386,58.37837229922358,0,23.09906866449943,1,2,0,normal
2026-01-06 01:22:00,36.80150177504952,58.860320672662866,0,21.437954674070355,1,1,0,normal
2026-01-06 01:23:00,24.76513583818995,28.865235500723976,0,15.531399409396009,1,1,0,normal
2026-01-06 01:24:00,32.498262521105914,62.36129870816396,0,12.584964436954609,1,2,0,normal
2026-01-06 01:25:00,18.66101757624844,54.5473074256441,1,298.7218059019069,1,16,1,credential_stuffing
2026-01-06 01:26:00,31.451329247091493,40.47107923162086,0,17.953331896967875,1,1,0,normal
2026-01-06 01:27:00,31.283658451356775,38.75499573581129,0,23.19373046046456,1,1,0,normal
2026-01-06 01:28:00,30.180623681139274,44.989203769147316,0,19.963901226648105,1,1,0,normal
2026-01-06 01:29:00,24.906621466778237,30.51887470084262,1,3.651203863567254,1,1,0,normal
2026-01-06 01:30:00,7.274506352547814,75.83401086480538,0,23.868005546128238,1,1,0,normal
2026-01-06 01:31:00,21.149637138087222,72.29226987715016,1,14.992994788333032,1,5,0,normal
2026-01-06 01:32:00,21.244503893892386,56.775503014639085,0,26.913586202688197,1,1,0,normal
2026-01-06 01:33:00,19.130470371637138,46.64902375486864,1,5.129024909479032,1,2,0,normal
2026-01-06 01:34:00,25.733458027282396,47.04338018093907,0,35.192486136494935,1,1,0,normal
2026-01-06 01:35:00,22.486219326872593,61.37098559260952,0,15.232069884559053,1,1,0,normal
2026-01-06 01:36:00,20.052327941409867,76.36740349252926,0,23.769551896581902,1,1,0,normal
2026-01-06 01:37:00,18.647199110513082,41.44404890604885,0,14.299376589719735,1,1,0,normal
2026-01-06 01:38:00,20.70692208708863,33.236209360650136,0,15.38671247266407,1,2,0,normal
2026-01-06 01:39:00,31.72899527109957,73.21461160392906,0,25.482378865059893,1,1,0,normal
2026-01-06 01:40:00,21.033849672235036,23.192921186233228,0,18.38385353440669,1,1,0,normal
2026-01-06 01:41:00,21.910367761400366,34.87203787621031,0,18.93943811905806,1,1,0,normal
2026-01-06 01:42:00,22.259814309860523,46.29713161233721,0,26.795698679078818,1,4,0,normal
2026-01-06 01:43:00,27.033961082856518,26.593497982924532,0,21.51146105612869,1,1,0,normal
2026-01-06 01:44:00,27.737496931171197,66.68223594209897,0,23.586070211768774,1,1,0,normal
2026-01-06 01:45:00,6.732060764541028,62.853579057576496,0,15.002281251630704,1,4,0,normal
2026-01-06 01:46:00,31.129811282965647,41.378101591770246,0,25.33240717999796,1,1,0,normal
2026-01-06 01:47:00,33.61820820546252,69.19421178766622,0,20.89283601114317,1,1,0,normal
2026-01-06 01:48:00,18.698880775829984,71.7393864260574,1,23.443195538953294,1,1,0,normal
2026-01-06 01:49:00,19.16621053159099,48.30244027564905,0,22.910149358852355,1,1,0,normal
2026-01-06 01:50:00,22.29847967333037,43.23997733647989,0,29.036432828964244,1,1,0,normal
2026-01-06 01:51:00,20.46397588326037,83.89403041613717,1,24.038557156383344,1,1,0,normal
2026-01-06 01:52:00,26.343561243679638,60.81742733126232,1,10.72028708335574,1,2,0,normal
2026-01-06 01:53:00,13.320848281846814,53.8448697945328,0,15.244082905805467,1,1,0,normal
2026-01-06 01:54:00,18.292434351779562,70.45318919959419,0,21.8105858668535,1,2,0,normal
2026-01-06 01:55:00,34.235183201049445,54.52895952504532,0,23.187317434500535,1,1,0,normal
2026-01-06 01:56:00,19.430680195911894,42.41569121121217,0,9.400887467556334,1,1,0,normal
2026-01-06 01:57:00,32.46056966861755,51.2023964073133,0,12.060942879426966,1,3,0,normal
2026-01-06 01:58:00,27.132029173540822,65.57981430979602,1,28.748528799791323,1,1,0,normal
2026-01-06 01:59:00,93.13873090589675,20.117216504761796,0,35.72643941689565,1,1,1,crypto_mining
2026-01-06 02:00:00,28.811975171297238,45.679538908411686,0,6.765855356256198,2,1,0,normal
2026-01-06 02:01:00,24.29399618684288,70.74586097872407,0,22.065474722126023,2,1,0,normal
2026-01-06 02:02:00,22.26719766250156,42.32197398359723,0,20.383051123096163,2,1,0,normal
2026-01-06 02:03:00,26.469742559032024,73.19162840647115,0,28.091264066912117,2,2,0,normal
2026-01-06 02:04:00,27.847800913400754,71.22115729039719,0,23.970958049436597,2,1,0,normal
2026-01-06 02:05:00,29.245550931847717,49.01706326766573,0,26.632794699868324,2,1,0,normal
2026-01-06 02:06:00,32.06951708528801,41.47191042666499,0,1.753336100893062,2,1,0,normal
2026-01-06 02:07:00,27.448815476670138,45.689616887755484,1,19.942916513355947,2,1,0,normal
2026-01-06 02:08:00,16.74619546728183,89.96921738002152,0,12.750596430303494,2,1,0,normal
2026-01-06 02:09:00,22.158127254092854,78.11636670399866,0,12.955384880156554,2,3,0,normal
2026-01-06 02:10:00,42.658290011611726,51.88086457710107,0,10.191622947484873,2,2,0,normal
2026-01-06 02:11:00,29.346946362290367,40.87769672569386,0,21.827031837975248,2,2,0,normal
2026-01-06 02:12:00,39.215723804868986,51.755615533718945,2,22.667467566449428,2,1,0,normal
2026-01-06 02:13:00,33.37260449319511,53.65740389925147,0,25.047552371783453,2,1,0,normal
2026-01-06 02:14:00,26.45081242933449,31.34961893585969,1,16.77541498652676,2,1,0,normal
2026-01-06 02:15:00,26.808442418686706,51.2006190382289,0,31.07312896794162,2,1,0,normal
2026-01-06 02:16:00,24.780519760738926,69.83606487217595,0,12.543603530858713,2,1,0,normal
2026-01-06 02:17:00,14.573172304921004,23.0096497817529,0,8.539398621173047,2,3,0,normal
2026-01-06 02:18:00,25.108283514809347,62.398759477058725,1,21.75036876909919,2,1,0,normal
2026-01-06 02:19:00,32.26404731525318,70.62196955082169,0,14.52397599940763,2,1,0,normal
2026-01-06 02:20:00,21.40216003107278,41.59163982358448,1,24.254384624277407,2,3,0,normal
2026-01-06 02:21:00,27.471717994370856,75.41263637286585,1,14.738060472151254,2,1,0,normal
2026-01-06 02:22:00,30.109546275359186,39.64494406327482,0,15.368601747212782,2,1,0,normal
2026-01-06 02:23:00,19.541917364125148,56.61623992790606,0,14.71875927100157,2,1,0,normal
2026-01-06 02:24:00,22.292182813938012,45.39840973004554,0,14.14405803027941,2,1,0,normal
2026-01-06 02:25:00,96.15861577138992,45.39505464256095,0,19.98450076861977,2,1,1,crypto_mining
2026-01-06 02:26:00,20.06700635986356,40.74051395362932,0,21.913374997311333,2,1,0,normal
2026-01-06 02:27:00,17.274368298081633,60.47863221293029,2,14.12933701550002,2,2,0,normal
2026-01-06 02:28:00,19.59730923173184,62.732081865971736,2,10.634830061970382,2,1,0,normal
2026-01-06 02:29:00,33.51673408478703,49.03366700634217,0,23.989455671296326,2,2,0,normal
2026-01-06 02:30:00,19.507137825458244,29.60047679491589,1,23.103241457286238,2,1,0,normal
2026-01-06 02:31:00,25.75875531436414,56.047552499515845,0,25.71706203223062,2,3,0,normal
2026-01-06 02:32:00,21.982787477974263,56.33021539116041,0,11.653146946102364,2,1,0,normal
2026-01-06 02:33:00,32.07319562222163,46.749274829203586,0,13.385591198518942,2,3,0,normal
2026-01-06 02:34:00,32.8669737796217,78.00846930771213,1,26.58592840467626,2,1,0,normal
2026-01-06 02:35:00,30.18441989283368,26.54106102649019,1,27.168377458355096,2,3,0,normal
2026-01-06 02:36:00,26.836807318616533,16.74074434619648,0,16.72713659952402,2,1,0,normal
2026-01-06 02:37:00,23.61364277895461,39.037476504534936,0,12.379094296911033,2,1,0,normal
2026-01-06 02:38:00,17.848751774852502,60.65636801137174,0,14.38797464666154,2,1,0,normal
2026-01-06 02:39:00,36.66117328673318,34.16233043849239,0,12.276076531736907,2,1,0,normal
2026-01-06 02:40:00,20.44196189348468,35.28543622210887,1,26.383379190455365,2,1,0,normal
2026-01-06 02:41:00,28.98187808219705,64.26532004267231,1,25.703204380750606,2,2,0,normal
2026-01-06 02:42:00,31.357393435740384,56.93821884196625,1,20.65043887960015,2,1,0,normal
2026-01-06 02:43:00,21.668317018568025,55.655913644426,0,14.577488151245188,2,2,0,normal
2026-01-06 02:44:00,31.228075163895774,61.721433791982925,0,12.950767401175735,2,1,0,normal
2026-01-06 02:45:00,29.585279220033133,43.62210570090674,0,15.075017075870651,2,3,0,normal
2026-01-06 02:46:00,35.36778301229059,44.31523888912713,0,12.891126323723553,2,3,0,normal
2026-01-06 02:47:00,22.183921201439734,62.146689088421375,0,21.812898885071192,2,1,0,normal
2026-01-06 02:48:00,17.28481589632171,29.826698288282007,0,26.098962541750627,2,1,0,normal
2026-01-06 02:49:00,21.967061467332933,17.859202304021807,0,26.351155520861447,2,2,0,normal
2026-01-06 02:50:00,26.25312125520599,43.500737395582185,0,12.92532765218436,2,1,0,normal
2026-01-06 02:51:00,25.349276362510338,63.963099335985376,0,15.218135978088206,2,2,0,normal
2026-01-06 02:52:00,22.639372622352695,53.83339548480205,2,15.57446273598627,2,1,0,normal
2026-01-06 02:53:00,13.544815246136542,62.859372561845234,0,28.15288123575682,2,1,0,normal
2026-01-06 02:54:00,27.82289797677464,19.755585343652523,0,9.326446866416756,2,2,0,normal
2026-01-06 02:55:00,36.8340668744932,54.73245212485237,0,19.976312953172425,2,1,0,normal
2026-01-06 02:56:00,27.785507428738022,59.807967569635665,0,13.001007612272668,2,2,0,normal
2026-01-06 02:57:00,28.65481311432108,29.73803866083973,0,18.467974033109947,2,1,0,normal
2026-01-06 02:58:00,28.43467183693061,62.93086385819817,0,25.550797336229977,2,4,0,normal
2026-01-06 02:59:00,27.3822800192944,48.327216552413105,0,17.41496101884029,2,3,0,normal
2026-01-06 03:00:00,30.58999580120857,96.07005052409002,32,13.973254298620965,3,1,1,brute_force_login
2026-01-06 03:01:00,27.372242087113996,17.341458966548963,0,25.981119719141674,3,1,0,normal
2026-01-06 03:02:00,23.123936982080345,70.53671551512126,2,21.03932718167241,3,1,0,normal
2026-01-06 03:03:00,20.224066539947476,44.087628552108896,0,23.858298119141388,3,1,0,normal
2026-01-06 03:04:00,23.506158068315948,25.742724283399347,0,22.117314539752854,3,2,0,normal
2026-01-06 03:05:00,26.884776978703997,42.09567284652512,0,10.281761471462953,3,2,0,normal
2026-01-06 03:06:00,23.10350223326216,54.16218862006199,0,30.441275161726523,3,1,0,normal
2026-01-06 03:07:00,26.886032098788583,65.56200004347565,0,18.40871025470617,3,1,0,normal
2026-01-06 03:08:00,27.634900802202505,75.82946432198264,2,26.73960013340776,3,1,0,normal
2026-01-06 03:09:00,29.99907658762109,71.32839633056514,32,17.19904050539635,4,1,1,brute_force_login
2026-01-06 03:10:00,32.69676981303388,35.51926968943258,0,24.525864244373366,3,2,0,normal
2026-01-06 03:11:00,25.468044510873145,66.95247038399175,1,159.0567744902668,3,14,1,credential_stuffing
2026-01-06 03:12:00,17.153340609114036,55.86927435681311,0,27.059532458052917,3,1,0,normal
2026-01-06 03:13:00,22.92937541908486,40.18095468606518,0,20.843074675749953,3,1,0,normal
2026-01-06 03:14:00,25.264375404439598,46.82134109783779,0,17.283859093286342,3,1,0,normal
2026-01-06 03:15:00,13.98538746293746,39.352360108329144,0,8.733291711990136,3,1,0,normal
2026-01-06 03:16:00,33.33198712061489,50.55638512904684,0,10.097636690907285,3,2,0,normal
2026-01-06 03:17:00,25.854267475062798,39.0551317655882,1,28.93139868394111,3,1,0,normal
2026-01-06 03:18:00,27.28811700748171,34.580088901738414,0,13.409804437936351,3,1,0,normal
2026-01-06 03:19:00,33.1931587751576,57.18678691674158,0,26.43377490355994,3,1,0,normal
2026-01-06 03:20:00,21.219143019145918,59.43095822389456,0,27.314958525926336,3,1,0,normal
2026-01-06 03:21:00,28.44425158530418,47.18604499862582,0,23.642627135673777,3,1,0,normal
2026-01-06 03:22:00,24.340815261388386,70.51476955903959,0,23.12979064386435,3,1,0,normal
2026-01-06 03:23:00,23.895478797904484,46.093541202573306,0,10.675956397288125,3,1,0,normal
2026-01-06 03:24:00,20.366845673173724,45.45838182311692,1,9.204861411270977,3,3,0,normal
2026-01-06 03:25:00,34.99361928211916,59.90733473518546,0,14.730271518686592,3,1,0,normal
2026-01-06 03:26:00,22.746999759546576,48.01361622584995,2,33.22254791616698,3,1,0,normal
2026-01-06 03:27:00,29.196785481374214,51.27196593539215,1,30.998142735258178,3,1,0,normal
2026-01-06 03:28:00,13.749955675168382,12.193422940714022,0,20.297466863873773,3,1,0,normal
2026-01-06 03:29:00,32.07993117813872,50.250610771069624,0,30.354994145512755,3,2,0,normal
2026-01-06 03:30:00,31.31326693574235,22.592060937931098,0,12.520268986113411,3,1,0,normal
2026-01-06 03:31:00,25.584604661783818,31.68574143501694,0,17.044593588593223,3,1,0,normal
2026-01-06 03:32:00,23.638345203172452,29.970161918667426,0,32.69797943363301,3,1,0,normal
2026-01-06 03:33:00,27.400000033681398,34.36125269699261,0,36.81742716400149,3,2,0,normal
2026-01-06 03:34:00,38.732743965281735,41.7671921055162,0,26.172946070123928,3,2,0,normal
2026-01-06 03:35:00,14.42057980657909,42.70261076681772,0,7.284579547796714,3,1,0,normal
2026-01-06 03:36:00,29.692164325444764,59.96412806385688,1,30.796314799506117,3,2,0,normal
2026-01-06 03:37:00,19.530296187076583,53.33581721202046,0,17.857448183182278,3,1,0,normal
2026-01-06 03:38:00,24.880489622201612,21.483883567730214,1,25.780599141340844,3,2,0,normal
2026-01-06 03:39:00,23.51271928552802,51.24941956320212,0,20.792905669274592,3,1,0,normal
2026-01-06 03:40:00,22.430090453213467,54.77382869875141,0,28.052359299126245,3,1,0,normal
2026-01-06 03:41:00,24.937209225683624,45.071502256205626,0,20.37369568487883,3,1,0,normal
2026-01-06 03:42:00,18.194973128333256,49.086710346399464,0,41.83143500165473,3,1,0,normal
2026-01-06 03:43:00,31.175082616767803,52.85465188095585,1,27.721111959504377,3,2,0,normal
2026-01-06 03:44:00,14.235138932808397,61.4689939645337,0,257.54059616952156,3,17,1,credential_stuffing
2026-01-06 03:45:00,28.238587076970052,26.37680018805898,0,6.572801135104134,3,3,0,normal
2026-01-06 03:46:00,23.040784884792572,46.33524442040527,0,6.672723654309561,3,1,0,normal
2026-01-06 03:47:00,17.97445063715528,501.5255878426545,0,24.75968748476411,3,2,1,data_exfiltration
2026-01-06 03:48:00,26.214300223592172,71.24991962446934,1,27.698964995967874,3,1,0,normal
2026-01-06 03:49:00,15.658293479761133,62.7640539166367,0,0.0,3,1,0,normal
2026-01-06 03:50:00,25.23828293031781,58.05237025933514,0,29.768290656869326,3,1,0,normal
2026-01-06 03:51:00,16.462738553130674,74.81952122603133,0,22.803457225393647,3,1,0,normal
2026-01-06 03:52:00,27.767632505906988,78.76772002409999,2,32.938158424103584,3,1,0,normal
2026-01-06 03:53:00,19.453855998217747,48.06380017929721,0,12.255738159369773,3,3,0,normal
2026-01-06 03:54:00,22.294035897824145,35.4585133506752,0,22.325283114774535,3,1,0,normal
2026-01-06 03:55:00,26.763696327658973,45.94561523563257,0,22.2643632833972,3,1,0,normal
2026-01-06 03:56:00,20.364747328946585,96.4504327065808,1,13.810580739553206,3,1,0,normal
2026-01-06 03:57:00,24.652216001990183,26.459654859122086,0,9.847758344406207,3,1,0,normal
2026-01-06 03:58:00,15.917016992530879,42.94191290705874,0,27.450819234910327,3,2,0,normal
2026-01-06 03:59:00,28.785253621576935,28.80963271261053,0,21.833017918426695,3,1,0,normal
2026-01-06 04:00:00,35.58948283330463,51.87145794316078,0,23.151545720629336,4,2,0,normal
2026-01-06 04:01:00,41.753253207459764,31.959634566576987,0,30.901887692634396,4,1,0,normal
2026-01-06 04:02:00,25.547008879998636,48.36873465749573,0,19.682274009755723,4,1,0,normal
2026-01-06 04:03:00,29.72922484478312,20.748572599718614,0,22.519058638905207,4,1,0,normal
2026-01-06 04:04:00,14.316245962555065,59.26430997626976,0,22.819343340496363,4,1,0,normal
2026-01-06 04:05:00,34.01640595783353,68.33517884701962,0,23.032110373730323,4,1,0,normal
2026-01-06 04:06:00,29.657371028344635,44.24084566904811,0,8.729777164298332,4,1,0,normal
2026-01-06 04:07:00,22.096399330292602,47.97304989386447,1,19.840657353785815,4,1,0,normal
2026-01-06 04:08:00,32.423084801734056,47.548891539030315,0,29.267189872915477,4,1,0,normal
2026-01-06 04:09:00,23.47314354012795,52.71366012837538,0,18.975965980029578,4,1,0,normal
2026-01-06 04:10:00,22.25184890191266,49.427456195503574,0,16.218666884713016,4,3,0,normal
2026-01-06 04:11:00,27.852009552564947,61.52175428646041,1,27.748158448732987,4,1,0,normal
2026-01-06 04:12:00,18.61987300101809,68.49558700176419,0,20.1095123750562,4,1,0,normal
2026-01-06 04:13:00,31.12974858639969,37.78893166261726,0,14.962912621175105,4,1,0,normal
2026-01-06 04:14:00,18.664061128438938,45.36007260838555,3,13.108914102232625,4,1,0,normal
2026-01-06 04:15:00,18.69967126106088,63.52429173387117,1,19.56915209490339,4,1,0,normal
2026-01-06 04:16:00,19.541861269549994,28.674964279114516,2,14.70748570804064,4,1,0,normal
2026-01-06 04:17:00,29.557000225096733,20.43918077231645,0,27.211826074671105,4,1,0,normal
2026-01-06 04:18:00,21.299347830881754,53.39473929347718,0,167.69966908216708,4,14,1,credential_stuffing
2026-01-06 04:19:00,16.912025293796987,57.445196166057386,0,22.22629450773288,4,1,0,normal
2026-01-06 04:20:00,21.365920000385213,39.165497180696114,1,23.358824219512073,4,1,0,normal
2026-01-06 04:21:00,24.80774577591708,41.32023418819317,0,25.06338342467678,4,1,0,normal
2026-01-06 04:22:00,17.914165098013687,38.59711517388652,0,32.55763624687019,4,1,0,normal
2026-01-06 04:23:00,18.08991334579394,36.996121409833485,1,9.179408425351406,4,3,0,normal
2026-01-06 04:24:00,37.66777800459751,60.402437309069,0,24.863210128033856,4,1,0,normal
2026-01-06 04:25:00,19.83660757711668,32.292522695035416,0,24.983856904571386,4,1,0,normal
2026-01-06 04:26:00,23.06174578736196,46.01715707849977,0,11.308881295414857,4,3,0,normal
2026-01-06 04:27:00,22.796577995204284,36.419957487277216,0,22.08489931123715,4,1,0,normal
2026-01-06 04:28:00,22.47185915337735,28.170665361481767,0,16.64352652564257,4,2,0,normal
2026-01-06 04:29:00,28.72808043981461,63.052672621201566,0,31.215731259576703,4,3,0,normal
2026-01-06 04:30:00,30.688857702832298,42.20262166739692,0,15.451998755455858,4,1,0,normal
2026-01-06 04:31:00,23.16427341081045,605.8641451561649,0,18.278240209644725,4,1,1,data_exfiltration
2026-01-06 04:32:00,17.581130280445905,27.378861802984847,0,16.957037919989027,4,3,0,normal
2026-01-06 04:33:00,32.64664136709342,38.870908193652866,0,13.294770045407438,4,1,0,normal
2026-01-06 04:34:00,24.427953452819903,61.34131821042509,1,7.604704047749054,4,3,0,normal
2026-01-06 04:35:00,35.381930889143014,88.80907183767965,0,13.337952901989038,4,3,0,normal
2026-01-06 04:36:00,11.526484614609023,20.356759034145323,0,21.15090701702852,4,2,0,normal
2026-01-06 04:37:00,26.17241932769992,46.983383070658604,0,22.259098138811996,4,2,0,normal
2026-01-06 04:38:00,36.51163800325725,56.1842089721525,0,26.49896511257139,4,2,0,normal
2026-01-06 04:39:00,22.88041518737105,40.75849770141075,0,28.398643201172657,4,2,0,normal
2026-01-06 04:40:00,23.647039459992182,62.742829804911864,2,23.205174169148815,4,1,0,normal
2026-01-06 04:41:00,26.773070149542033,36.999009940095306,0,26.373148061699467,4,1,0,normal
2026-01-06 04:42:00,21.647225086690256,52.30771490324962,0,24.192411935333748,4,1,0,normal
2026-01-06 04:43:00,23.127568407683604,42.168921432524606,0,11.189863493360576,4,1,0,normal
2026-01-06 04:44:00,22.973109434851583,68.29146624432158,0,23.051051921425067,4,2,0,normal
2026-01-06 04:45:00,21.235475593441762,39.85453245446592,0,20.094980883925736,4,1,0,normal
2026-01-06 04:46:00,92.04617071800193,44.72189305570226,2,15.48135880420533,4,2,1,crypto_mining
2026-01-06 04:47:00,27.76646819377861,64.18533556245733,0,20.097565199203974,4,1,0,normal
2026-01-06 04:48:00,26.503769392619812,34.57942011360704,0,22.85812109142044,4,1,0,normal
2026-01-06 04:49:00,29.8514260413407,51.031250851453585,0,18.385231467411163,4,2,0,normal
2026-01-06 04:50:00,23.4138650007792,22.661984844700974,1,27.93434710520687,4,1,0,normal
2026-01-06 04:51:00,20.354777089882596,33.68099812056388,0,22.72947281376571,4,1,0,normal
2026-01-06 04:52:00,21.384254172312655,55.731969138362054,1,26.993519553695254,4,1,0,normal
2026-01-06 04:53:00,25.010698246627655,35.13953735695652,0,30.051901501065693,4,2,0,normal
2026-01-06 04:54:00,18.64472974976259,810.9907642446026,0,16.83380360166556,4,1,1,data_exfiltration
2026-01-06 04:55:00,21.998433900479945,57.396296030719064,0,16.442318809444348,4,1,0,normal
2026-01-06 04:56:00,21.903300148771393,41.312207882796045,0,29.254159099547074,4,1,0,normal
2026-01-06 04:57:00,37.74733737897408,62.34263109824537,0,13.843512118205703,4,1,0,normal
2026-01-06 04:58:00,8.3571103603965,53.23494181229096,0,19.21357658482816,4,1,0,normal
2026-01-06 04:59:00,23.9222816715662,56.535246678867544,0,16.10089096208354,4,1,0,normal
2026-01-06 05:00:00,35.35416275688863,68.61448398107798,0,12.074063335529551,5,2,0,normal
2026-01-06 05:01:00,25.731066784794724,54.797345939210985,1,23.983443166845053,5,1,0,normal
2026-01-06 05:02:00,29.520504840526556,73.08270935704016,0,17.85964162224288,5,1,0,normal
2026-01-06 05:03:00,25.59895789059861,63.66893424556736,3,12.580380208601355,5,1,0,normal
2026-01-06 05:04:00,20.995999712701117,42.14821355248315,0,27.401504701366164,5,1,0,normal
2026-01-06 05:05:00,11.548504392946523,69.39722112531908,0,9.404232775214506,5,1,0,normal
2026-01-06 05:06:00,26.232734122217817,53.95799031354418,1,18.81796990291654,5,1,0,normal
2026-01-06 05:07:00,20.346360372385654,44.07980437009245,0,27.122593500529728,5,3,0,normal
2026-01-06 05:08:00,20.197987563008176,54.17578542981324,0,27.320298186566184,5,3,0,normal
2026-01-06 05:09:00,22.00607646412533,66.68490236585394,0,23.420208048967105,5,1,0,normal
2026-01-06 05:10:00,35.46916843974096,56.825676413633325,0,12.959378738654724,5,3,0,normal
2026-01-06 05:11:00,39.42902525352384,77.33589248827096,1,21.284355107126853,5,1,0,normal
2026-01-06 05:12:00,26.303247625170407,66.29795836848233,0,22.84507286108041,5,1,0,normal
2026-01-06 05:13:00,22.211396656529633,57.84740050103244,1,16.465249024664672,5,1,0,normal
2026-01-06 05:14:00,17.93664149529274,34.608978758882635,0,23.012756876003664,5,2,0,normal
2026-01-06 05:15:00,27.811240969276415,47.30401228984819,0,8.17802219050684,5,1,0,normal
2026-01-06 05:16:00,35.697433600390866,531.9927677750634,0,5.972771720542415,5,1,1,data_exfiltration
2026-01-06 05:17:00,23.51595767784906,60.449472518266205,0,14.862365842090071,5,5,0,normal
2026-01-06 05:18:00,10.726023755480654,59.55999561908289,0,25.544844124328847,5,1,0,normal
2026-01-06 05:19:00,29.020298030893144,52.543106153274294,2,26.88181580559267,5,2,0,normal
2026-01-06 05:20:00,30.912398268700297,51.80524873065757,0,9.766382477926975,5,1,0,normal
2026-01-06 05:21:00,15.484926157684916,60.806853426141046,0,31.743018217847975,5,1,0,normal
2026-01-06 05:22:00,26.058905101977718,37.121206615550214,0,20.719888084194853,5,1,0,normal
2026-01-06 05:23:00,27.707356096816593,75.43273728874784,0,7.611741965495741,5,1,0,normal
2026-01-06 05:24:00,24.56135618794637,19.29249672254793,0,22.428587245016807,5,1,0,normal
2026-01-06 05:25:00,20.255374485487877,71.83114223258043,0,30.177959093761224,5,1,0,normal
2026-01-06 05:26:00,31.095623341381337,49.32221707362257,0,16.121961156024742,5,2,0,normal
2026-01-06 05:27:00,22.579721524187903,65.0386972140739,16,27.81666930689596,1,1,1,brute_force_login
2026-01-06 05:28:00,16.088883023800406,55.45760651438919,1,31.538957916740458,5,1,0,normal
2026-01-06 05:29:00,12.703153085981914,55.190516163662025,22,20.324086593862063,2,1,1,brute_force_login
2026-01-06 05:30:00,32.565097119995855,58.313817140397816,0,14.038377095616607,5,1,0,normal
2026-01-06 05:31:00,28.69998385882671,62.13581433631668,1,29.362748273545023,5,1,0,normal
2026-01-06 05:32:00,25.527841282775015,45.067537601191404,0,29.334418941607588,5,1,0,normal
2026-01-06 05:33:00,22.358352178895178,65.52198695789355,0,276.811542503611,5,10,1,credential_stuffing
2026-01-06 05:34:00,21.826009514781237,33.73294064631825,0,265.02258555007546,5,19,1,credential_stuffing
2026-01-06 05:35:00,18.545580109350333,49.92004140010813,0,177.81383566160494,5,11,1,credential_stuffing
2026-01-06 05:36:00,22.41126613264069,62.53954886408415,0,26.209307344200035,5,1,0,normal
2026-01-06 05:37:00,12.279476709278953,64.92526369423834,0,17.686446521573338,5,1,0,normal
2026-01-06 05:38:00,20.583618079188916,56.911832723921016,0,12.330983086490587,5,1,0,normal
2026-01-06 05:39:00,23.134374901893437,44.09911343066396,0,32.56542709202314,5,1,0,normal
2026-01-06 05:40:00,28.659280283142515,63.450616675530554,0,20.71498212976555,5,3,0,normal
2026-01-06 05:41:00,24.760441219759816,39.9595064132187,0,18.570858170963767,5,3,0,normal
2026-01-06 05:42:00,29.769538683253355,76.27113610623367,0,15.29412371111938,5,2,0,normal
2026-01-06 05:43:00,33.09481063068058,48.72993653750504,0,18.387881970066307,5,3,0,normal
2026-01-06 05:44:00,31.34902056294461,26.90561458691059,0,7.402875056915377,5,2,0,normal
2026-01-06 05:45:00,27.823059084271343,32.07974797975172,0,27.991946725470708,5,1,0,normal
2026-01-06 05:46:00,25.071176075084704,50.654654553193815,0,17.833028207460725,5,4,0,normal
2026-01-06 05:47:00,19.115271949518643,52.0973790698908,0,3.194316511421629,5,2,0,normal
2026-01-06 05:48:00,29.439664308275898,79.54485027426642,1,12.121267443997091,5,1,0,normal
2026-01-06 05:49:00,35.078484293329176,34.42250993578661,0,27.660523040209647,5,1,0,normal
2026-01-06 05:50:00,27.052636237902508,50.59193298955896,1,18.861971694788146,5,1,0,normal
2026-01-06 05:51:00,36.50355489055674,34.10867889376915,1,13.689712712553264,5,1,0,normal
2026-01-06 05:52:00,15.846569751633497,42.61017720179895,0,21.05913052455894,5,2,0,normal
2026-01-06 05:53:00,18.07501969132275,75.25958045104007,0,17.610403858476236,5,1,0,normal
2026-01-06 05:54:00,30.131209046489573,32.95495665266014,1,20.883816126109643,5,2,0,normal
2026-01-06 05:55:00,26.585741260919505,58.805636361017505,0,22.556625290737145,5,1,0,normal
2026-01-06 05:56:00,32.88269305943085,55.89361038521587,1,13.469179712672638,5,3,0,normal
2026-01-06 05:57:00,24.907170155639562,49.63742860462687,0,15.391468392908862,5,1,0,normal
2026-01-06 05:58:00,19.79214746483001,57.791549347876064,0,14.124699009872309,5,2,0,normal
2026-01-06 05:59:00,23.718440546769745,32.59969427085067,0,14.360512353225513,5,1,0,normal
2026-01-06 06:00:00,15.803896174457595,74.84483761705336,1,14.976173438135934,6,1,0,normal
2026-01-06 06:01:00,18.228455961417794,78.87268242685282,0,17.67719972011057,6,1,0,normal
2026-01-06 06:02:00,30.834663987508062,50.7065704663897,0,15.137381357077516,6,1,0,normal
2026-01-06 06:03:00,30.23672448681766,86.34659195920331,1,21.27910524153227,6,1,0,normal
2026-01-06 06:04:00,27.17802570883646,44.014581026751195,1,17.490902614562113,6,2,0,normal
2026-01-06 06:05:00,14.673534874237184,56.0064799078442,1,14.347412206497975,6,1,0,normal
2026-01-06 06:06:00,22.849578546922668,71.4783359566177,0,4.595767387211838,6,1,0,normal
2026-01-06 06:07:00,17.650000668039695,43.11493309665636,0,12.775035043016008,6,2,0,normal
2026-01-06 06:08:00,32.059199522726594,29.276764116808426,0,17.083777509506042,6,1,0,normal
2026-01-06 06:09:00,21.49766719862439,25.82424401571719,0,27.66075251612133,6,1,0,normal
2026-01-06 06:10:00,18.485513735310704,80.91239845853988,0,19.44033386591599,6,1,0,normal
2026-01-06 06:11:00,25.178776990728547,42.06463024041834,0,7.893403361017185,6,1,0,normal
2026-01-06 06:12:00,21.15907325899233,47.21394854872252,0,20.78380173651273,6,1,0,normal
2026-01-06 06:13:00,33.90246346122224,33.308538825184186,0,16.379793152342398,6,1,0,normal
2026-01-06 06:14:00,20.591134614794854,64.22508918993782,0,24.567806330764125,6,3,0,normal
2026-01-06 06:15:00,16.604630444652212,38.27660211163123,0,8.300480546009819,6,1,0,normal
2026-01-06 06:16:00,12.082518905454906,42.63105458508017,0,29.689415749595582,6,2,0,normal
2026-01-06 06:17:00,24.815280985519507,54.49280629124241,0,23.5760661575292,6,1,0,normal
2026-01-06 06:18:00,21.628419316852444,34.039311091316414,0,18.32933178790963,6,2,0,normal
2026-01-06 06:19:00,16.42657236092964,47.32126595728662,0,7.649238382019764,6,1,0,normal
2026-01-06 06:20:00,94.5299723436097,71.03314384254905,0,8.312502955037552,6,1,1,crypto_mining
2026-01-06 06:21:00,29.00347088457545,56.42381596275295,1,25.483017110250323,6,1,0,normal
2026-01-06 06:22:00,24.830692726376622,51.95813438642538,0,26.42553531762325,6,1,0,normal
2026-01-06 06:23:00,33.1859574650252,53.22297064195798,0,28.33273534742325,6,1,0,normal
2026-01-06 06:24:00,28.975216200391678,44.162973560351546,0,33.338161746649824,6,1,0,normal
2026-01-06 06:25:00,20.062864590889404,79.94228479632389,1,25.993203390864338,6,1,0,normal
2026-01-06 06:26:00,18.764679016055403,37.81764304198899,0,23.259968246395616,6,3,0,normal
2026-01-06 06:27:00,29.907889266723167,53.163892429458954,1,39.107676545278935,6,1,0,normal
2026-01-06 06:28:00,27.378201738804105,51.725383495142104,0,15.636321957687754,6,1,0,normal
2026-01-06 06:29:00,26.01848660782397,65.13143760699703,1,19.194487228235907,6,1,0,normal
2026-01-06 06:30:00,19.921013182786556,66.5476090819046,0,7.669871003484053,6,1,0,normal
2026-01-06 06:31:00,28.647685402034522,49.519717932693936,0,24.995851692766983,6,1,0,normal
2026-01-06 06:32:00,20.467006701196304,54.359997396695746,0,18.37238334463463,6,1,0,normal
2026-01-06 06:33:00,24.388080072437933,54.928021308709226,1,15.038720863080833,6,1,0,normal
2026-01-06 06:34:00,33.68166487832188,15.917875166440894,0,15.204792587826685,6,3,0,normal
2026-01-06 06:35:00,21.034994585139124,26.165155962833367,0,13.64010430632333,6,2,0,normal
2026-01-06 06:36:00,15.562064457562833,40.92404463917044,0,18.648525530220716,6,1,0,normal
2026-01-06 06:37:00,18.68471684877934,41.57601985434697,1,8.465356782836043,6,2,0,normal
2026-01-06 06:38:00,30.96579296012574,32.01076367053801,0,9.185941407773841,6,1,0,normal
2026-01-06 06:39:00,26.528386824281256,61.24373857060445,0,11.142744665267019,6,1,0,normal
2026-01-06 06:40:00,24.226735727867478,50.031776315262086,0,15.039141335073769,6,1,0,normal
2026-01-06 06:41:00,21.94543716813058,881.5135978125121,1,16.28826003836373,6,1,1,data_exfiltration
2026-01-06 06:42:00,27.91215944531914,31.157670882389198,0,3.6090610985915745,6,2,0,normal
2026-01-06 06:43:00,19.90537089405866,49.33182703632817,0,15.878738380400197,6,4,0,normal
2026-01-06 06:44:00,26.833993411855577,10.599728660020823,1,13.269935183372192,6,2,0,normal
2026-01-06 06:45:00,20.61247258712226,47.555655337912384,0,26.262117519365887,6,2,0,normal
2026-01-06 06:46:00,19.614043688349675,50.94775503211634,19,12.80011792496224,1,1,1,brute_force_login
2026-01-06 06:47:00,21.17507539104993,53.62872476482248,0,28.031800003606328,6,2,0,normal
2026-01-06 06:48:00,22.74755532109623,26.5384735478108,1,33.93506412020548,6,1,0,normal
2026-01-06 06:49:00,24.70702098439778,53.37225105037212,1,29.334542079403228,6,2,0,normal
2026-01-06 06:50:00,26.412734770666685,34.378530952031866,0,12.146041875717636,6,1,0,normal
2026-01-06 06:51:00,2.8698082514293333,37.812952515614995,1,24.155608663761488,6,1,0,normal
2026-01-06 06:52:00,20.15409665351941,60.768970787339974,0,12.283689688225286,6,1,0,normal
2026-01-06 06:53:00,22.650580135863763,80.21170585039616,0,13.395942946991125,6,3,0,normal
2026-01-06 06:54:00,34.03037223164998,50.7703813820402,1,13.932976914316445,6,1,0,normal
2026-01-06 06:55:00,18.519984349707208,37.74356812039652,0,21.089129177265388,6,2,0,normal
2026-01-06 06:56:00,25.976779708599476,52.83005671264998,0,13.008534422865354,6,2,0,normal
2026-01-06 06:57:00,33.970181858415025,64.08543736248718,0,20.309403995990973,6,1,0,normal
2026-01-06 06:58:00,17.122188820316364,59.31496348809103,0,30.09975188209026,6,1,0,normal
2026-01-06 06:59:00,27.363851355186412,91.14669308695619,0,11.18564345524999,6,1,0,normal
2026-01-06 07:00:00,20.18636899639288,39.269936463579995,1,7.134658189913388,7,2,0,normal
2026-01-06 07:01:00,21.972197546264592,53.78347219878947,0,14.878891293645335,7,1,0,normal
2026-01-06 07:02:00,20.181334996280114,73.23376930127304,1,31.423903362387506,7,1,0,normal
2026-01-06 07:03:00,20.608856149504685,72.29238855527798,0,25.50857814238707,7,1,0,normal
2026-01-06 07:04:00,41.331472887438956,20.74883110213429,0,13.163635018838463,7,1,0,normal
2026-01-06 07:05:00,30.066735232429995,49.94963569940028,1,11.636360266342741,7,1,0,normal
2026-01-06 07:06:00,31.610427170717255,72.2678114877305,0,22.58929191061278,7,2,0,normal
2026-01-06 07:07:00,27.951960921018976,93.35964485598706,0,20.78083349514515,7,1,0,normal
2026-01-06 07:08:00,15.362459269588252,60.55693825626228,1,24.982195703754236,7,2,0,normal
2026-01-06 07:09:00,27.369747821939843,44.482050594552746,1,10.75805606904322,7,1,0,normal
2026-01-06 07:10:00,31.43757768704408,34.86195271343915,0,19.329512368910702,7,1,0,normal
2026-01-06 07:11:00,19.87960315576533,83.28115036296273,0,27.167769443774368,7,1,0,normal
2026-01-06 07:12:00,30.79196000296676,60.931123796986384,0,29.029044628777335,7,1,0,normal
2026-01-06 07:13:00,29.226017259124475,37.278996096718735,0,10.089823835276142,7,1,0,normal
2026-01-06 07:14:00,36.11224026888202,46.95265450499328,0,19.317234899537073,7,1,0,normal
2026-01-06 07:15:00,22.49330192491829,54.65279775243056,0,17.712219184628363,7,1,0,normal
2026-01-06 07:16:00,18.414334106345642,58.15709980832177,0,13.305566075323306,7,2,0,normal
2026-01-06 07:17:00,22.830231343764726,36.50572013681315,0,14.116359561099483,7,1,0,normal
2026-01-06 07:18:00,33.613425958981736,40.78714372811761,0,24.536165918327317,7,1,0,normal
2026-01-06 07:19:00,14.029564714948222,25.2059815644056,2,13.872248025186956,7,1,0,normal
2026-01-06 07:20:00,12.589745707413806,65.59643434407172,0,19.01410036587897,7,2,0,normal
2026-01-06 07:21:00,25.53637167358968,44.875722998445255,0,23.89382308834422,7,2,0,normal
2026-01-06 07:22:00,22.344464243355063,56.99482473774938,0,34.01953732447077,7,1,0,normal
2026-01-06 07:23:00,25.04636735905411,71.3338776286449,0,22.394902715332694,7,3,0,normal
2026-01-06 07:24:00,30.671870627415192,53.29805213560918,0,25.766420420002667,7,2,0,normal
2026-01-06 07:25:00,21.684583923286887,48.30544286076398,1,22.10360607515205,7,1,0,normal
2026-01-06 07:26:00,13.761965014416276,52.90882215325901,0,18.35524692720133,7,2,0,normal
2026-01-06 07:27:00,37.266889343199665,50.947904057753405,1,18.2124579967761,7,1,0,normal
2026-01-06 07:28:00,19.016630275367344,68.69247496816917,0,19.069666272933247,7,1,0,normal
2026-01-06 07:29:00,18.645777267927414,54.66257596308185,0,2.883481034311565,7,1,0,normal
2026-01-06 07:30:00,31.622320082335577,41.833984706316315,1,17.38377971417787,7,3,0,normal
2026-01-06 07:31:00,22.693065273750893,65.71773585334626,0,23.506284036831268,7,1,0,normal
2026-01-06 07:32:00,24.619660887791134,68.45726534537528,1,14.104253396347215,7,1,0,normal
2026-01-06 07:33:00,27.896740744361907,29.925040597693048,1,31.622470101588547,7,2,0,normal
2026-01-06 07:34:00,31.501498618659973,72.99175827152158,2,21.001562733102023,7,1,0,normal
2026-01-06 07:35:00,22.999235840909368,55.470676598127284,0,18.950589302669858,7,1,0,normal
2026-01-06 07:36:00,34.1197120354858,54.24904925219898,1,26.686910427830455,7,1,0,normal
2026-01-06 07:37:00,12.185200907591167,65.09936947394772,0,24.512581938131973,7,1,0,normal
2026-01-06 07:38:00,29.55872342171846,41.495354134935816,1,29.062559861554035,7,1,0,normal
2026-01-06 07:39:00,19.962834651894056,64.31246771286386,0,30.620787723211304,7,1,0,normal
2026-01-06 07:40:00,33.23362789964795,44.34836795393217,0,31.722447696080003,7,2,0,normal
2026-01-06 07:41:00,25.85226687298327,27.875739804344928,0,23.654854501510453,7,2,0,normal
2026-01-06 07:42:00,20.962568007943588,35.03365581339599,0,11.704344154029966,7,1,0,normal
2026-01-06 07:43:00,28.977046558129796,58.5053274935484,0,18.093341794552618,7,1,0,normal
2026-01-06 07:44:00,30.35913008324351,35.81797490008013,1,33.111983698761534,7,1,0,normal
2026-01-06 07:45:00,28.85136473715183,74.15114184784474,0,22.07511578717907,7,1,0,normal
2026-01-06 07:46:00,18.82182256220164,67.83925180159464,1,16.52656188764176,7,1,0,normal
2026-01-06 07:47:00,22.09589725826749,70.00158749049447,0,15.64085423702117,7,2,0,normal
2026-01-06 07:48:00,24.97556297727139,51.87167869516118,1,11.38040039709236,7,3,0,normal
2026-01-06 07:49:00,24.752442084099638,53.86792425942439,0,27.35468389800351,7,1,0,normal
2026-01-06 07:50:00,29.498472852630087,32.09432218633584,0,16.38645871741167,7,1,0,normal
2026-01-06 07:51:00,12.91059260496035,797.6701183509532,0,12.137584485752278,7,1,1,data_exfiltration
2026-01-06 07:52:00,27.005962327321022,55.69750182555628,1,13.04095062917392,7,1,0,normal
2026-01-06 07:53:00,23.26011187338016,58.5095843793839,0,0.0,7,1,0,normal
2026-01-06 07:54:00,19.968996301696286,75.32467717179323,1,25.648952152471168,7,1,0,normal
2026-01-06 07:55:00,20.545079333382404,40.910555240787346,0,18.100895809230256,7,1,0,normal
2026-01-06 07:56:00,23.71277401289222,48.10787675184023,0,10.170434411483047,7,1,0,normal
2026-01-06 07:57:00,3.3934893732428932,54.90006382313251,0,31.097207379784276,7,1,0,normal
2026-01-06 07:58:00,20.7922625752507,35.9684689181194,0,20.372108033566164,7,2,0,normal
2026-01-06 07:59:00,19.74511105212224,47.18601768084741,0,2.068196444692873,7,1,0,normal
2026-01-06 08:00:00,28.196699255935744,57.39424715700454,0,25.77448300525297,8,1,0,normal
2026-01-06 08:01:00,20.16683990493688,45.11868092940753,0,11.913940230834323,8,1,0,normal
2026-01-06 08:02:00,23.70931719897706,69.63484114593669,0,24.763499669400822,8,1,0,normal
2026-01-06 08:03:00,34.25365976596781,27.33613157274509,1,24.040931117913917,8,1,0,normal
2026-01-06 08:04:00,30.96610911889254,66.84156860350012,0,21.098919941344406,8,1,0,normal
2026-01-06 08:05:00,30.413628399660716,59.91778212224007,0,9.986328871517134,8,3,0,normal
2026-01-06 08:06:00,22.00076541753489,41.46757118665114,0,10.138959302654767,8,1,0,normal
2026-01-06 08:07:00,28.258193675737914,36.13387147655003,0,19.608791523335192,8,1,0,normal
2026-01-06 08:08:00,23.596613197278437,18.795760741363225,2,12.468995274612318,8,1,0,normal
2026-01-06 08:09:00,23.823440735938373,38.07237481379249,0,29.75460935468668,8,1,0,normal
2026-01-06 08:10:00,27.458112062479298,65.70764982504495,0,19.18825086488394,8,1,0,normal
2026-01-06 08:11:00,21.418038469474403,49.15871410581988,0,11.961092222916378,8,3,0,normal
2026-01-06 08:12:00,33.958018626659225,67.44471320587762,0,27.988457234529868,8,1,0,normal
2026-01-06 08:13:00,24.039219162412376,40.70193394063172,0,4.714119255297012,8,3,0,normal
2026-01-06 08:14:00,28.71016339755799,60.60659240159844,0,18.945328171956906,8,1,0,normal
2026-01-06 08:15:00,33.73360287554379,39.237520968733676,0,24.449369527147745,8,1,0,normal
2026-01-06 08:16:00,31.18992264745105,35.51637490685242,0,11.768196740187744,8,3,0,normal
2026-01-06 08:17:00,16.54648538385685,48.39309174243986,2,16.54060670832492,8,2,0,normal
2026-01-06 08:18:00,27.669375370059306,40.025502330200055,0,14.604821130646194,8,1,0,normal
2026-01-06 08:19:00,30.104316366763882,26.857667764441814,0,11.004389845760713,8,1,0,normal
2026-01-06 08:20:00,30.351178132964492,47.2652794892451,2,20.611711947141217,8,1,0,normal
2026-01-06 08:21:00,18.320230995312215,51.59653124646933,0,26.808187861550287,8,1,0,normal
2026-01-06 08:22:00,21.057788577896055,69.025379172441,0,36.02995213059201,8,1,0,normal
2026-01-06 08:23:00,30.96734941444973,64.0520851569959,0,26.095643291659552,8,1,0,normal
2026-01-06 08:24:00,20.429437775904127,68.29914798849248,0,17.845267258594827,8,2,0,normal
2026-01-06 08:25:00,23.201823660014114,60.805362475902626,0,28.9172039806917,8,1,0,normal
2026-01-06 08:26:00,34.455254857011816,54.98919138424962,0,10.966956870784694,8,1,0,normal
2026-01-06 08:27:00,24.71320449769126,31.565826402921612,0,15.709681351082061,8,1,0,normal
2026-01-06 08:28:00,20.639355172996943,52.24808296902912,0,27.621033007325288,8,1,0,normal
2026-01-06 08:29:00,19.73429585882257,58.95190665996221,0,14.735583029059452,8,1,0,normal
2026-01-06 08:30:00,26.996315977511127,71.86156924055655,1,20.462139876745898,8,2,0,normal
2026-01-06 08:31:00,17.001111949136746,60.2943281259772,2,14.390970694456303,8,1,0,normal
2026-01-06 08:32:00,23.51598421662149,68.60575151908132,0,18.274899688516367,8,1,0,normal
2026-01-06 08:33:00,26.99938320994013,34.52003162952141,0,19.446129685758553,8,1,0,normal
2026-01-06 08:34:00,32.794898923286006,45.103735607778574,1,23.77068899358304,8,1,0,normal
2026-01-06 08:35:00,29.005288482219974,56.44026070491906,1,21.325632511854057,8,2,0,normal
2026-01-06 08:36:00,20.715609292106926,67.41429036113843,0,25.719935696259757,8,1,0,normal
2026-01-06 08:37:00,32.07051590538232,47.821570312416206,1,23.136969894714618,8,1,0,normal
2026-01-06 08:38:00,23.202909774715135,48.7633106127627,0,18.401117929053214,8,1,0,normal
2026-01-06 08:39:00,17.585781867703545,60.30710459004468,0,15.125705598346755,8,2,0,normal
2026-01-06 08:40:00,23.967751844407164,33.11193759282314,0,12.683310721432175,8,1,0,normal
2026-01-06 08:41:00,33.629015206874215,74.11106824735144,0,0.0,8,1,0,normal
2026-01-06 08:42:00,25.991440300389552,36.81295860338473,0,19.079299069804538,8,2,0,normal
2026-01-06 08:43:00,96.94742155406077,21.221158646610455,0,10.855598599039888,8,3,1,crypto_mining
2026-01-06 08:44:00,34.82326986821712,50.15100512783871,1,12.990847741834562,8,1,0,normal
2026-01-06 08:45:00,16.41187091767344,75.47688053563348,0,17.595703911584195,8,1,0,normal
2026-01-06 08:46:00,17.286405315683368,58.796796955004154,0,15.831431987320514,8,5,0,normal
2026-01-06 08:47:00,15.304921174199007,61.2663581450545,0,24.380869509023462,8,1,0,normal
2026-01-06 08:48:00,27.23588911888033,50.620786434606714,0,18.667007497841002,8,1,0,normal
2026-01-06 08:49:00,25.998958762690748,47.71433754093235,0,33.01438648620416,8,1,0,normal
2026-01-06 08:50:00,34.256418203678656,26.826359456103265,0,37.55245228300655,8,1,0,normal
2026-01-06 08:51:00,26.46085046282062,16.109206131437205,0,17.55115522748665,8,1,0,normal
2026-01-06 08:52:00,22.575057043124183,52.94408507661295,1,13.224077088642048,8,2,0,normal
2026-01-06 08:53:00,25.010769237268644,69.6882379151034,0,5.894079865607134,8,1,0,normal
2026-01-06 08:54:00,25.70624451076575,55.16200557242098,0,34.62243792011258,8,1,0,normal
2026-01-06 08:55:00,14.969432360030998,59.3539929057802,1,14.208530948686581,8,2,0,normal
2026-01-06 08:56:00,41.26198986600936,73.75576318459309,1,15.677723143866409,8,1,0,normal
2026-01-06 08:57:00,28.119226108611468,54.93150277161587,0,14.402812935081894,8,3,0,normal
2026-01-06 08:58:00,26.260049848135534,48.160173495385706,0,17.38667755741083,8,1,0,normal
2026-01-06 08:59:00,28.69098390567148,37.722127915249025,1,16.184445856320817,8,2,0,normal
2026-01-06 09:00:00,44.25646588351963,110.33318844458128,0,51.61436532159901,9,1,0,normal
2026-01-06 09:01:00,39.15667908698541,87.89821668730521,0,23.03340010380059,9,1,0,normal
2026-01-06 09:02:00,36.212553182555794,65.84597426121003,0,43.4989579016838,9,1,0,normal
2026-01-06 09:03:00,43.59670411793022,62.43248498298145,0,50.743947054771425,9,2,0,normal
2026-01-06 09:04:00,42.31426504318871,98.79595590393369,0,39.47685016980795,9,1,0,normal
2026-01-06 09:05:00,35.14065940546355,64.43837455387512,0,49.7065746272854,9,1,0,normal
2026-01-06 09:06:00,48.51421366820358,107.80751236253332,1,45.71601289391238,9,1,0,normal
2026-01-06 09:07:00,41.7601122179379,38.653058043639334,0,39.25761787075705,9,3,0,normal
2026-01-06 09:08:00,44.37891617360579,101.33892796684965,0,30.502352238309758,9,1,0,normal
2026-01-06 09:09:00,48.35152532607951,87.30342216742946,1,48.25224787714479,9,1,0,normal
2026-01-06 09:10:00,40.13133292698901,81.7789163458531,0,47.546438714381274,9,1,0,normal
2026-01-06 09:11:00,41.901712041904695,77.36812347437356,0,39.07497617681362,9,2,0,normal
2026-01-06 09:12:00,44.860163431036696,108.36094772891045,0,51.079094595378116,9,2,0,normal
2026-01-06 09:13:00,35.650833497199685,90.60588287601806,0,41.11950241209419,9,1,0,normal
2026-01-06 09:14:00,40.324309977076005,66.45194586656822,0,53.27546878769273,9,1,0,normal
2026-01-06 09:15:00,40.75329151990689,54.21635065956678,0,47.424013645606564,9,1,0,normal
2026-01-06 09:16:00,34.26364868989963,82.65945819720963,1,56.83997694419583,9,2,0,normal
2026-01-06 09:17:00,53.90582073204327,79.98393299693879,0,47.9041114306516,9,2,0,normal
2026-01-06 09:18:00,31.556239339045586,57.20197943936736,0,45.22419717227375,9,1,0,normal
2026-01-06 09:19:00,32.211376577877054,782.4209179620002,1,29.923385473022396,9,3,1,data_exfiltration
2026-01-06 09:20:00,47.88535945422147,71.390980503887,0,45.42940791068142,9,1,0,normal
2026-01-06 09:21:00,44.279597504779254,80.13935102460042,0,43.086178532054916,9,1,0,normal
2026-01-06 09:22:00,33.844211095115334,90.88885417472603,1,57.92130057195112,9,1,0,normal
2026-01-06 09:23:00,43.64373409061016,102.38914921196053,1,46.70774163592677,9,1,0,normal
2026-01-06 09:24:00,48.80710266998386,93.63333554553931,0,51.26006833880883,9,2,0,normal
2026-01-06 09:25:00,39.81842165441809,69.17838875254692,0,56.23110533794622,9,1,0,normal
2026-01-06 09:26:00,55.5929374004475,85.53372693243792,19,55.71617628857643,4,1,1,brute_force_login
2026-01-06 09:27:00,29.655629134791788,80.94660682238036,0,44.30398546810539,9,1,0,normal
2026-01-06 09:28:00,44.16294072315461,60.01806568053648,1,62.031405287479544,9,1,0,normal
2026-01-06 09:29:00,46.99917001732602,85.97349177038409,0,40.951286074735954,9,2,0,normal
2026-01-06 09:30:00,45.34806340963148,107.85008506876571,0,55.64389959289977,9,3,0,normal
2026-01-06 09:31:00,38.77386564012611,80.48639906280506,0,39.02743033545556,9,2,0,normal
2026-01-06 09:32:00,38.257351107933104,56.087259804118986,0,51.880238583722004,9,1,0,normal
2026-01-06 09:33:00,42.66487102652354,80.45403006662929,23,37.28957838283391,2,1,1,brute_force_login
2026-01-06 09:34:00,44.894526919912416,61.79431701540125,0,49.94988779999484,9,2,0,normal
2026-01-06 09:35:00,43.61484061769418,92.95408260329432,1,38.16857677223926,9,1,0,normal
2026-01-06 09:36:00,46.24034734476034,87.87297487587693,1,36.70603677864451,9,2,0,normal
2026-01-06 09:37:00,33.88678025759959,77.43634919787885,33,37.269520239333986,3,1,1,brute_force_login
2026-01-06 09:38:00,38.63337412525819,75.03253601216268,0,48.983829741398864,9,1,0,normal
2026-01-06 09:39:00,34.359904407257474,76.8164854757668,1,48.955906729231835,9,2,0,normal
2026-01-06 09:40:00,37.68332334348315,80.1241174151348,0,48.92157007956415,9,4,0,normal
2026-01-06 09:41:00,46.09132535088583,68.41647467987687,0,46.77065940872012,9,1,0,normal
2026-01-06 09:42:00,40.64790352435137,59.18370378497845,0,41.12767601546996,9,2,0,normal
2026-01-06 09:43:00,55.64115497889862,97.08048420041972,1,39.22864129219707,9,3,0,normal
2026-01-06 09:44:00,41.1604382031383,74.21898535254563,2,36.71958567557781,9,1,0,normal
2026-01-06 09:45:00,40.35815128347842,82.50564656253717,0,36.24022071685398,9,1,0,normal
2026-01-06 09:46:00,40.6370975166413,84.27922926751242,0,54.70424076115348,9,1,0,normal
2026-01-06 09:47:00,36.173147842840386,84.83030719482821,0,36.52923200834565,9,1,0,normal
2026-01-06 09:48:00,39.65298032573444,62.39273004352364,1,37.542879188064376,9,1,0,normal
2026-01-06 09:49:00,46.76672816266988,54.86239753172228,1,37.01466074557401,9,1,0,normal
2026-01-06 09:50:00,40.683824008766635,71.16961212962012,1,34.386404116349844,9,1,0,normal
2026-01-06 09:51:00,35.239241620699175,85.9356729862543,0,47.43722000813202,9,3,0,normal
2026-01-06 09:52:00,34.449492277128186,69.08075198788531,0,40.71266733110893,9,1,0,normal
2026-01-06 09:53:00,37.29878865000494,74.67617969451149,0,43.68960612496942,9,1,0,normal
2026-01-06 09:54:00,40.44318060646528,111.90946120624352,0,44.067733271047864,9,1,0,normal
2026-01-06 09:55:00,47.16151921285757,52.31864172793196,1,47.309317684670894,9,1,0,normal
2026-01-06 09:56:00,31.95706815180138,68.67449006134252,0,45.81017774498432,9,2,0,normal
2026-01-06 09:57:00,38.081042332667465,108.44906102860892,0,54.47038638710302,9,1,0,normal
2026-01-06 09:58:00,40.86586011661047,79.33101992007165,0,39.656722511172156,9,1,0,normal
2026-01-06 09:59:00,28.997765394223393,69.41022251751635,0,40.26298603999227,9,1,0,normal
2026-01-06 10:00:00,34.99841030220156,97.5315337551668,0,44.28857820802664,10,2,0,normal
2026-01-06 10:01:00,35.92066876158288,80.82845654721667,0,44.41371932841662,10,1,0,normal
2026-01-06 10:02:00,35.22417775689701,74.77537407433991,1,33.13655108450182,10,1,0,normal
2026-01-06 10:03:00,41.151337270129886,82.88553390556267,0,32.38677797346458,10,3,0,normal
2026-01-06 10:04:00,39.03664234298922,70.1283678592585,0,43.873790017210666,10,1,0,normal
2026-01-06 10:05:00,36.66828338439378,64.73763405667883,0,56.08638169718893,10,2,0,normal
2026-01-06 10:06:00,42.56777575931581,78.29604608547878,1,56.878042222037756,10,1,0,normal
2026-01-06 10:07:00,50.3384483058775,64.83504559885989,0,36.06233852666941,10,1,0,normal
2026-01-06 10:08:00,49.83553910045051,80.16039967694721,0,41.555974594671845,10,1,0,normal
2026-01-06 10:09:00,28.463369367625983,85.31609851211509,1,46.300177083448986,10,1,0,normal
2026-01-06 10:10:00,43.46243310301084,92.79590684077417,0,47.431336714160466,10,1,0,normal
2026-01-06 10:11:00,38.93186025961697,96.91887478275241,0,37.21116815323227,10,4,0,normal
2026-01-06 10:12:00,40.93093205719214,73.91395247551623,0,58.619882306551894,10,1,0,normal
2026-01-06 10:13:00,37.61030179874471,87.49121911908604,0,40.43792153201833,10,2,0,normal
2026-01-06 10:14:00,40.705531779323216,87.38785169309534,1,47.951139825274645,10,1,0,normal
2026-01-06 10:15:00,40.908444376432115,84.91728073723976,1,42.36589339256129,10,1,0,normal
2026-01-06 10:16:00,36.526289455906465,72.80810883574313,34,42.40518638795781,1,1,1,brute_force_login
2026-01-06 10:17:00,34.621794713048914,64.57898281303834,1,51.05362055387724,10,1,0,normal
2026-01-06 10:18:00,37.30782590428309,87.5300283359984,0,159.94584507270534,10,17,1,credential_stuffing
2026-01-06 10:19:00,41.40555558674059,54.397061567104245,2,50.445936344037534,10,1,0,normal
2026-01-06 10:20:00,43.593978050105584,75.98240851147533,1,37.93462493166587,10,3,0,normal
2026-01-06 10:21:00,45.12009386404088,41.69553476527103,0,34.23527627025553,10,1,0,normal
2026-01-06 10:22:00,37.03485986159853,59.95396364962605,0,66.28252245826661,10,1,0,normal
2026-01-06 10:23:00,41.70306740381642,66.84299092328864,1,47.455781893662966,10,1,0,normal
2026-01-06 10:24:00,45.77501555171979,96.45086311443927,0,37.81709633596873,10,1,0,normal
2026-01-06 10:25:00,46.99356937086477,90.32162036606404,0,52.537732500183935,10,2,0,normal
2026-01-06 10:26:00,39.647002875210866,71.69097974236637,0,37.75284754931793,10,1,0,normal
2026-01-06 10:27:00,38.67440965036232,90.94054692694627,0,60.747368310929524,10,2,0,normal
2026-01-06 10:28:00,41.14674540301835,93.31434445070595,0,41.738259654527965,10,1,0,normal
2026-01-06 10:29:00,33.10175516261557,77.59002727437918,0,51.87108897693997,10,1,0,normal
2026-01-06 10:30:00,38.838342933786954,59.23432783679465,0,44.64088289495371,10,1,0,normal
2026-01-06 10:31:00,44.46751839083878,76.88131534900829,0,32.80704919589123,10,1,0,normal
2026-01-06 10:32:00,43.85168277666221,78.53161392241796,0,37.128443823108356,10,1,0,normal
2026-01-06 10:33:00,38.37839437381667,61.51318413754662,0,38.85951706349159,10,1,0,normal
2026-01-06 10:34:00,41.306309206523,85.50570189394952,0,39.52143848354423,10,1,0,normal
2026-01-06 10:35:00,35.05209795825587,84.19717781453534,0,46.49974657280361,10,1,0,normal
2026-01-06 10:36:00,44.22095288935015,731.4880052019147,0,25.545500938673026,10,1,1,data_exfiltration
2026-01-06 10:37:00,39.53307138318116,84.18384645751165,0,46.554191638407914,10,1,0,normal
2026-01-06 10:38:00,38.34429128982317,90.94764552672474,0,29.19376220976279,10,2,0,normal
2026-01-06 10:39:00,37.82965698343968,77.31007958190453,2,47.86348638619261,10,1,0,normal
2026-01-06 10:40:00,39.62263679860085,83.0267766105643,0,38.59561007008793,10,1,0,normal
2026-01-06 10:41:00,37.31273413040825,74.03389573631702,0,46.076954971997644,10,1,0,normal
2026-01-06 10:42:00,43.94885821601538,71.23251176567075,0,34.328329158710744,10,1,0,normal
2026-01-06 10:43:00,37.628298711902914,100.07374446143113,0,39.96539485671854,10,1,0,normal
2026-01-06 10:44:00,49.55778457616429,49.34346947710255,0,28.628614657298797,10,1,0,normal
2026-01-06 10:45:00,48.79126302088829,93.15139983731396,1,35.030313315103385,10,1,0,normal
2026-01-06 10:46:00,34.65073906087297,70.6918868683151,0,56.21145484200936,10,1,0,normal
2026-01-06 10:47:00,40.41822561657568,68.74942733535319,0,56.422690663846915,10,1,0,normal
2026-01-06 10:48:00,36.09606027198283,83.9236622609811,1,35.046514474729804,10,1,0,normal
2026-01-06 10:49:00,38.04011462086833,57.65585581473496,0,42.29150297392223,10,3,0,normal
2026-01-06 10:50:00,52.01456480586879,67.75965392080695,1,48.6666069724832,10,2,0,normal
2026-01-06 10:51:00,38.154571497305206,67.26290530230511,0,45.64380548733317,10,2,0,normal
2026-01-06 10:52:00,42.161356222464576,76.67902612722358,0,40.3927433826484,10,1,0,normal
2026-01-06 10:53:00,43.24792776404967,67.93793467758967,0,32.5432796759952,10,2,0,normal
2026-01-06 10:54:00,33.99622376510055,104.01678028458903,0,52.01622814962064,10,1,0,normal
2026-01-06 10:55:00,34.86942715354477,106.95524774746931,1,40.93729667224225,10,1,0,normal
2026-01-06 10:56:00,32.76386577155129,49.67009715877905,1,31.836269160072106,10,1,0,normal
2026-01-06 10:57:00,34.684175596613336,88.16484057148604,0,44.63847214373989,10,1,0,normal
2026-01-06 10:58:00,22.899819344096905,92.87995158616363,1,42.25141420219128,10,1,0,normal
2026-01-06 10:59:00,43.26749440476177,88.14477803586658,1,40.9309044128517,10,1,0,normal
2026-01-06 11:00:00,52.32516304753642,70.12829760362459,0,46.01249400676869,11,1,0,normal
2026-01-06 11:01:00,40.88692443421916,76.33856656762188,0,43.297194043632516,11,1,0,normal
2026-01-06 11:02:00,31.502386843956355,68.77588017833457,0,53.970415913178904,11,2,0,normal
2026-01-06 11:03:00,36.14334170260031,73.69603953261758,1,37.69413791014648,11,1,0,normal
2026-01-06 11:04:00,94.09751865666809,61.85052456999236,0,38.833494276317836,11,1,1,crypto_mining
2026-01-06 11:05:00,33.894491336719746,78.27816767548174,0,51.1725203933479,11,1,0,normal
2026-01-06 11:06:00,45.16109583037094,57.45797433042395,0,64.9626469932032,11,1,0,normal
2026-01-06 11:07:00,44.861560266252,76.99798168657793,0,63.71087894929542,11,2,0,normal
2026-01-06 11:08:00,33.067289237094045,61.27127466350353,0,50.85517654008632,11,1,0,normal
2026-01-06 11:09:00,44.350486266685046,83.10224542687106,1,42.19556571990011,11,3,0,normal
2026-01-06 11:10:00,49.16087598146359,69.80870658585664,0,40.727680217476276,11,2,0,normal
2026-01-06 11:11:00,51.41534923137736,84.35870521811806,0,41.90333562862864,11,1,0,normal
2026-01-06 11:12:00,57.19127213851577,96.22371092547174,1,31.070205877107426,11,2,0,normal
2026-01-06 11:13:00,34.58804410334081,103.84170404157062,0,50.463549484930134,11,1,0,normal
2026-01-06 11:14:00,56.94532255837122,42.079931164692645,0,55.57081458131097,11,1,0,normal
2026-01-06 11:15:00,37.87476166894727,67.48708859189325,0,43.919656074543646,11,1,0,normal
2026-01-06 11:16:00,36.44520726771692,75.45370884331979,0,61.74323323599364,11,2,0,normal
2026-01-06 11:17:00,41.96243424926707,86.90491727572224,0,66.80862309460665,11,1,0,normal
2026-01-06 11:18:00,36.507631995441926,55.24468243768206,0,52.08069015553909,11,2,0,normal
2026-01-06 11:19:00,42.39426484387916,65.26861389799677,0,39.63706241007171,11,4,0,normal
2026-01-06 11:20:00,32.07953687357619,81.95535803985665,1,38.13439097791429,11,1,0,normal
2026-01-06 11:21:00,38.567484387619395,81.27332362290001,1,51.19255541425968,11,1,0,normal
2026-01-06 11:22:00,47.71349340617007,85.66427609630139,1,53.426210732214344,11,1,0,normal
2026-01-06 11:23:00,39.65763225141306,86.65513590332174,0,294.61970547496105,11,12,1,credential_stuffing
2026-01-06 11:24:00,40.8495747204393,85.07891649673793,1,35.72365844867882,11,2,0,normal
2026-01-06 11:25:00,42.851551628303866,82.90482974947238,0,31.314257464173814,11,1,0,normal
2026-01-06 11:26:00,47.02396977590596,80.83609659989551,0,36.650860389456255,11,2,0,normal
2026-01-06 11:27:00,30.0686517268634,89.97144634586544,1,41.65440396763553,11,2,0,normal
2026-01-06 11:28:00,43.50714431102461,46.410160001536624,0,256.8070065010577,11,8,1,credential_stuffing
2026-01-06 11:29:00,38.39116516454942,103.16500230456852,0,40.418214842658536,11,2,0,normal
2026-01-06 11:30:00,40.99982737187103,46.93276923679514,1,20.459456758282915,11,1,0,normal
2026-01-06 11:31:00,46.359701018574256,63.81257274643262,1,39.75819866781555,11,1,0,normal
2026-01-06 11:32:00,32.83488009152894,76.59858805024783,0,42.33480802368167,11,1,0,normal
2026-01-06 11:33:00,33.92413335134146,90.08919336634764,0,42.159415597204884,11,2,0,normal
2026-01-06 11:34:00,28.387420241717162,35.07099663800575,0,24.3323222199778,11,1,0,normal
2026-01-06 11:35:00,36.705046349417344,79.57813514087249,0,42.27081164687585,11,1,0,normal
2026-01-06 11:36:00,47.982594066272895,91.88592559123602,0,55.56028046030709,11,1,0,normal
2026-01-06 11:37:00,39.27647686915918,94.91777174042716,0,41.27072755447556,11,1,0,normal
2026-01-06 11:38:00,31.959250626071285,69.54005512253812,0,39.60160093222667,11,1,0,normal
2026-01-06 11:39:00,37.08592753254972,75.48747069567452,0,38.82274721298398,11,2,0,normal
2026-01-06 11:40:00,31.072829779056264,70.75777806661058,0,46.22576891121289,11,2,0,normal
2026-01-06 11:41:00,33.24888338961303,74.10988019710874,1,32.81344629065272,11,2,0,normal
2026-01-06 11:42:00,42.33291346158228,64.52260173907348,0,35.9320520997197,11,1,0,normal
2026-01-06 11:43:00,32.95676004216383,66.66121756293623,1,53.976753046406174,11,1,0,normal
2026-01-06 11:44:00,46.67580583121981,86.51565383042552,1,50.36852060714594,11,1,0,normal
2026-01-06 11:45:00,39.57327825501798,81.97423059909113,0,40.660611681401335,11,1,0,normal
2026-01-06 11:46:00,40.51356822366715,87.3737976138571,0,48.890618283271834,11,1,0,normal
2026-01-06 11:47:00,38.32976219435264,83.21021584551255,0,37.64267720241903,11,1,0,normal
2026-01-06 11:48:00,44.63708703126234,90.56507901721393,0,37.54308921769562,11,1,0,normal
2026-01-06 11:49:00,44.69895932666206,93.17320997232493,0,37.38056609382746,11,1,0,normal
2026-01-06 11:50:00,42.01032611147303,53.87425070200844,1,32.44177253749905,11,2,0,normal
2026-01-06 11:51:00,43.388734635445886,67.18535524378456,0,44.24224926484299,11,1,0,normal
2026-01-06 11:52:00,38.72746198047744,76.52936063764942,0,60.92131779373253,11,1,0,normal
2026-01-06 11:53:00,43.25321804145429,79.65983711768989,1,29.019344204664307,11,1,0,normal
2026-01-06 11:54:00,37.97273334715716,69.9486413927295,0,58.48804815143843,11,1,0,normal
2026-01-06 11:55:00,40.01338973297441,93.68035506482458,2,23.27953959936706,11,2,0,normal
2026-01-06 11:56:00,38.35213750380222,109.69922552435898,1,48.99267610473276,11,2,0,normal
2026-01-06 11:57:00,37.25668876408483,82.792429333726,1,30.142459476444788,11,3,0,normal
2026-01-06 11:58:00,35.865329213669256,81.26511548297317,1,49.0893573936538,11,1,0,normal
2026-01-06 11:59:00,42.80614062315331,92.74184382656497,0,38.49671371142226,11,1,0,normal
2026-01-06 12:00:00,47.86363547688078,52.01240367194846,0,50.74516778884222,12,3,0,normal
2026-01-06 12:01:00,47.02661183001736,80.42703410657616,0,38.56201201809688,12,1,0,normal
2026-01-06 12:02:00,32.46060798432739,94.68553738201275,0,48.946112718656,12,1,0,normal
2026-01-06 12:03:00,47.73521830844124,70.35269004198332,22,43.26857022147436,3,1,1,brute_force_login
2026-01-06 12:04:00,38.09104899029243,61.60159130147052,1,54.66500649327109,12,1,0,normal
2026-01-06 12:05:00,43.60439809087355,77.21291584850333,0,43.44618154396162,12,1,0,normal
2026-01-06 12:06:00,34.562708007716736,79.08971850197119,0,46.65418360737376,12,1,0,normal
2026-01-06 12:07:00,40.85187948324403,66.37021577126812,0,45.44409487641804,12,1,0,normal
2026-01-06 12:08:00,41.88233909738144,111.44241914076426,0,51.98404095451274,12,2,0,normal
2026-01-06 12:09:00,31.09237124848208,72.81955428488081,0,52.44471189246422,12,2,0,normal
2026-01-06 12:10:00,43.649602998065134,62.695109728601466,1,45.28713112029435,12,1,0,normal
2026-01-06 12:11:00,48.07561004702989,78.59568021394082,1,31.107458126944564,12,1,0,normal
2026-01-06 12:12:00,38.952112325910235,93.61790956556737,0,37.16613196259472,12,1,0,normal
2026-01-06 12:13:00,48.161008784968075,80.26121373497347,0,51.24498730807253,12,1,0,normal
2026-01-06 12:14:00,38.861839039285556,87.28390880066003,0,32.5770232759309,12,1,0,normal
2026-01-06 12:15:00,45.0975071862797,66.92734108500264,0,39.077200975820325,12,1,0,normal
2026-01-06 12:16:00,26.6885802042934,102.31532669605271,0,40.085030548517175,12,2,0,normal
2026-01-06 12:17:00,54.51266667588078,88.42566541877665,0,43.09502336977227,12,2,0,normal
2026-01-06 12:18:00,48.972749471457746,95.71552353316414,0,41.95269650473769,12,2,0,normal
2026-01-06 12:19:00,38.292246974477926,85.47740948712755,0,45.255767740302495,12,1,0,normal
2026-01-06 12:20:00,28.16746584013709,92.37326056593176,0,36.40288942087981,12,2,0,normal
2026-01-06 12:21:00,41.72817020983293,66.90421160484159,0,37.996768408139005,12,1,0,normal
2026-01-06 12:22:00,31.336446717557457,72.62884374965657,0,59.16327862434987,12,1,0,normal
2026-01-06 12:23:00,42.66912122534493,100.19720893334045,0,56.17165799469764,12,1,0,normal
2026-01-06 12:24:00,92.69963283940719,103.39612920925946,1,49.0588532774713,12,1,1,crypto_mining
2026-01-06 12:25:00,34.35158098598785,62.794016004213844,0,49.873767750869376,12,1,0,normal
2026-01-06 12:26:00,46.725802141686266,83.74604101795718,0,47.04531892196439,12,1,0,normal
2026-01-06 12:27:00,44.83344821683704,73.53584299272158,1,44.432471178961954,12,1,0,normal
2026-01-06 12:28:00,45.85494002373138,69.54452795952707,0,37.89714479838039,12,1,0,normal
2026-01-06 12:29:00,40.053146222013375,84.27259543033175,0,56.44486748148866,12,1,0,normal
2026-01-06 12:30:00,31.50685559851776,97.11444398548112,0,59.79471455156498,12,1,0,normal
2026-01-06 12:31:00,45.86723363326683,86.77493709926291,0,40.41839362258801,12,2,0,normal
2026-01-06 12:32:00,38.37777160518525,75.20731325121447,1,53.62112146349028,12,4,0,normal
2026-01-06 12:33:00,31.661319140843986,87.7229176990274,0,41.333012121982065,12,2,0,normal
2026-01-06 12:34:00,48.11223619584595,74.60035739628648,0,38.446619677765696,12,2,0,normal
2026-01-06 12:35:00,52.59644512301506,86.18171451095903,0,41.248556644308316,12,1,0,normal
2026-01-06 12:36:00,39.75251122612478,100.946985506836,2,41.71818525206968,12,2,0,normal
2026-01-06 12:37:00,52.95472692761975,48.84260511048758,0,49.50980261736319,12,1,0,normal
2026-01-06 12:38:00,40.5478883716681,91.9587844781005,1,41.12805864646866,12,1,0,normal
2026-01-06 12:39:00,37.71726457500189,56.91417617644297,0,51.52614555967258,12,1,0,normal
2026-01-06 12:40:00,36.21724927488714,98.42491565816692,1,38.84242764242772,12,1,0,normal
2026-01-06 12:41:00,49.82249444795646,70.44461585190709,0,44.20807850055665,12,1,0,normal
2026-01-06 12:42:00,35.319136711673366,61.73492933590274,0,35.62394803666431,12,1,0,normal
2026-01-06 12:43:00,44.411615859849924,90.42903840633122,1,34.2527737535413,12,1,0,normal
2026-01-06 12:44:00,36.64501698964475,85.46255094713617,0,47.618655450011794,12,3,0,normal
2026-01-06 12:45:00,37.23815942455382,65.01219645557512,1,45.548240792927785,12,2,0,normal
2026-01-06 12:46:00,46.1814981638174,61.2050036424741,0,40.998616829324774,12,2,0,normal
2026-01-06 12:47:00,37.71977892226388,77.18777768763077,0,37.26566886285004,12,4,0,normal
2026-01-06 12:48:00,37.57122772347824,61.93869574743205,0,35.39282467746953,12,1,0,normal
2026-01-06 12:49:00,46.796828183048845,64.07790540614559,34,47.54674998853815,3,1,1,brute_force_login
2026-01-06 12:50:00,49.58438375932974,81.7343118563215,0,39.16495658410019,12,1,0,normal
2026-01-06 12:51:00,43.8681388197054,65.51192548617355,1,57.762055237236666,12,1,0,normal
2026-01-06 12:52:00,36.0713813462563,86.39808935039814,0,46.14281586067505,12,3,0,normal
2026-01-06 12:53:00,36.93634900421452,102.35215393825214,0,48.95606845795036,12,1,0,normal
2026-01-06 12:54:00,40.479491582440225,77.77166877649127,0,56.0201258665967,12,1,0,normal
2026-01-06 12:55:00,41.92558037155395,81.95226592978376,0,38.12504515959848,12,1,0,normal
2026-01-06 12:56:00,34.07280453916137,110.2714509925323,1,48.34269142811141,12,1,0,normal
2026-01-06 12:57:00,44.338227637479186,62.1859832393398,0,48.76848014287355,12,1,0,normal
2026-01-06 12:58:00,40.51307997783759,97.86852792771113,0,40.61720697781072,12,2,0,normal
2026-01-06 12:59:00,29.70575008817122,96.06286396868722,0,32.475348801218054,12,2,0,normal
2026-01-06 13:00:00,34.42644110523562,92.81476008760674,0,27.503849287262277,13,1,0,normal
2026-01-06 13:01:00,36.97522795809002,99.37621776098948,0,37.50374235223053,13,1,0,normal
2026-01-06 13:02:00,39.56285386695367,84.20862448937929,0,53.68723022734222,13,1,0,normal
2026-01-06 13:03:00,51.33567277302397,71.25605756601098,0,38.49916555246776,13,3,0,normal
2026-01-06 13:04:00,41.42902783683777,96.41859936830852,0,52.446480617140395,13,1,0,normal
2026-01-06 13:05:00,34.95536866060825,96.99263317569343,0,38.66449216103201,13,1,0,normal
2026-01-06 13:06:00,41.32378482584298,96.57970852239932,0,45.12462637544324,13,1,0,normal
2026-01-06 13:07:00,37.88747351527672,80.66753123478854,0,49.00194821615261,13,1,0,normal
2026-01-06 13:08:00,41.94854943720125,69.2570822958001,0,53.01195932739222,13,1,0,normal
2026-01-06 13:09:00,43.48340612221369,82.87043381167416,1,41.08059841274352,13,2,0,normal
2026-01-06 13:10:00,47.255383883343626,94.13345026351753,0,39.63912752143924,13,1,0,normal
2026-01-06 13:11:00,39.854281025979844,95.36527684789948,0,28.932014788778034,13,1,0,normal
2026-01-06 13:12:00,49.833763165598995,73.55485809388108,0,41.33246187688706,13,2,0,normal
2026-01-06 13:13:00,45.44813597521715,84.73059344191086,1,71.33735518313338,13,1,0,normal
2026-01-06 13:14:00,35.75536273112687,60.36832543271066,0,43.02665146676334,13,3,0,normal
2026-01-06 13:15:00,53.25913399449078,94.77425154508776,0,33.3992791358444,13,1,0,normal
2026-01-06 13:16:00,41.961967079620585,68.25036864912404,0,43.560531633544045,13,1,0,normal
2026-01-06 13:17:00,34.98925297616659,91.77883039357322,0,50.69392931021378,13,3,0,normal
2026-01-06 13:18:00,49.91747830738253,62.76043133914757,0,39.98005714959014,13,1,0,normal
2026-01-06 13:19:00,52.46666551119067,95.47123859651012,0,36.07367543986655,13,1,0,normal
2026-01-06 13:20:00,39.801848417682635,84.82752785034155,1,65.10060890997828,13,2,0,normal
2026-01-06 13:21:00,36.978098437746425,68.27963456574581,0,47.975711413671014,13,1,0,normal
2026-01-06 13:22:00,38.96575025527803,90.37034571620788,0,57.25305786923948,13,1,0,normal
2026-01-06 13:23:00,44.288390365106196,71.14457462292003,1,41.797583237778845,13,3,0,normal
2026-01-06 13:24:00,47.66713993018308,91.24332556167693,0,59.187177093657176,13,3,0,normal
2026-01-06 13:25:00,43.42292398518144,75.88832786928918,0,52.25942825879694,13,1,0,normal
2026-01-06 13:26:00,40.61033925083062,54.18429311555506,0,49.08939858168374,13,3,0,normal
2026-01-06 13:27:00,48.988070621826566,65.26375639278595,0,35.17004989715725,13,1,0,normal
2026-01-06 13:28:00,38.122981161690866,73.54377936969074,0,39.11427568186252,13,1,0,normal
2026-01-06 13:29:00,46.18551603020144,100.52283535622867,0,48.600449010871806,13,1,0,normal
2026-01-06 13:30:00,38.271623209892326,93.51715445793837,1,42.22174151991553,13,1,0,normal
2026-01-06 13:31:00,42.58613774806536,104.35792118483212,0,47.98032358550129,13,1,0,normal
2026-01-06 13:32:00,39.31862461125729,104.80452824044787,0,41.185743725316335,13,1,0,normal
2026-01-06 13:33:00,39.66488690408313,71.97873793113628,0,48.371973265464064,13,1,0,normal
2026-01-06 13:34:00,37.73568089522674,77.17269710361757,0,39.75799332130287,13,4,0,normal
2026-01-06 13:35:00,48.06912418708417,73.83080113504192,0,48.60209584904058,13,3,0,normal
2026-01-06 13:36:00,35.60244377134879,69.92734092048386,0,36.93190336397969,13,3,0,normal
2026-01-06 13:37:00,35.55860648470775,52.377579359953124,0,42.25761269656095,13,1,0,normal
2026-01-06 13:38:00,52.725961395070655,79.77878422974736,0,43.2799539011171,13,1,0,normal
2026-01-06 13:39:00,45.86708538792599,60.71651609433334,0,37.78543106907001,13,1,0,normal
2026-01-06 13:40:00,25.689317807841782,79.48742177698509,0,39.866100355266894,13,2,0,normal
2026-01-06 13:41:00,36.60844756473758,111.73656214344477,0,47.24046112074322,13,2,0,normal
2026-01-06 13:42:00,29.128063974627675,72.35982355503937,0,50.662745820888446,13,1,0,normal
2026-01-06 13:43:00,34.29585583950847,82.921610084421,0,47.00573407926514,13,1,0,normal
2026-01-06 13:44:00,21.16891200259576,93.59972578713925,0,49.0540792593106,13,1,0,normal
2026-01-06 13:45:00,39.178062533836346,84.20436937948861,0,45.68644150893379,13,1,0,normal
2026-01-06 13:46:00,33.14834908503213,84.38726281913443,1,39.44083297974623,13,1,0,normal
2026-01-06 13:47:00,40.35943154077863,74.5639634946788,1,31.1851335174195,13,2,0,normal
2026-01-06 13:48:00,30.24927244670485,76.52183037408152,0,40.76361589800959,13,1,0,normal
2026-01-06 13:49:00,93.845550706125,65.59984216718257,0,44.027027561873055,13,1,1,crypto_mining
2026-01-06 13:50:00,37.51050233127803,92.69067513334112,0,39.97763718112374,13,1,0,normal
2026-01-06 13:51:00,49.011717791131574,53.87762515078856,0,57.42286798673335,13,1,0,normal
2026-01-06 13:52:00,48.46814117047375,94.56632507573303,0,47.2111695794595,13,1,0,normal
2026-01-06 13:53:00,44.712073618061694,58.944524228821365,0,44.26783742481608,13,1,0,normal
2026-01-06 13:54:00,38.04031731603273,94.43910911114978,0,49.37656595081721,13,2,0,normal
2026-01-06 13:55:00,51.91228237156176,74.69273710681728,1,61.17965444015986,13,1,0,normal
2026-01-06 13:56:00,30.681788332961077,61.5219696780038,0,42.74764517733224,13,1,0,normal
2026-01-06 13:57:00,31.578648222618025,88.68947967619455,33,37.28606120233568,2,5,1,brute_force_login
2026-01-06 13:58:00,39.49730140066561,93.93151302613663,1,47.57476996712301,13,1,0,normal
2026-01-06 13:59:00,53.52422865352672,73.42882027844695,0,35.805676129851335,13,2,0,normal
2026-01-06 14:00:00,38.78596655877948,90.809158230184,0,37.37313082502008,14,1,0,normal
2026-01-06 14:01:00,38.90052854074431,45.723732579959744,1,56.39203865220774,14,2,0,normal
2026-01-06 14:02:00,31.348537863329145,60.191055653800994,1,55.36646297772042,14,2,0,normal
2026-01-06 14:03:00,45.67557751162227,99.38613395703094,0,50.20193436112443,14,1,0,normal
2026-01-06 14:04:00,45.719057525976126,76.64496088703126,1,48.11897469025347,14,1,0,normal
2026-01-06 14:05:00,44.73445120839946,52.06680010326728,0,35.231938566200796,14,1,0,normal
2026-01-06 14:06:00,36.224675962915825,69.5170072933701,0,38.530820005916425,14,2,0,normal
2026-01-06 14:07:00,35.75975938976197,66.14899291212379,1,55.58420341898935,14,2,0,normal
2026-01-06 14:08:00,32.24126649757018,77.51057402790613,0,40.94462335291307,14,1,0,normal
2026-01-06 14:09:00,40.503235010565604,74.43873524288529,0,38.60061710673641,14,1,0,normal
2026-01-06 14:10:00,33.51755602432899,82.68397593407241,1,43.480483669023,14,3,0,normal
2026-01-06 14:11:00,32.93550096850427,78.95800922581138,0,49.61630717198786,14,3,0,normal
2026-01-06 14:12:00,37.457855698535944,100.39608882555528,0,43.339995061885745,14,1,0,normal
2026-01-06 14:13:00,37.065062948894706,86.36822899579504,0,43.57611454167424,14,1,0,normal
2026-01-06 14:14:00,36.77212882706827,86.86507416790378,1,27.575426463895166,14,1,0,normal
2026-01-06 14:15:00,42.79866758104157,97.47735685841783,1,44.433499969351615,14,1,0,normal
2026-01-06 14:16:00,40.474286812901674,74.16846874355628,0,52.979324211606674,14,1,0,normal
2026-01-06 14:17:00,38.27106381693329,61.07183834962272,1,44.45122894986972,14,1,0,normal
2026-01-06 14:18:00,41.09807756986889,98.10455486948374,0,61.55949491485235,14,1,0,normal
2026-01-06 14:19:00,34.05083775337221,82.0376262216217,1,39.22148514881542,14,1,0,normal
2026-01-06 14:20:00,40.63167174345807,584.1739638696647,0,41.08385499101956,14,1,1,data_exfiltration
2026-01-06 14:21:00,40.9036149570678,70.50005117704646,1,39.63578406630329,14,2,0,normal
2026-01-06 14:22:00,30.981718843855116,70.74717000344634,0,39.41225291049679,14,2,0,normal
2026-01-06 14:23:00,45.97416252622217,92.70083508156266,0,49.295393141767974,14,2,0,normal
2026-01-06 14:24:00,34.71139776863803,94.76983697206416,0,42.800745073944384,14,1,0,normal
2026-01-06 14:25:00,40.54185879523861,91.75735108619988,0,60.55473939846071,14,1,0,normal
2026-01-06 14:26:00,46.98647044321162,91.89442408168213,0,46.977430534280295,14,1,0,normal
2026-01-06 14:27:00,45.55406054628322,88.53544305889639,0,38.02416988313717,14,1,0,normal
2026-01-06 14:28:00,40.206000331413016,81.97284095117234,1,37.05909839615434,14,2,0,normal
2026-01-06 14:29:00,37.82500598270759,77.3693047351853,0,58.333532922223085,14,1,0,normal
2026-01-06 14:30:00,45.6850714514534,98.1548577491233,1,46.76575546488959,14,1,0,normal
2026-01-06 14:31:00,44.04816986685172,74.3941869426435,0,55.44191743147121,14,1,0,normal
2026-01-06 14:32:00,36.28980987973522,85.54968820821121,0,45.55605448993516,14,1,0,normal
2026-01-06 14:33:00,35.230638117989855,67.9398050306863,0,45.12701742681519,14,1,0,normal
2026-01-06 14:34:00,27.56586890982401,70.11051444724325,0,55.718236170855214,14,1,0,normal
2026-01-06 14:35:00,40.92419105010153,76.45768148214161,0,47.98234077553978,14,2,0,normal
2026-01-06 14:36:00,39.503813529889605,67.94092434909254,0,47.894276694715174,14,2,0,normal
2026-01-06 14:37:00,46.81714824785526,91.9677773821745,0,41.757802862447996,14,2,0,normal
2026-01-06 14:38:00,42.1543305608822,59.77948622682456,2,51.97135722895853,14,2,0,normal
2026-01-06 14:39:00,48.00537516503614,81.4884443507161,0,44.40589628989065,14,3,0,normal
2026-01-06 14:40:00,35.81581463250298,81.98762145263272,0,40.55944302023835,14,1,0,normal
2026-01-06 14:41:00,46.828901985805715,52.83800632520479,0,62.219892620754905,14,3,0,normal
2026-01-06 14:42:00,36.82650172537207,73.38464269214587,1,42.60313041298088,14,3,0,normal
2026-01-06 14:43:00,44.665576370753634,83.83549307072214,0,38.67709520475383,14,1,0,normal
2026-01-06 14:44:00,31.247449644815838,86.43091989941102,1,54.099431379727086,14,1,0,normal
2026-01-06 14:45:00,41.41081179619713,76.9353918709975,0,50.4297975603218,14,1,0,normal
2026-01-06 14:46:00,28.09187235132454,90.15332306721074,0,39.696927985935744,14,1,0,normal
2026-01-06 14:47:00,38.39717508434947,78.36025614145939,1,44.369190170277065,14,1,0,normal
2026-01-06 14:48:00,42.64212396326748,80.20479368112585,0,50.35139737618833,14,1,0,normal
2026-01-06 14:49:00,36.87418869261342,83.77480803479831,0,256.07830181002277,14,11,1,credential_stuffing
2026-01-06 14:50:00,33.697374227464195,93.90499443101253,1,51.28796273662437,14,1,0,normal
2026-01-06 14:51:00,45.0767108157756,69.86422996376702,0,44.9473207845701,14,1,0,normal
2026-01-06 14:52:00,39.37922326091846,72.69767191222553,0,51.54463722491043,14,1,0,normal
2026-01-06 14:53:00,37.06257611781597,69.96655262406178,1,42.52861689801673,14,1,0,normal
2026-01-06 14:54:00,40.251375526925656,75.017034257871,0,39.83246610808567,14,1,0,normal
2026-01-06 14:55:00,55.820014851673534,101.39351387119646,0,53.42404205183284,14,1,0,normal
2026-01-06 14:56:00,46.92101709868926,88.59087978994734,0,47.32867239269963,14,1,0,normal
2026-01-06 14:57:00,46.97544200912704,63.03365382246737,0,50.49569684987795,14,2,0,normal
2026-01-06 14:58:00,42.613277913954185,70.99329551616988,0,54.79464745742723,14,4,0,normal
2026-01-06 14:59:00,40.99891163546288,85.59150836414604,1,40.419451982895914,14,1,0,normal
2026-01-06 15:00:00,25.6235062700175,66.40238328600844,0,49.25902022628513,15,1,0,normal
2026-01-06 15:01:00,35.926117921221206,69.11989938777864,2,63.5599361700207,15,1,0,normal
2026-01-06 15:02:00,37.11655352078515,100.17439499261224,0,43.71894171480335,15,2,0,normal
2026-01-06 15:03:00,28.7506476157148,70.7993655729022,0,35.348862692394164,15,1,0,normal
2026-01-06 15:04:00,33.0555052587074,94.3200022404408,0,51.57633456731631,15,1,0,normal
2026-01-06 15:05:00,28.114981174464198,98.82984784296409,0,31.68173216315224,15,1,0,normal
2026-01-06 15:06:00,39.77005698581576,68.99806863246553,0,36.218835528905004,15,2,0,normal
2026-01-06 15:07:00,44.91259582509289,66.65056165164287,1,45.04973223483059,15,1,0,normal
2026-01-06 15:08:00,46.64064711174597,75.85801870278252,0,44.7699751043041,15,1,0,normal
2026-01-06 15:09:00,42.488706772475446,63.67058418989562,0,46.50575246952769,15,1,0,normal
2026-01-06 15:10:00,34.21962195280859,81.81550817754113,0,62.6550596515347,15,1,0,normal
2026-01-06 15:11:00,28.407609048880243,76.9152213221992,0,45.67690448897836,15,2,0,normal
2026-01-06 15:12:00,29.458787803590987,85.40870023829453,0,40.38106471669614,15,1,0,normal
2026-01-06 15:13:00,32.38610453647301,100.95415184349231,0,39.87087010003958,15,1,0,normal
2026-01-06 15:14:00,34.66684181178595,92.2622747115548,0,41.35119786480896,15,1,0,normal
2026-01-06 15:15:00,39.04150901205048,87.33859663118534,1,35.29039900088387,15,3,0,normal
2026-01-06 15:16:00,97.57510147909748,50.50927380548123,1,49.48044427545991,15,1,1,crypto_mining
2026-01-06 15:17:00,42.03385536200957,86.65063973153563,1,47.41361561510456,15,1,0,normal
2026-01-06 15:18:00,38.606358983203165,105.83941491056824,1,48.73411474352763,15,1,0,normal
2026-01-06 15:19:00,40.06327427044615,34.84216225529725,0,51.40545029896208,15,1,0,normal
2026-01-06 15:20:00,46.84150331602723,90.34073814463437,0,49.95416774204454,15,1,0,normal
2026-01-06 15:21:00,32.91860959479778,77.60962137865303,0,33.94822161588447,15,2,0,normal
2026-01-06 15:22:00,42.51222746975421,67.25307495465583,0,42.75017749422395,15,2,0,normal
2026-01-06 15:23:00,39.91616062914356,92.0169287586793,1,43.079657446624665,15,1,0,normal
2026-01-06 15:24:00,37.99908231418183,105.64558850910996,0,56.018062058559416,15,1,0,normal
2026-01-06 15:25:00,45.311537925195765,91.6284609325663,0,56.72088494658459,15,1,0,normal
2026-01-06 15:26:00,45.274084927342045,74.4321207310771,0,41.59184779111138,15,1,0,normal
2026-01-06 15:27:00,34.32105522406943,65.84795263387765,0,37.069758451137474,15,1,0,normal
2026-01-06 15:28:00,38.907036496852456,82.16941450684315,0,46.26822352668525,15,1,0,normal
2026-01-06 15:29:00,41.687270095504395,93.09753938572382,1,42.45031066449286,15,1,0,normal
2026-01-06 15:30:00,38.36195951186449,74.19420460649408,1,44.331523921210454,15,1,0,normal
2026-01-06 15:31:00,43.51012799372679,75.64425512523805,1,54.724810795864215,15,2,0,normal
2026-01-06 15:32:00,41.68715210746165,122.33000374757597,1,47.151000097878146,15,1,0,normal
2026-01-06 15:33:00,50.99536744213607,96.17977918939589,0,41.16119310522739,15,2,0,normal
2026-01-06 15:34:00,30.818325184421276,97.25193017590448,0,39.72931036626926,15,1,0,normal
2026-01-06 15:35:00,39.26538406151562,58.09571140911782,0,33.511754783052055,15,1,0,normal
2026-01-06 15:36:00,34.548984930926856,69.39216981059809,0,49.49924366321999,15,2,0,normal
2026-01-06 15:37:00,43.624644732634266,81.12022459181358,0,47.25748010178145,15,1,0,normal
2026-01-06 15:38:00,30.296968659726733,64.98293663172275,0,49.50800836629813,15,1,0,normal
2026-01-06 15:39:00,42.07787626134932,104.00595948333941,0,44.86570915567544,15,3,0,normal
2026-01-06 15:40:00,36.21970941190995,101.15468459885969,1,36.55021590740634,15,2,0,normal
2026-01-06 15:41:00,35.59502880327392,71.99681993923919,0,45.44552363391372,15,1,0,normal
2026-01-06 15:42:00,31.321010778755877,106.75877909911227,0,54.11591640040145,15,1,0,normal
2026-01-06 15:43:00,37.20954432279397,79.93621854920087,0,45.465966655150666,15,1,0,normal
2026-01-06 15:44:00,46.50700318174555,118.84084576083573,5,58.14149919360352,15,2,0,normal
2026-01-06 15:45:00,39.84886789882312,82.17029195787555,1,47.01799916969474,15,1,0,normal
2026-01-06 15:46:00,43.76608250724685,88.64289125492633,0,60.741532287139805,15,1,0,normal
2026-01-06 15:47:00,49.98785093179765,100.99855161754337,0,61.391998737199586,15,2,0,normal
2026-01-06 15:48:00,41.582533508935455,99.16450024711713,0,37.81927067900031,15,1,0,normal
2026-01-06 15:49:00,36.64720256762595,87.6609809920384,1,39.82634995647676,15,2,0,normal
2026-01-06 15:50:00,42.80351329109674,77.88289520834246,0,41.343576247416415,15,1,0,normal
2026-01-06 15:51:00,36.73422312211425,87.71199049989679,1,31.336413986147722,15,1,0,normal
2026-01-06 15:52:00,36.973463900216984,67.75723742185828,1,48.71171597634609,15,2,0,normal
2026-01-06 15:53:00,30.88064320228609,82.28200578296173,1,48.4928316739196,15,1,0,normal
2026-01-06 15:54:00,45.557544946506354,63.360387012530076,1,46.536878112845066,15,1,0,normal
2026-01-06 15:55:00,37.68398454610336,53.286775398795484,0,35.21193629667878,15,2,0,normal
2026-01-06 15:56:00,41.09258947489517,80.75640146209165,0,57.707917606176856,15,1,0,normal
2026-01-06 15:57:00,33.784228428360166,98.93416836007509,0,29.956624208976727,15,2,0,normal
2026-01-06 15:58:00,42.615685778292836,93.88706962394089,1,34.41618999853841,15,1,0,normal
2026-01-06 15:59:00,35.4283525711895,78.77131556411588,1,52.089396102970795,15,1,0,normal
2026-01-06 16:00:00,39.14974766978906,106.20484547263244,0,47.52734880174279,16,1,0,normal
2026-01-06 16:01:00,45.26695618743476,875.5563378439692,0,40.08715348966589,16,1,1,data_exfiltration
2026-01-06 16:02:00,44.74455587339518,51.23251007302965,0,45.4398420342293,16,1,0,normal
2026-01-06 16:03:00,39.867819564898355,47.26848058698557,1,46.03339187031448,16,1,0,normal
2026-01-06 16:04:00,29.39121380375969,62.28213589106424,0,54.42086575581626,16,1,0,normal
2026-01-06 16:05:00,57.956863420363845,92.24937114893343,1,35.26964654701751,16,1,0,normal
2026-01-06 16:06:00,50.47515382163881,70.4779597479892,0,47.33516317584164,16,1,0,normal
2026-01-06 16:07:00,44.33604894932979,86.91437962785953,0,53.630158057011364,16,1,0,normal
2026-01-06 16:08:00,35.48077731045417,104.69425075375966,0,37.01555588382496,16,1,0,normal
2026-01-06 16:09:00,39.31844702978821,63.498545561332904,1,44.587516217258774,16,1,0,normal
2026-01-06 16:10:00,36.7394774213409,87.17749597693835,0,44.5283014347588,16,2,0,normal
2026-01-06 16:11:00,47.583135634578326,88.08444608983584,0,32.09140063585279,16,4,0,normal
2026-01-06 16:12:00,41.575017345111,67.08893017290345,0,47.337354613635945,16,1,0,normal
2026-01-06 16:13:00,35.295016849841005,100.31316387867625,0,47.814991861253084,16,1,0,normal
2026-01-06 16:14:00,37.175469405251306,75.68439416675785,0,56.97016080690227,16,2,0,normal
2026-01-06 16:15:00,46.72712885541943,74.24370528630486,1,44.82941540169634,16,1,0,normal
2026-01-06 16:16:00,49.60058708092287,111.67419827626959,0,48.502054963415425,16,2,0,normal
2026-01-06 16:17:00,49.16998938091747,87.84150113550078,0,56.77762129543328,16,1,0,normal
2026-01-06 16:18:00,44.54219239032386,93.87935824528248,0,39.86579173819872,16,2,0,normal
2026-01-06 16:19:00,38.48425078718418,100.32339397282757,1,35.553006769382186,16,1,0,normal
2026-01-06 16:20:00,20.550917048025276,70.24289000811174,0,45.976582349763454,16,2,0,normal
2026-01-06 16:21:00,41.782960142849326,98.74731645580519,0,43.42214556014797,16,1,0,normal
2026-01-06 16:22:00,39.989027446935395,72.47158827503495,2,44.2735516188772,16,1,0,normal
2026-01-06 16:23:00,40.839892577928126,71.83064915992554,0,41.6160043905968,16,1,0,normal
2026-01-06 16:24:00,40.32338408219924,75.92000041537796,0,38.281262579314095,16,1,0,normal
2026-01-06 16:25:00,32.042427028305056,70.66902747582567,1,52.474032016739386,16,2,0,normal
2026-01-06 16:26:00,43.34445134110712,92.33234648985744,0,44.83673142373461,16,1,0,normal
2026-01-06 16:27:00,43.793297884191105,84.00815982717583,0,62.9637844345184,16,1,0,normal
2026-01-06 16:28:00,44.094032692357956,72.6316337807433,0,36.68012359693364,16,1,0,normal
2026-01-06 16:29:00,45.67946202144032,90.11757549732232,0,61.05081678603978,16,4,0,normal
2026-01-06 16:30:00,43.62430986952974,75.87226343920481,0,47.340022910436474,16,1,0,normal
2026-01-06 16:31:00,37.53982353076653,75.07894444452985,0,45.148351310706914,16,1,0,normal
2026-01-06 16:32:00,39.57497891250346,80.73025827352315,0,36.194659528466744,16,1,0,normal
2026-01-06 16:33:00,40.546749203520264,86.95190533499326,0,39.69944233192572,16,1,0,normal
2026-01-06 16:34:00,40.64619669463971,85.84771474066129,0,55.069069540823975,16,2,0,normal
2026-01-06 16:35:00,45.98930593583038,74.55126226620754,0,23.675898495186605,16,1,0,normal
2026-01-06 16:36:00,43.86201251813495,92.70666811159103,1,30.63823553220189,16,2,0,normal
2026-01-06 16:37:00,52.46406063741972,76.66408773380516,0,32.104957076803714,16,1,0,normal
2026-01-06 16:38:00,53.23881387930803,70.1752326708692,1,54.36830064762375,16,1,0,normal
2026-01-06 16:39:00,40.47789749568355,57.97967526848973,0,50.445893064197804,16,4,0,normal
2026-01-06 16:40:00,16.980066709243783,94.74767721498532,0,36.895806719347725,16,1,0,normal
2026-01-06 16:41:00,47.4209947967636,80.18585114291011,0,41.227056467451746,16,1,0,normal
2026-01-06 16:42:00,36.757741966077674,83.16308537765772,0,46.038659231541146,16,2,0,normal
2026-01-06 16:43:00,35.19109646901396,95.68704373549274,0,53.15739682191184,16,1,0,normal
2026-01-06 16:44:00,37.6093283500638,72.83890652603276,1,36.895416044219786,16,1,0,normal
2026-01-06 16:45:00,37.320141719112364,59.384011272888074,0,46.065617908933554,16,2,0,normal
2026-01-06 16:46:00,43.67361886063236,81.04671053322828,1,42.2456340546089,16,1,0,normal
2026-01-06 16:47:00,30.643385325242647,84.61942328120443,0,44.17613055749162,16,1,0,normal
2026-01-06 16:48:00,33.53367552525039,76.05726400759441,0,37.828092382245615,16,1,0,normal
2026-01-06 16:49:00,42.0589513251845,102.10606367114254,0,46.67859382197001,16,1,0,normal
2026-01-06 16:50:00,43.73766418247985,42.70750148417965,0,38.74042515920601,16,1,0,normal
2026-01-06 16:51:00,43.849249869616074,96.80084956849674,0,45.763858436369475,16,1,0,normal
2026-01-06 16:52:00,35.27778232640021,91.86730475546338,0,57.49998194840843,16,1,0,normal
2026-01-06 16:53:00,34.13040610440256,86.85156166550689,0,53.349775669191395,16,1,0,normal
2026-01-06 16:54:00,36.960190997272484,29.96147675796356,0,56.118475148721785,16,1,0,normal
2026-01-06 16:55:00,41.43923651370835,99.25833174905402,0,47.53137115335677,16,1,0,normal
2026-01-06 16:56:00,48.912864215635295,64.60348834046172,0,54.062696132480994,16,1,0,normal
2026-01-06 16:57:00,27.7153768853755,72.3846203242492,0,30.582225046302,16,1,0,normal
2026-01-06 16:58:00,38.6756274582498,77.44111002814897,1,31.443287428424796,16,6,0,normal
2026-01-06 16:59:00,32.003929353848775,86.11127051977962,1,36.959904861655076,16,1,0,normal
2026-01-06 17:00:00,30.086543935879064,89.59142063288824,0,37.511958406834076,17,1,0,normal
2026-01-06 17:01:00,45.8017398720689,93.39260831478944,0,53.383310389038584,17,1,0,normal
2026-01-06 17:02:00,43.26774744699603,92.23780265117774,0,32.93018023442145,17,1,0,normal
2026-01-06 17:03:00,42.696601095683576,83.79390806319688,1,34.14605416794484,17,3,0,normal
2026-01-06 17:04:00,45.52615503838596,86.23883988586387,0,44.02481173206665,17,2,0,normal
2026-01-06 17:05:00,37.121686619403185,63.638694262666306,0,46.09592832324097,17,1,0,normal
2026-01-06 17:06:00,37.40417490199883,68.73459789771466,0,52.000390599568675,17,1,0,normal
2026-01-06 17:07:00,53.114383700335445,93.43190335512249,0,42.860839463556104,17,1,0,normal
2026-01-06 17:08:00,96.92651802512543,92.55814230093021,0,43.53828037710251,17,1,1,crypto_mining
2026-01-06 17:09:00,44.41079267832455,90.85699124666631,0,52.097594828484816,17,2,0,normal
2026-01-06 17:10:00,40.03828924577989,72.28374857515209,2,37.800839118426865,17,2,0,normal
2026-01-06 17:11:00,28.91044881952951,93.65738197915543,1,45.98134686803106,17,1,0,normal
2026-01-06 17:12:00,27.732225977192392,62.58133321279463,1,49.559679740419476,17,2,0,normal
2026-01-06 17:13:00,36.52609468036057,96.16039714793409,1,42.0368995402887,17,1,0,normal
2026-01-06 17:14:00,46.33660751001993,76.08693798131165,0,51.885412043291396,17,4,0,normal
2026-01-06 17:15:00,44.729749939816024,105.26255609510949,0,38.145916623806954,17,1,0,normal
2026-01-06 17:16:00,45.4844629853442,57.178368619017725,0,57.49883536333543,17,3,0,normal
2026-01-06 17:17:00,34.07772292638211,106.45106068877783,2,42.48211461351703,17,2,0,normal
2026-01-06 17:18:00,49.69523494073388,74.57803506254807,0,41.487846625149345,17,3,0,normal
2026-01-06 17:19:00,34.21064019888169,74.30781115982384,1,33.313220601284314,17,1,0,normal
2026-01-06 17:20:00,41.27694639201981,82.92258228478396,1,36.03925643922544,17,2,0,normal
2026-01-06 17:21:00,39.93788626055358,69.54381630798954,0,38.5071889618225,17,2,0,normal
2026-01-06 17:22:00,38.95675707811248,78.9150649804654,1,35.97631837681655,17,1,0,normal
2026-01-06 17:23:00,48.031552829773645,68.93560602093719,0,35.539819149687666,17,1,0,normal
2026-01-06 17:24:00,35.769336879004236,69.48404703531219,3,45.35093797194733,17,1,0,normal
2026-01-06 17:25:00,94.63447653391975,87.30328925450858,0,49.809145355438496,17,1,1,crypto_mining
2026-01-06 17:26:00,40.11997291723851,66.47651757044726,0,47.23657594938645,17,1,0,normal
2026-01-06 17:27:00,37.60103959428084,68.47708647491777,0,19.42477772473962,17,1,0,normal
2026-01-06 17:28:00,60.26429751449588,59.408131253803866,0,36.66808515668069,17,1,0,normal
2026-01-06 17:29:00,44.05904485863985,72.44103980057992,0,54.09673790792013,17,1,0,normal
2026-01-06 17:30:00,37.54395654868826,99.67403044585883,0,34.25057346109399,17,1,0,normal
2026-01-06 17:31:00,33.66333058487748,67.31099539845547,2,44.03159297633019,17,1,0,normal
2026-01-06 17:32:00,28.718269536587293,69.02550102219138,0,36.23070680422548,17,2,0,normal
2026-01-06 17:33:00,33.8486854855754,82.90882919722303,1,55.44323771612157,17,1,0,normal
2026-01-06 17:34:00,40.68965063055479,74.4380534930071,1,38.643521121735965,17,1,0,normal
2026-01-06 17:35:00,48.563971909568615,113.42231650024475,0,50.50218575264888,17,1,0,normal
2026-01-06 17:36:00,46.73013485432752,77.56208052985615,0,39.20477432046153,17,2,0,normal
2026-01-06 17:37:00,41.37456898987828,85.02827519326058,0,25.593131366228985,17,1,0,normal
2026-01-06 17:38:00,38.06099400578509,94.15653177198983,0,48.76775330086726,17,1,0,normal
2026-01-06 17:39:00,41.612874138472925,93.86866798794276,0,29.64667237683559,17,1,0,normal
2026-01-06 17:40:00,36.88817201509254,83.49931372336069,1,37.69394280029028,17,1,0,normal
2026-01-06 17:41:00,50.31018397458325,77.58308769970998,0,59.92708660400828,17,2,0,normal
2026-01-06 17:42:00,38.86485891234952,110.36042804568885,1,70.03787048515397,17,1,0,normal
2026-01-06 17:43:00,39.48197285051964,78.503595870286,1,45.16092526768787,17,1,0,normal
2026-01-06 17:44:00,26.705065449875992,73.37464843357279,0,37.86855369103711,17,3,0,normal
2026-01-06 17:45:00,38.827390920863415,70.31226517558972,0,45.20734025265578,17,1,0,normal
2026-01-06 17:46:00,45.01890482778965,54.09795195939866,0,34.48761176422655,17,3,0,normal
2026-01-06 17:47:00,33.59366453776873,92.32423628355745,0,41.622346421322945,17,1,0,normal
2026-01-06 17:48:00,35.495677993043124,44.7789740434876,1,57.81910798240711,17,1,0,normal
2026-01-06 17:49:00,44.75626610640199,79.91415738642618,1,46.675726044102504,17,1,0,normal
2026-01-06 17:50:00,31.14005665889168,76.92709048592923,0,33.62078647069402,17,1,0,normal
2026-01-06 17:51:00,46.34680604525151,113.59947788347172,0,48.251483185223385,17,1,0,normal
2026-01-06 17:52:00,36.80713665896139,52.5252315692956,1,31.306854419654144,17,1,0,normal
2026-01-06 17:53:00,37.668590677052784,66.48345069523464,0,29.985100335133428,17,1,0,normal
2026-01-06 17:54:00,33.25672956924643,77.95855311977526,29,51.1260504204952,1,1,1,brute_force_login
2026-01-06 17:55:00,42.2682775625673,77.03705993796248,0,38.89005676282481,17,6,0,normal
2026-01-06 17:56:00,54.75923191017628,71.75683113784933,0,57.587940222541675,17,1,0,normal
2026-01-06 17:57:00,44.68898343676379,78.78518135896749,0,36.56501248600628,17,2,0,normal
2026-01-06 17:58:00,34.81428842835678,61.10655906695388,0,54.820148629614984,17,4,0,normal
2026-01-06 17:59:00,46.813723512948854,85.35789318492408,2,58.132571008138136,17,1,0,normal
2026-01-06 18:00:00,38.0999227243945,45.17771986883633,0,46.24491270990935,18,1,0,normal
2026-01-06 18:01:00,48.246909888565355,79.61345966184115,0,42.57921010364212,18,1,0,normal
2026-01-06 18:02:00,44.84005841298618,70.99464958604639,35,40.19638074468375,3,1,1,brute_force_login
2026-01-06 18:03:00,22.341150607169602,95.24431914134954,0,40.69700812583887,18,2,0,normal
2026-01-06 18:04:00,33.975522202269836,106.32966605949957,0,32.18455280997544,18,1,0,normal
2026-01-06 18:05:00,45.66631133701234,75.03421746874463,0,50.125710364257415,18,1,0,normal
2026-01-06 18:06:00,40.9099436328701,100.86088893712146,0,49.845014158924855,18,1,0,normal
2026-01-06 18:07:00,33.8574643137529,75.25825579054384,1,43.16444394832655,18,2,0,normal
2026-01-06 18:08:00,36.198462907037126,65.50810215306365,0,45.23961728081849,18,1,0,normal
2026-01-06 18:09:00,28.562580279463717,106.1885544827843,0,41.36844049547004,18,1,0,normal
2026-01-06 18:10:00,39.469760274841626,87.8116466710101,0,35.268633227758656,18,1,0,normal
2026-01-06 18:11:00,53.264138356094584,80.06657783914721,0,34.56772395338676,18,1,0,normal
2026-01-06 18:12:00,44.82960034439395,90.30766212647973,0,40.452851644700885,18,1,0,normal
2026-01-06 18:13:00,53.14250200713054,84.1132255269525,0,41.859506975589504,18,1,0,normal
2026-01-06 18:14:00,45.29438253873988,78.96170888087723,0,54.24398692637536,18,2,0,normal
2026-01-06 18:15:00,46.16487606011615,60.10347759038005,0,50.347738315123735,18,1,0,normal
2026-01-06 18:16:00,51.844472126470144,75.941948942581,1,57.32271863402194,18,2,0,normal
2026-01-06 18:17:00,94.28746440230267,89.3488313518771,0,50.52125097487379,18,1,1,crypto_mining
2026-01-06 18:18:00,38.87663607095872,78.15842861469784,1,32.32025490432694,18,1,0,normal
2026-01-06 18:19:00,46.19594509973207,93.53488641695579,0,33.12356687606466,18,1,0,normal
2026-01-06 18:20:00,48.72304142273131,85.75482535800184,1,36.518537116864344,18,1,0,normal
2026-01-06 18:21:00,37.12021214372675,66.82795522871889,0,42.17840416793426,18,2,0,normal
2026-01-06 18:22:00,35.67058550595982,60.212420632518146,0,38.79035632279323,18,1,0,normal
2026-01-06 18:23:00,40.83313619458528,77.64232250104747,0,50.536068100865435,18,1,0,normal
2026-01-06 18:24:00,44.98899320158997,72.13657327843119,0,54.428026367998015,18,3,0,normal
2026-01-06 18:25:00,44.78854629196937,85.0448271443253,0,35.33361549298611,18,1,0,normal
2026-01-06 18:26:00,31.454994398874405,69.22793511855906,0,31.856731930945223,18,1,0,normal
2026-01-06 18:27:00,51.46963640237993,70.76911511367685,0,58.15515291200387,18,1,0,normal
2026-01-06 18:28:00,36.153010423618895,95.79604576392369,0,46.85141031867752,18,1,0,normal
2026-01-06 18:29:00,38.40961001866852,82.22304452941847,0,40.71731878123046,18,1,0,normal
2026-01-06 18:30:00,34.58407384007308,69.4590940185906,0,57.652574798463114,18,2,0,normal
2026-01-06 18:31:00,56.18997301562253,80.26462713102529,0,54.96156256113843,18,1,0,normal
2026-01-06 18:32:00,41.45242402172781,100.68366864502524,0,40.26691532657995,18,1,0,normal
2026-01-06 18:33:00,34.89414951591061,84.40680032412084,0,51.963548780055035,18,1,0,normal
2026-01-06 18:34:00,45.183541299774674,88.89426214137694,1,54.21840001973136,18,1,0,normal
2026-01-06 18:35:00,44.6148146758602,68.71648195208836,0,51.70844886969714,18,1,0,normal
2026-01-06 18:36:00,38.873637858520695,95.39629065701901,0,55.14500762913859,18,1,0,normal
2026-01-06 18:37:00,45.0436402767003,114.77153390695702,0,37.40369194404943,18,1,0,normal
2026-01-06 18:38:00,35.04824823501481,68.1279853623072,0,45.20889000382112,18,3,0,normal
2026-01-06 18:39:00,37.04249035030448,62.27159038442016,0,58.163812301221405,18,1,0,normal
2026-01-06 18:40:00,27.938700072603623,82.63313365752722,0,41.881566524530115,18,2,0,normal
2026-01-06 18:41:00,32.05629349468262,93.13257574766615,0,39.838925221313225,18,1,0,normal
2026-01-06 18:42:00,50.845784834024116,78.62915491924608,1,45.88838983584405,18,2,0,normal
2026-01-06 18:43:00,49.84857176633389,64.20190405936006,1,32.33568671730256,18,1,0,normal
2026-01-06 18:44:00,40.39473189189378,78.37123757329415,0,47.61097440998003,18,2,0,normal
2026-01-06 18:45:00,49.977588683139025,88.97138409166182,0,31.672770746920257,18,2,0,normal
2026-01-06 18:46:00,39.039553080350174,73.89452259580911,1,55.13410747822533,18,1,0,normal
2026-01-06 18:47:00,38.53953818459255,89.10882526632382,0,32.0307918429305,18,2,0,normal
2026-01-06 18:48:00,40.33906389079334,97.47066177859865,0,51.793833159195174,18,2,0,normal
2026-01-06 18:49:00,39.250470428058605,83.60345938655672,0,39.16233697059845,18,2,0,normal
2026-01-06 18:50:00,38.708822058638916,79.5807834308256,0,36.53821618867531,18,2,0,normal
2026-01-06 18:51:00,46.86038864289732,92.44015887839423,0,45.209931368267966,18,3,0,normal
2026-01-06 18:52:00,40.90081392373722,67.15848758844155,1,47.39458814755006,18,1,0,normal
2026-01-06 18:53:00,44.27489058660283,65.67935249460616,0,45.73633748274192,18,1,0,normal
2026-01-06 18:54:00,46.18828315166399,76.00141572606522,0,47.71946678234544,18,1,0,normal
2026-01-06 18:55:00,42.3291147739284,72.621808177783,1,50.528158565312395,18,2,0,normal
2026-01-06 18:56:00,34.17837204455057,67.94987037064287,0,28.911243817189444,18,1,0,normal
2026-01-06 18:57:00,31.88280466621577,107.45702712498161,1,46.081827400159625,18,1,0,normal
2026-01-06 18:58:00,40.892683808843834,112.57989814241438,1,34.08840651314943,18,1,0,normal
2026-01-06 18:59:00,38.972462171050395,74.69442436616626,0,34.85181772619792,18,1,0,normal
2026-01-06 19:00:00,25.52434857352073,51.37578424622548,0,11.197584844650985,19,1,0,normal
2026-01-06 19:01:00,24.90367576450848,47.18235769904314,0,4.2198261498080125,19,1,0,normal
2026-01-06 19:02:00,40.5014419609994,66.61248860177234,0,19.911639606077646,19,2,0,normal
2026-01-06 19:03:00,17.018642466151974,69.58468342760071,0,5.862655983774934,19,1,0,normal
2026-01-06 19:04:00,13.060322381073252,23.3410430196553,0,23.240441683161535,19,1,0,normal
2026-01-06 19:05:00,26.994261001117657,57.14016200098438,1,32.1500644011189,19,2,0,normal
2026-01-06 19:06:00,22.741464672470826,30.39767988258277,0,32.518490277132585,19,1,0,normal
2026-01-06 19:07:00,26.896407218379707,76.37408236812917,1,11.271973946098589,19,1,0,normal
2026-01-06 19:08:00,28.503298133704007,56.60372045315597,0,10.502532982781252,19,1,0,normal
2026-01-06 19:09:00,32.70462817107338,37.64975692456046,1,26.25037503613459,19,1,0,normal
2026-01-06 19:10:00,15.95664507769637,46.3801791809322,0,20.45338638505616,19,1,0,normal
2026-01-06 19:11:00,21.65969261285702,45.665341126007625,0,19.407476323303474,19,3,0,normal
2026-01-06 19:12:00,27.572567553284582,57.87669414328724,0,9.536931041033236,19,2,0,normal
2026-01-06 19:13:00,29.62278157412336,65.62868906266218,2,20.963335217268337,19,3,0,normal
2026-01-06 19:14:00,38.160697301730316,32.77689062042435,1,26.920740256038926,19,1,0,normal
2026-01-06 19:15:00,30.734223826683202,77.58131751368171,0,13.819470810771401,19,1,0,normal
2026-01-06 19:16:00,24.659268424682338,74.08535161731265,2,23.710172017612166,19,1,0,normal
2026-01-06 19:17:00,19.65738548234403,36.87014648613432,0,21.277425032297938,19,2,0,normal
2026-01-06 19:18:00,21.614260883685883,51.09202691543464,0,14.777899927941846,19,3,0,normal
2026-01-06 19:19:00,21.44378306225736,75.66212816171475,0,19.59124019143188,19,1,0,normal
2026-01-06 19:20:00,28.931401771082562,68.49377880016225,0,11.627304183439183,19,1,0,normal
2026-01-06 19:21:00,26.541984673514982,44.94885454928156,0,26.84681085617889,19,1,0,normal
2026-01-06 19:22:00,17.058102574946926,62.215097218518096,0,11.76248643643,19,2,0,normal
2026-01-06 19:23:00,22.384591185457403,94.95797437578707,1,15.216772202330823,19,4,0,normal
2026-01-06 19:24:00,30.265285320708525,51.57739972776818,0,27.22058448195987,19,2,0,normal
2026-01-06 19:25:00,27.109974129844353,40.51027622839971,1,15.812807765047117,19,1,0,normal
2026-01-06 19:26:00,28.411867696076623,52.58629778137099,1,12.513119005423786,19,1,0,normal
2026-01-06 19:27:00,27.297530260343578,53.69828143245977,0,21.469486723822584,19,1,0,normal
2026-01-06 19:28:00,34.75858440765316,42.13194891499853,0,34.36239879979404,19,1,0,normal
2026-01-06 19:29:00,26.41625838294622,56.62437601721325,0,29.312707737982585,19,1,0,normal
2026-01-06 19:30:00,92.80846075973274,31.183984104087482,0,24.881304817451024,19,1,1,crypto_mining
2026-01-06 19:31:00,19.505469753198636,40.01699199486981,0,27.953575358697254,19,1,0,normal
2026-01-06 19:32:00,26.497656749258272,61.373671642321966,0,24.131074828287545,19,1,0,normal
2026-01-06 19:33:00,10.355775911349497,23.67693722686623,0,21.82967373966048,19,1,0,normal
2026-01-06 19:34:00,23.894265989003728,63.547513879921645,0,27.31213856452729,19,2,0,normal
2026-01-06 19:35:00,23.764960840471936,19.820279514414455,3,22.77662974161959,19,3,0,normal
2026-01-06 19:36:00,16.813174878296316,24.030131316855275,0,19.57397455400827,19,1,0,normal
2026-01-06 19:37:00,19.430404968064025,42.51531885416172,0,21.490728278530952,19,2,0,normal
2026-01-06 19:38:00,29.85794518088945,54.30295764229025,1,22.656760170070974,19,1,0,normal
2026-01-06 19:39:00,26.384270494449776,69.87895404691082,0,22.450782305687312,19,1,0,normal
2026-01-06 19:40:00,25.610730002243965,50.86434144739393,0,22.919971686045542,19,2,0,normal
2026-01-06 19:41:00,26.838085203592136,46.30169588636015,0,12.104617159968782,19,3,0,normal
2026-01-06 19:42:00,25.55576552769354,58.693718719772065,0,18.345211011124746,19,2,0,normal
2026-01-06 19:43:00,32.45717537714989,36.936517692980985,1,9.865234089512606,19,3,0,normal
2026-01-06 19:44:00,25.740575090221892,52.091227390196096,0,22.101354481082677,19,1,0,normal
2026-01-06 19:45:00,16.250721317087496,32.008306130669595,0,22.753246247075232,19,1,0,normal
2026-01-06 19:46:00,34.780779789246466,51.2388577531312,0,30.54486504485406,19,1,0,normal
2026-01-06 19:47:00,27.222041603973075,48.05245511225895,0,22.402650025976076,19,2,0,normal
2026-01-06 19:48:00,21.464477615229594,37.93598117825874,1,17.037635629092236,19,1,0,normal
2026-01-06 19:49:00,17.479589690229886,52.47560954806609,0,16.628919344292328,19,2,0,normal
2026-01-06 19:50:00,27.375485325748272,52.37824479739464,0,25.165678924090283,19,1,0,normal
2026-01-06 19:51:00,24.296967970153748,67.63181018508702,0,14.55131466947351,19,2,0,normal
2026-01-06 19:52:00,34.444880716194454,25.915498954058187,0,21.22617711880898,19,1,0,normal
2026-01-06 19:53:00,22.924556315999034,48.85926638454436,1,27.629233420266928,19,1,0,normal
2026-01-06 19:54:00,19.9757152619052,38.59606400444781,2,36.19860958582756,19,1,0,normal
2026-01-06 19:55:00,30.37477730941557,63.04643087264438,1,29.244418772823025,19,1,0,normal
2026-01-06 19:56:00,30.55169135630099,61.30868097788199,0,15.796755810216009,19,2,0,normal
2026-01-06 19:57:00,26.01190820566117,57.61819767602932,0,14.02921002114483,19,3,0,normal
2026-01-06 19:58:00,29.05814228604945,39.44250112895806,0,25.041532376421436,19,2,0,normal
2026-01-06 19:59:00,24.77387727554657,63.282058744101434,1,18.289233279323767,19,2,0,normal
2026-01-06 20:00:00,26.40319060605548,27.048036068850024,0,8.168807493172235,20,1,0,normal
2026-01-06 20:01:00,31.98994529538354,23.970339446108426,1,40.738608335979066,20,1,0,normal
2026-01-06 20:02:00,28.75191000412902,30.86193500147114,0,21.384095710624738,20,1,0,normal
2026-01-06 20:03:00,23.98435337000425,49.49787784509641,0,29.99444039971779,20,1,0,normal
2026-01-06 20:04:00,33.1141752755569,60.12746601482441,1,17.3322745478065,20,1,0,normal
2026-01-06 20:05:00,10.810867763250926,5.359512889857129,1,19.749133111022047,20,1,0,normal
2026-01-06 20:06:00,37.31243986853161,69.8411424781968,1,21.212363102328393,20,1,0,normal
2026-01-06 20:07:00,14.764245430655588,51.96668294267651,0,17.817329341198942,20,1,0,normal
2026-01-06 20:08:00,21.237443051366224,890.6992445794478,0,13.925820268683516,20,1,1,data_exfiltration
2026-01-06 20:09:00,24.754494788829586,51.51420455434371,0,37.580218159583794,20,1,0,normal
2026-01-06 20:10:00,24.12111597563103,66.3878812201763,0,22.839654232783158,20,1,0,normal
2026-01-06 20:11:00,31.03846624015933,58.99161522959388,0,7.376212025928977,20,1,0,normal
2026-01-06 20:12:00,18.652980288338593,66.48609593830949,0,20.813636863507583,20,4,0,normal
2026-01-06 20:13:00,26.56460090489838,29.506300559043336,1,8.489884482561283,20,1,0,normal
2026-01-06 20:14:00,21.530727410681475,43.78992147292393,2,13.23476778304646,20,1,0,normal
2026-01-06 20:15:00,26.7708458760245,36.12961654214702,0,20.854447458221166,20,2,0,normal
2026-01-06 20:16:00,24.61136644121274,75.76370307566478,0,24.31415214569192,20,2,0,normal
2026-01-06 20:17:00,25.557613916097868,59.59044265229945,1,0.0,20,1,0,normal
2026-01-06 20:18:00,21.700451005213928,92.7051438343646,0,33.72674320684271,20,1,0,normal
2026-01-06 20:19:00,21.939616299423506,42.98585699874159,0,14.72924956211015,20,3,0,normal
2026-01-06 20:20:00,26.723635084164563,39.12988682476543,0,18.20344244485976,20,1,0,normal
2026-01-06 20:21:00,30.662293034536265,47.85760042107274,1,32.268261444432795,20,2,0,normal
2026-01-06 20:22:00,21.410323994812913,70.67535832133824,1,33.69190243881985,20,1,0,normal
2026-01-06 20:23:00,19.78739473256254,44.50820465936979,0,15.04362310130342,20,3,0,normal
2026-01-06 20:24:00,28.680760994031022,51.86656396860416,2,28.50560122766458,20,2,0,normal
2026-01-06 20:25:00,24.804976641653862,51.450360543302295,0,21.269788668411532,20,1,0,normal
2026-01-06 20:26:00,29.98298880391571,50.592451418032844,0,41.236055890010604,20,1,0,normal
2026-01-06 20:27:00,19.565216719773115,40.214023093062835,1,14.613278889414065,20,1,0,normal
2026-01-06 20:28:00,14.323366447459415,47.940633981344504,0,33.19756178674076,20,2,0,normal
2026-01-06 20:29:00,21.801975509041995,47.29846097972963,0,15.318456230797054,20,2,0,normal
2026-01-06 20:30:00,20.401884344409904,49.886530104880265,0,11.411045986309118,20,1,0,normal
2026-01-06 20:31:00,24.5272695995182,64.15275227229063,0,17.57339827722472,20,1,0,normal
2026-01-06 20:32:00,21.178928714377662,76.40942051936739,0,6.875449064253974,20,3,0,normal
2026-01-06 20:33:00,29.446101708018695,37.393478559954396,1,12.55199315647364,20,2,0,normal
2026-01-06 20:34:00,23.271098425464903,44.12009562818427,0,17.438972389888228,20,2,0,normal
2026-01-06 20:35:00,25.902846992643404,37.6248215239072,32,17.975205001611542,3,1,1,brute_force_login
2026-01-06 20:36:00,25.945807350645662,52.80652305833409,0,27.331335823338208,20,1,0,normal
2026-01-06 20:37:00,26.169730554473123,41.924758137335346,0,26.57481397213745,20,1,0,normal
2026-01-06 20:38:00,24.85522533727016,53.59695250612983,0,19.7155551749236,20,1,0,normal
2026-01-06 20:39:00,28.06360414246188,66.55440365667181,0,6.102210688560117,20,1,0,normal
2026-01-06 20:40:00,20.226069197045156,12.112524712930878,2,2.9205069755463384,20,1,0,normal
2026-01-06 20:41:00,33.3965075599233,57.376698344010364,3,15.760692882950798,20,1,0,normal
2026-01-06 20:42:00,23.580775699788788,43.097194266531815,0,13.315980522030276,20,3,0,normal
2026-01-06 20:43:00,17.13070517260791,612.3193353101465,0,15.26615390759099,20,1,1,data_exfiltration
2026-01-06 20:44:00,26.128440141950637,36.552958433746994,0,32.9761409845153,20,2,0,normal
2026-01-06 20:45:00,19.89291710531509,67.94391482460313,0,15.14156625482271,20,1,0,normal
2026-01-06 20:46:00,28.99200720705325,63.699209270604264,0,13.076557355841263,20,1,0,normal
2026-01-06 20:47:00,38.25763345625427,58.525282228139645,0,19.972148418340264,20,1,0,normal
2026-01-06 20:48:00,20.2805674506529,61.898385767151474,1,15.840881800340846,20,1,0,normal
2026-01-06 20:49:00,26.99423399934391,38.8156929924174,0,24.776360224523167,20,2,0,normal
2026-01-06 20:50:00,14.466966467772234,40.70564367966065,0,21.96447727593409,20,1,0,normal
2026-01-06 20:51:00,27.723431376648083,61.286543012262186,0,34.82914155663421,20,1,0,normal
2026-01-06 20:52:00,19.68571720120186,38.48406285847082,0,17.665327161823093,20,1,0,normal
2026-01-06 20:53:00,21.250992289393107,71.6845256998713,0,35.4477672300505,20,1,0,normal
2026-01-06 20:54:00,18.392281060961032,45.14613393078453,1,25.583205916611362,20,1,0,normal
2026-01-06 20:55:00,29.392907356328415,57.52841584790933,0,24.244234278664266,20,1,0,normal
2026-01-06 20:56:00,31.043826144839574,81.48874278882636,0,4.093059195478739,20,3,0,normal
2026-01-06 20:57:00,25.140311287951047,39.40664968897885,1,2.8862459645779346,20,1,0,normal
2026-01-06 20:58:00,19.81343976798568,51.031426262671744,0,7.120378153742278,20,2,0,normal
2026-01-06 20:59:00,34.53713821662318,65.81274746955961,0,21.708522337830416,20,4,0,normal
2026-01-06 21:00:00,20.49753923347206,64.26916083314796,0,26.033907047418676,21,1,0,normal
2026-01-06 21:01:00,12.027806200435368,45.08277034640963,1,281.97655412393635,21,18,1,credential_stuffing
2026-01-06 21:02:00,27.75033405974241,42.24904343717219,0,20.30229340957564,21,1,0,normal
2026-01-06 21:03:00,18.3713519581509,46.502961011824226,0,27.226855418486288,21,1,0,normal
2026-01-06 21:04:00,30.93165276099505,71.71786649227046,0,29.555545993976764,21,1,0,normal
2026-01-06 21:05:00,22.713173819959486,45.813412154600805,0,17.53343569303746,21,2,0,normal
2026-01-06 21:06:00,28.622279443265178,51.17173538725198,0,24.465490692414896,21,2,0,normal
2026-01-06 21:07:00,33.40900207931295,43.598202936148624,0,23.072036371349334,21,1,0,normal
2026-01-06 21:08:00,17.74684681227567,60.583228471939805,0,26.450601398790837,21,2,0,normal
2026-01-06 21:09:00,21.604377214645567,52.33287556375485,0,22.620725573404975,21,5,0,normal
2026-01-06 21:10:00,24.54597356405762,34.948492838626564,1,22.112634668053932,21,1,0,normal
2026-01-06 21:11:00,34.22530791420606,35.46763828947508,1,15.164863025657912,21,1,0,normal
2026-01-06 21:12:00,21.049703692357326,20.020916501667397,0,21.645121340674905,21,1,0,normal
2026-01-06 21:13:00,21.432977824305958,37.53017886311576,0,17.282196856758258,21,2,0,normal
2026-01-06 21:14:00,27.86884345333485,61.90918705448259,1,11.447807734141074,21,3,0,normal
2026-01-06 21:15:00,21.536627645736573,69.85640807018402,0,22.39991682108895,21,3,0,normal
2026-01-06 21:16:00,25.9151552973857,60.28337544825776,0,11.820102535133364,21,3,0,normal
2026-01-06 21:17:00,15.69077547419124,58.319483009610224,0,19.655843314610653,21,1,0,normal
2026-01-06 21:18:00,38.28597965533958,48.10210925707025,0,17.069645794478983,21,1,0,normal
2026-01-06 21:19:00,16.913744618143582,61.6237183237098,1,15.501159858211008,21,2,0,normal
2026-01-06 21:20:00,23.06948377605875,54.29417334622826,0,31.24261944816737,21,1,0,normal
2026-01-06 21:21:00,24.805113784947434,77.06673457980688,1,33.106292355379026,21,1,0,normal
2026-01-06 21:22:00,36.47612880614078,48.523320287348774,0,17.625170727454982,21,1,0,normal
2026-01-06 21:23:00,17.05092531440356,70.14512125604196,0,27.978748124649112,21,4,0,normal
2026-01-06 21:24:00,36.902224812872504,63.111711227267904,0,7.348429704504557,21,2,0,normal
2026-01-06 21:25:00,29.543060926612135,61.03164929306238,0,10.547147982912206,21,1,0,normal
2026-01-06 21:26:00,27.502571946539476,19.827630118072697,0,19.51124420976114,21,1,0,normal
2026-01-06 21:27:00,19.092197877892268,63.93784342321566,1,11.467201224460357,21,1,0,normal
2026-01-06 21:28:00,28.426847452228444,48.0873803163627,1,23.005104521978954,21,1,0,normal
2026-01-06 21:29:00,20.6590802654812,43.341102583476626,0,22.300283136884595,21,1,0,normal
2026-01-06 21:30:00,32.59996751919047,27.7563043823313,18,19.620572314877503,4,2,1,brute_force_login
2026-01-06 21:31:00,19.173627825353602,49.916192990477256,0,38.93764358680354,21,1,0,normal
2026-01-06 21:32:00,24.321049033263495,50.50327395227364,0,22.94412002016664,21,1,0,normal
2026-01-06 21:33:00,21.66836147192097,30.45497117277793,0,24.60826638796665,21,2,0,normal
2026-01-06 21:34:00,19.074862225438032,27.90079740659462,2,23.884401852447013,21,1,0,normal
2026-01-06 21:35:00,29.447918901447487,57.299292201921666,1,12.792079886486762,21,1,0,normal
2026-01-06 21:36:00,28.212752484457802,63.07557696592065,0,219.17893728298372,21,14,1,credential_stuffing
2026-01-06 21:37:00,32.25406119340598,52.854243648836324,0,8.768909399823746,21,1,0,normal
2026-01-06 21:38:00,14.320749350750996,67.26251974526545,1,22.280678022432607,21,1,0,normal
2026-01-06 21:39:00,31.38502421404626,48.704225234727524,1,25.954721477833786,21,4,0,normal
2026-01-06 21:40:00,40.032693432141365,49.18473088399696,0,27.869159816836998,21,1,0,normal
2026-01-06 21:41:00,22.290153464938317,36.24457956888814,0,17.510236971151915,21,1,0,normal
2026-01-06 21:42:00,36.37089167265382,26.59637033669424,1,25.94781275929154,21,2,0,normal
2026-01-06 21:43:00,23.42103236764104,77.81993200789377,0,11.61358036079834,21,1,0,normal
2026-01-06 21:44:00,16.76554157463216,66.9694857537462,0,33.363467900267096,21,2,0,normal
2026-01-06 21:45:00,23.166205345559227,29.112311492922824,0,18.696407540906044,21,1,0,normal
2026-01-06 21:46:00,31.289223806051655,52.336278617469205,0,16.026304643065462,21,1,0,normal
2026-01-06 21:47:00,19.970941106010812,48.499305333445,0,14.89753124889318,21,1,0,normal
2026-01-06 21:48:00,21.39796804596108,45.89011290255435,0,22.379397438752854,21,1,0,normal
2026-01-06 21:49:00,28.561236593759144,43.86473228277591,0,7.359407106261084,21,1,0,normal
2026-01-06 21:50:00,25.018360700431437,55.71903720451968,0,27.07805620089342,21,1,0,normal
2026-01-06 21:51:00,28.507737714920445,889.8655249730319,0,15.223153547149746,21,1,1,data_exfiltration
2026-01-06 21:52:00,26.426977244550017,56.03586753542308,0,30.43556220085588,21,1,0,normal
2026-01-06 21:53:00,27.87775191730944,48.19222438431209,0,10.060447388208637,21,1,0,normal
2026-01-06 21:54:00,22.406192885142755,47.6415992466332,0,21.05637426290006,21,1,0,normal
2026-01-06 21:55:00,26.390385652182356,64.05221475384,0,24.431064123201395,21,1,0,normal
2026-01-06 21:56:00,19.435761965824398,56.95167407174093,0,25.297734869933674,21,1,0,normal
2026-01-06 21:57:00,91.53783590337018,51.0903419455315,0,15.866319588900286,21,1,1,crypto_mining
2026-01-06 21:58:00,21.194351699096117,49.46148053599838,0,10.122190281086075,21,1,0,normal
2026-01-06 21:59:00,31.773084925296338,55.17905764418433,0,16.344505679134034,21,1,0,normal
2026-01-06 22:00:00,23.598358234102808,42.97476967160826,0,29.333254898755122,22,2,0,normal
2026-01-06 22:01:00,26.211994064543926,62.323082259623156,0,36.73822491834815,22,1,0,normal
2026-01-06 22:02:00,22.030212694655795,33.862121572432,0,7.016920529896824,22,2,0,normal
2026-01-06 22:03:00,18.904027412991827,43.82815235350277,0,14.096103415078392,22,1,0,normal
2026-01-06 22:04:00,14.531437674368192,59.166591431690364,0,6.14066117978774,22,1,0,normal
2026-01-06 22:05:00,18.668055048445243,33.0067577996859,1,15.612970267847526,22,1,0,normal
2026-01-06 22:06:00,23.05654688070447,26.404871860257494,0,14.896719632961588,22,2,0,normal
2026-01-06 22:07:00,26.271275072973303,50.946165131438605,0,10.435707337945292,22,2,0,normal
2026-01-06 22:08:00,31.06227587969958,24.55312768330294,0,33.30407039861983,22,1,0,normal
2026-01-06 22:09:00,22.325455241218908,30.51794668922208,0,29.174957383894764,22,1,0,normal
2026-01-06 22:10:00,19.708235414396956,61.348911777596484,0,21.947134240454908,22,3,0,normal
2026-01-06 22:11:00,16.343711283983723,46.928221135913965,0,19.118028579527053,22,1,0,normal
2026-01-06 22:12:00,27.880381707424625,69.28230424563478,1,27.140034995930883,22,1,0,normal
2026-01-06 22:13:00,33.29916709197606,31.927784885938173,0,11.987920039931167,22,1,0,normal
2026-01-06 22:14:00,32.59798160773773,48.590714515515735,0,21.907000148129057,22,1,0,normal
2026-01-06 22:15:00,29.259596488883425,55.99376829811639,0,15.158362151610664,22,2,0,normal
2026-01-06 22:16:00,28.831259903605595,32.44227604806637,0,38.747964600614026,22,1,0,normal
2026-01-06 22:17:00,35.18574267825605,65.47642856749437,0,9.134671378797286,22,1,0,normal
2026-01-06 22:18:00,26.992488768500863,57.66018324749058,2,17.82224333788297,22,2,0,normal
2026-01-06 22:19:00,28.876778056145028,25.86069369968849,1,9.643979994300892,22,1,0,normal
2026-01-06 22:20:00,23.075296828888007,49.43387305687099,0,26.016852578821585,22,1,0,normal
2026-01-06 22:21:00,16.827739774871453,55.78935104387949,0,25.998673122330516,22,2,0,normal
2026-01-06 22:22:00,93.5947164104387,41.14914989707914,0,14.418426401184357,22,2,1,crypto_mining
2026-01-06 22:23:00,24.945045768792067,27.80202641736779,0,10.062119985640901,22,2,0,normal
2026-01-06 22:24:00,25.36471223500782,54.17688184171115,0,16.913566023137328,22,1,0,normal
2026-01-06 22:25:00,36.55771512913236,83.16864425423842,1,14.416866853550868,22,1,0,normal
2026-01-06 22:26:00,25.487663005546413,44.195238512634646,0,20.5127976805858,22,3,0,normal
2026-01-06 22:27:00,32.073060664153864,73.53861771927063,0,32.95812959443256,22,1,0,normal
2026-01-06 22:28:00,22.389536550542104,38.715667673577975,0,25.29078378690204,22,1,0,normal
2026-01-06 22:29:00,23.129944685408596,53.23318452514928,0,26.073329622079505,22,1,0,normal
2026-01-06 22:30:00,17.02595417665931,61.572837963141794,0,19.966070728211893,22,2,0,normal
2026-01-06 22:31:00,20.546031922740568,49.873795010429525,0,41.148507072876484,22,1,0,normal
2026-01-06 22:32:00,28.16188834818252,45.533965266781536,0,20.93226724558648,22,1,0,normal
2026-01-06 22:33:00,97.9035548454146,60.891912820255605,0,25.804894172187304,22,1,1,crypto_mining
2026-01-06 22:34:00,30.657631719383403,78.3718267290383,1,28.7890738661258,22,4,0,normal
2026-01-06 22:35:00,26.087523690070302,54.50880386958697,1,19.591024770111343,22,2,0,normal
2026-01-06 22:36:00,22.88527761017355,42.25909735204479,0,21.659696235056966,22,2,0,normal
2026-01-06 22:37:00,37.889781182721755,47.153726641104754,0,15.441271999400382,22,4,0,normal
2026-01-06 22:38:00,24.436578587721716,87.79561468468061,0,20.144012724723087,22,2,0,normal
2026-01-06 22:39:00,31.978005818231825,52.023606745071916,0,31.70757047805899,22,1,0,normal
2026-01-06 22:40:00,22.592744760731932,41.08379452133041,0,29.31133414616943,22,3,0,normal
2026-01-06 22:41:00,29.2575968763014,32.8239812527619,0,25.500427667963894,22,1,0,normal
2026-01-06 22:42:00,30.568093954910122,22.611483588310914,0,27.282428771015617,22,3,0,normal
2026-01-06 22:43:00,26.250951823453484,55.45376410769285,0,19.700490190664134,22,1,0,normal
2026-01-06 22:44:00,10.873102463820388,59.81962989236756,0,27.58529482791333,22,1,0,normal
2026-01-06 22:45:00,25.109514765136677,44.0495573005219,1,18.781585427883254,22,1,0,normal
2026-01-06 22:46:00,32.38276028655985,49.77544372953569,0,6.932692710941515,22,2,0,normal
2026-01-06 22:47:00,28.164884998166382,32.44307436067064,0,34.65956833768695,22,1,0,normal
2026-01-06 22:48:00,27.67503325137548,51.99392697241252,1,18.365802083463493,22,1,0,normal
2026-01-06 22:49:00,14.666458396254885,57.22242980850687,0,28.43428334951924,22,1,0,normal
2026-01-06 22:50:00,20.677269575949648,41.97253599248543,0,17.098062867402867,22,1,0,normal
2026-01-06 22:51:00,27.468145786908636,75.3567900437876,0,0.0,22,1,0,normal
2026-01-06 22:52:00,27.462299660721353,37.443405098796326,0,165.37980317119977,22,19,1,credential_stuffing
2026-01-06 22:53:00,32.28800068079742,54.25214906028474,0,5.266550332495493,22,3,0,normal
2026-01-06 22:54:00,24.130799469123435,62.72475829556908,0,26.042864180510538,22,1,0,normal
2026-01-06 22:55:00,27.434944520042887,48.84065749775926,1,18.166417609891504,22,1,0,normal
2026-01-06 22:56:00,25.09824545158776,47.17284771658263,0,29.750940171313864,22,1,0,normal
2026-01-06 22:57:00,92.79816952841107,28.567007743255065,1,21.8666298065527,22,4,1,crypto_mining
2026-01-06 22:58:00,11.465252013431515,70.36012243574424,0,11.759249257009813,22,3,0,normal
2026-01-06 22:59:00,27.58605815278046,47.45160197498606,0,25.358381460254765,22,1,0,normal
2026-01-06 23:00:00,26.043683250476867,58.06048137402237,1,7.523214923710345,23,1,0,normal
2026-01-06 23:01:00,21.290949747398987,60.09080731790211,0,17.54323287728873,23,1,0,normal
2026-01-06 23:02:00,15.284961660904811,40.575522619733704,1,5.088524767515274,23,1,0,normal
2026-01-06 23:03:00,28.778437086452428,47.037070935631775,0,22.800728064840477,23,1,0,normal
2026-01-06 23:04:00,23.404479554826686,70.01723526115256,1,21.9784787751109,23,1,0,normal
2026-01-06 23:05:00,28.341248334208874,33.24203501389333,0,21.009013858296917,23,1,0,normal
2026-01-06 23:06:00,36.18429118247055,81.91877112135884,1,12.513122288945954,23,1,0,normal
2026-01-06 23:07:00,12.15141471808177,38.82690822085589,1,30.819234679231094,23,1,0,normal
2026-01-06 23:08:00,20.802395147785816,32.30723815039232,0,27.26966231479688,23,1,0,normal
2026-01-06 23:09:00,23.74374632012852,51.98463531032802,0,21.872396331842733,23,1,0,normal
2026-01-06 23:10:00,33.728957044879905,83.12522396509806,0,15.353246412386197,23,1,0,normal
2026-01-06 23:11:00,15.18158188476109,21.335510966116924,0,17.20106145045127,23,1,0,normal
2026-01-06 23:12:00,36.615166154083624,47.88476422265462,0,19.877227235987217,23,2,0,normal
2026-01-06 23:13:00,25.815135409397744,57.143975258848336,0,11.192497223557746,23,3,0,normal
2026-01-06 23:14:00,24.42399602959685,50.50474937803297,0,26.82496422932814,23,1,0,normal
2026-01-06 23:15:00,23.811641420686563,55.728825050045145,1,30.074681586555116,23,1,0,normal
2026-01-06 23:16:00,22.382421806919826,39.22950376741589,0,33.67259966483833,23,1,0,normal
2026-01-06 23:17:00,31.28870055561493,41.004172311029286,0,17.250519892276387,23,1,0,normal
2026-01-06 23:18:00,18.58887547550537,47.773660292612,0,31.018141372214444,23,1,0,normal
2026-01-06 23:19:00,27.07248508986312,33.05167868145873,0,31.511278315990342,23,1,0,normal
2026-01-06 23:20:00,22.694910005758146,49.329703978397156,0,14.943253013648768,23,3,0,normal
2026-01-06 23:21:00,20.427199308915412,44.16882059492748,1,11.969721352005251,23,2,0,normal
2026-01-06 23:22:00,40.51585105410338,42.94932222267697,0,28.692769528529574,23,3,0,normal
2026-01-06 23:23:00,27.51430440852076,54.807596188979566,1,15.611862302306251,23,1,0,normal
2026-01-06 23:24:00,28.67959326796686,22.690107602010443,0,14.128722074581606,23,1,0,normal
2026-01-06 23:25:00,31.826660684011973,46.563648449252696,0,26.530821820407414,23,2,0,normal
2026-01-06 23:26:00,16.471900328088715,84.76030648422292,0,8.912650532069637,23,1,0,normal
2026-01-06 23:27:00,35.51375145473219,33.708354705115624,0,16.43341728389251,23,4,0,normal
2026-01-06 23:28:00,9.946256929029545,69.2825074472662,0,5.087625064061868,23,1,0,normal
2026-01-06 23:29:00,20.387401539768877,50.81984181369048,0,13.274161024937115,23,1,0,normal
2026-01-06 23:30:00,22.245809960926596,40.95563286677873,0,14.740343472954518,23,2,0,normal
2026-01-06 23:31:00,28.490340189823037,30.1903751070529,0,13.998289444969663,23,2,0,normal
2026-01-06 23:32:00,26.312309596848927,52.09522947927848,0,16.559313209998816,23,1,0,normal
2026-01-06 23:33:00,23.99911155580964,71.80095658722014,0,3.565707412503233,23,3,0,normal
2026-01-06 23:34:00,24.928015932233656,44.161832822048545,0,11.947434190918399,23,1,0,normal
2026-01-06 23:35:00,19.13186185886459,48.7855786289484,0,30.758924970917228,23,1,0,normal
2026-01-06 23:36:00,16.01660563309496,65.15556275285498,0,22.385428055715234,23,4,0,normal
2026-01-06 23:37:00,29.359069734016362,55.113061870194215,1,15.901083536109054,23,1,0,normal
2026-01-06 23:38:00,29.162236675217112,26.41586330413132,0,14.756983450615751,23,2,0,normal
2026-01-06 23:39:00,34.506966250942355,51.48330823782776,1,26.12166817492082,23,1,0,normal
2026-01-06 23:40:00,20.259897419108754,72.68352365998398,0,20.687036197137413,23,1,0,normal
2026-01-06 23:41:00,29.156891261805534,49.44588220298753,0,11.023303228633466,23,2,0,normal
2026-01-06 23:42:00,23.29775962981161,8.877658557839347,0,15.731458396576121,23,1,0,normal
2026-01-06 23:43:00,32.142849911160894,55.823224873866096,0,10.105638011374747,23,1,0,normal
2026-01-06 23:44:00,31.13177666006885,47.02315340683946,1,14.459427306409296,23,1,0,normal
2026-01-06 23:45:00,26.26725639534674,22.56358379118175,1,25.480665491603553,23,1,0,normal
2026-01-06 23:46:00,22.96281906000408,24.811878649193236,0,24.67818904501926,23,2,0,normal
2026-01-06 23:47:00,30.76559307164957,64.62660714933213,0,28.233184809859868,23,1,0,normal
2026-01-06 23:48:00,28.881427139539394,39.0142588160738,1,21.137399976109258,23,2,0,normal
2026-01-06 23:49:00,20.893357587482903,36.38755428896012,0,7.9269603304292175,23,1,0,normal
2026-01-06 23:50:00,17.033207959123416,49.465421586024966,1,10.034654377950838,23,1,0,normal
2026-01-06 23:51:00,23.26880259590922,40.33695502520092,0,23.792671648451147,23,1,0,normal
2026-01-06 23:52:00,34.09248289208925,51.500729416666175,0,20.8140592982923,23,1,0,normal
2026-01-06 23:53:00,31.87892295239823,46.959199558449946,0,10.726613750088124,23,3,0,normal
2026-01-06 23:54:00,18.326035181976515,32.00006629859536,1,17.261202746251975,23,1,0,normal
2026-01-06 23:55:00,17.993455504600472,42.33203302157923,0,35.19822572634489,23,1,0,normal
2026-01-06 23:56:00,32.648103098076916,56.641299819636565,0,27.452659887775162,23,4,0,normal
2026-01-06 23:57:00,18.186184571453026,50.62877060357938,0,31.98890831008641,23,2,0,normal
2026-01-06 23:58:00,28.055771941852047,48.770862764122526,0,10.566194049806036,23,1,0,normal
2026-01-06 23:59:00,21.303572707982056,79.06076361769077,0,33.36315784594492,23,2,0,normal
2026-01-07 00:00:00,34.70226954713009,60.96556288078303,2,15.838460024470963,0,1,0,normal
2026-01-07 00:01:00,20.377451205172726,62.78661897232014,0,32.577674314393064,0,2,0,normal
2026-01-07 00:02:00,31.86016918123497,47.51047388307613,0,22.866422292873878,0,2,0,normal
2026-01-07 00:03:00,26.109151924362187,53.30217785526912,0,25.027965570609464,0,2,0,normal
2026-01-07 00:04:00,26.51316912540572,43.53350015711461,0,25.557211601618945,0,1,0,normal
2026-01-07 00:05:00,13.178148511891594,61.66324648286192,0,20.790390242628572,0,1,0,normal
2026-01-07 00:06:00,11.782519880765689,48.34400143851435,0,24.667588050787764,0,2,0,normal
2026-01-07 00:07:00,23.676604358396116,53.33566623395835,0,11.849473476090024,0,1,0,normal
2026-01-07 00:08:00,26.48143638049967,52.409169532327525,1,18.968497716020305,0,1,0,normal
2026-01-07 00:09:00,18.24881303357366,49.72749677891818,0,26.245562620167966,0,1,0,normal
2026-01-07 00:10:00,18.46783953714195,94.07282100733656,0,20.870909685816233,0,2,0,normal
2026-01-07 00:11:00,28.368835778956797,40.00071083757916,0,17.193983794510892,0,2,0,normal
2026-01-07 00:12:00,28.377126882742782,39.86432704761961,1,21.87002625113582,0,2,0,normal
2026-01-07 00:13:00,24.173553637672438,60.41145120217635,1,9.087836090665087,0,2,0,normal
2026-01-07 00:14:00,96.64023279622187,41.07246501387231,0,28.368883820262674,0,2,1,crypto_mining
2026-01-07 00:15:00,17.954786225679122,45.628904579766605,0,3.3685739262782484,0,1,0,normal
2026-01-07 00:16:00,22.864390497478176,33.70383569966573,1,19.800303879581264,0,1,0,normal
2026-01-07 00:17:00,34.88726563470204,57.3733687910388,1,26.08165114036424,0,1,0,normal
2026-01-07 00:18:00,25.409932779638904,57.563858667262274,0,20.65236263714252,0,1,0,normal
2026-01-07 00:19:00,25.757875087521995,45.272119101148334,0,16.247360840280958,0,1,0,normal
2026-01-07 00:20:00,38.83567951580644,60.72225032720109,0,28.796970148281748,0,1,0,normal
2026-01-07 00:21:00,16.603947004907376,22.128124793996125,0,14.488604431686634,0,3,0,normal
2026-01-07 00:22:00,29.778582199852664,39.397198977284845,1,33.47765305172936,0,2,0,normal
2026-01-07 00:23:00,34.9839176788486,47.45031220683604,0,18.32086669766145,0,1,0,normal
2026-01-07 00:24:00,23.050852441008722,32.41576254645571,0,18.037664904024428,0,1,0,normal
2026-01-07 00:25:00,30.157784721129076,23.769304438719168,0,25.82492584048282,0,1,0,normal
2026-01-07 00:26:00,19.107883016734572,45.38156052442329,0,17.517943363569653,0,1,0,normal
2026-01-07 00:27:00,20.87960562659589,60.410301305911126,0,20.767888454544476,0,1,0,normal
2026-01-07 00:28:00,27.309798496285808,69.23162587139768,1,24.57035353933747,0,1,0,normal
2026-01-07 00:29:00,29.79140003866354,41.79068175191941,1,10.196992892975327,0,1,0,normal
2026-01-07 00:30:00,31.725619074437475,60.9982375643239,0,24.902909705844326,0,4,0,normal
2026-01-07 00:31:00,34.41777152163696,59.54813057113501,38,6.4530013028352045,1,1,1,brute_force_login
2026-01-07 00:32:00,24.595320648668906,68.27912261501746,1,19.896012455753155,0,1,0,normal
2026-01-07 00:33:00,32.161670531035526,44.74713454468998,0,17.147652717959847,0,1,0,normal
2026-01-07 00:34:00,22.946170939305105,23.022492572229886,0,9.510280057863138,0,2,0,normal
2026-01-07 00:35:00,30.412547869529607,51.05278778634117,37,33.53153924912493,2,2,1,brute_force_login
2026-01-07 00:36:00,26.24493278711309,34.793093885454155,1,21.339005630704424,0,3,0,normal
2026-01-07 00:37:00,27.674067442491545,39.14742336406989,0,14.77849256277077,0,1,0,normal
2026-01-07 00:38:00,27.541047244132223,45.48171283920227,0,21.135815980837116,0,1,0,normal
2026-01-07 00:39:00,15.371769941213127,44.91608552976285,1,39.89448393337891,0,2,0,normal
2026-01-07 00:40:00,18.25526884683536,52.12338900343692,0,12.036970510907896,0,2,0,normal
2026-01-07 00:41:00,25.615248638905136,60.547344746294264,0,25.26362847545169,0,1,0,normal
2026-01-07 00:42:00,14.876325522152989,44.483966250860504,0,12.683650703117351,0,2,0,normal
2026-01-07 00:43:00,29.987266619198536,55.93546259912007,2,23.85846912584722,0,1,0,normal
2026-01-07 00:44:00,30.22933579772885,50.22224014895758,0,14.726927135952419,0,1,0,normal
2026-01-07 00:45:00,26.963023317266742,64.03241593817668,0,18.6915109635727,0,1,0,normal
2026-01-07 00:46:00,18.27319592345247,47.17112223340525,0,21.265210030647353,0,1,0,normal
2026-01-07 00:47:00,33.28083363321109,48.816099863381666,0,30.560475387327315,0,3,0,normal
2026-01-07 00:48:00,37.223263838310146,44.3839932800164,0,8.208620541742809,0,4,0,normal
2026-01-07 00:49:00,25.882460964675843,47.56627190062257,0,33.597322843261864,0,1,0,normal
2026-01-07 00:50:00,28.063212270707417,38.24767807481189,0,4.654183290933313,0,3,0,normal
2026-01-07 00:51:00,26.210431928776263,36.7610407078473,0,22.62123028218081,0,1,0,normal
2026-01-07 00:52:00,28.182215133992795,61.63648077924088,0,20.482983210712188,0,1,0,normal
2026-01-07 00:53:00,24.282647460241623,33.75197475223098,2,18.94933872274465,0,1,0,normal
2026-01-07 00:54:00,24.79261456093718,45.21322865453145,0,20.290203009275626,0,2,0,normal
2026-01-07 00:55:00,30.434305602984193,65.23014179406495,0,24.174610667292022,0,2,0,normal
2026-01-07 00:56:00,39.073744971378645,44.709488074945895,1,23.69372010475934,0,2,0,normal
2026-01-07 00:57:00,16.599572593589567,62.431106805283626,0,18.56373441973403,0,1,0,normal
2026-01-07 00:58:00,24.377125093582197,41.134314189097374,0,25.626132492152863,0,1,0,normal
2026-01-07 00:59:00,17.917237088607507,34.23254590474709,0,18.163207684448444,0,1,0,normal
2026-01-07 01:00:00,34.5521493914565,26.07761217648769,0,20.7476406723394,1,3,0,normal
2026-01-07 01:01:00,21.47357218408061,69.69086103908992,0,29.262265215423472,1,2,0,normal
2026-01-07 01:02:00,16.340795237285235,32.94693227548377,1,29.493321544102,1,2,0,normal
2026-01-07 01:03:00,28.82912199309144,61.2077988518764,0,28.382241040717762,1,1,0,normal
2026-01-07 01:04:00,35.46586668845867,35.00079459809926,1,11.799795493639179,1,1,0,normal
2026-01-07 01:05:00,28.981587211364577,69.76075876909732,1,23.410407315580507,1,1,0,normal
2026-01-07 01:06:00,26.228787263691505,83.1017408692265,1,23.69188682130809,1,1,0,normal
2026-01-07 01:07:00,27.454845536655963,24.70204910464495,1,34.14089754983423,1,1,0,normal
2026-01-07 01:08:00,33.489043976953326,33.72865348761779,0,26.342852121722913,1,2,0,normal
2026-01-07 01:09:00,19.7548043799151,61.59697795704837,0,14.983597836612212,1,1,0,normal
2026-01-07 01:10:00,24.32891737548212,57.69564385048722,0,16.945843203961818,1,2,0,normal
2026-01-07 01:11:00,22.2838591089428,61.65382782140287,0,0.0,1,2,0,normal
2026-01-07 01:12:00,17.992808156249737,41.39366674393436,1,19.382804353989386,1,2,0,normal
2026-01-07 01:13:00,23.029748443499187,79.81301241535051,0,17.04584231920552,1,1,0,normal
2026-01-07 01:14:00,31.64632657589469,51.770742000346615,0,15.802621311051515,1,1,0,normal
2026-01-07 01:15:00,28.39961289035635,31.745561347347206,1,13.762954605350865,1,2,0,normal
2026-01-07 01:16:00,28.865863000649203,46.202772499355824,1,32.296691891475284,1,1,0,normal
2026-01-07 01:17:00,25.87885366991991,31.94649655656751,0,0.0,1,1,0,normal
2026-01-07 01:18:00,28.13994269637153,73.86412037831158,0,9.8489916410994,1,1,0,normal
2026-01-07 01:19:00,20.19645794591137,40.095031057998256,0,39.093513913236634,1,1,0,normal
2026-01-07 01:20:00,23.142940684436624,57.38725227116933,0,27.872669222031647,1,1,0,normal
2026-01-07 01:21:00,26.15202542181206,42.939902825267296,1,22.447145543131402,1,1,0,normal
2026-01-07 01:22:00,26.66509515329134,40.7691903535623,0,19.962331265216903,1,1,0,normal
2026-01-07 01:23:00,26.92112712953124,21.34618728078424,1,15.318594436550942,1,1,0,normal
2026-01-07 01:24:00,24.169988307901733,58.972619044858504,0,9.788511573322603,1,1,0,normal
2026-01-07 01:25:00,22.73545959321802,69.48771878943776,0,22.941174572247835,1,1,0,normal
2026-01-07 01:26:00,43.946627698265786,36.26048627952272,0,26.397428713710106,1,1,0,normal
2026-01-07 01:27:00,30.44072363759439,26.821563275019933,0,14.455882885718284,1,1,0,normal
2026-01-07 01:28:00,27.478884855715734,62.04974064106744,0,5.4654350723852865,1,1,0,normal
2026-01-07 01:29:00,23.600749010761636,25.306379763406234,2,25.317503565379713,1,1,0,normal
2026-01-07 01:30:00,22.29268703833674,68.29299403922388,0,26.201877355066944,1,1,0,normal
2026-01-07 01:31:00,24.215196437638266,790.3025830034057,0,26.65535373262569,1,1,1,data_exfiltration
2026-01-07 01:32:00,26.7569730615201,33.450608857630606,1,18.73197051572715,1,1,0,normal
2026-01-07 01:33:00,13.717386735621512,53.72693631696937,1,203.4813032094744,1,19,1,credential_stuffing
2026-01-07 01:34:00,15.583662427751898,660.1640425340333,0,10.198812413574137,1,1,1,data_exfiltration
2026-01-07 01:35:00,21.178705666366255,39.393333780601864,0,30.286908347972556,1,2,0,normal
2026-01-07 01:36:00,26.24283662067141,55.309728990065096,0,9.195414048723341,1,1,0,normal
2026-01-07 01:37:00,23.564361117088893,13.563314942500305,1,25.5996230280695,1,2,0,normal
2026-01-07 01:38:00,33.86872735659691,74.63628868892484,0,11.830052006232602,1,2,0,normal
2026-01-07 01:39:00,16.105619278025387,50.654601986986066,0,11.025179596373551,1,3,0,normal
2026-01-07 01:40:00,20.491927182379776,30.60550981394708,1,34.60703085953389,1,1,0,normal
2026-01-07 01:41:00,34.120550445946606,34.741319460697376,0,180.22151062070424,1,15,1,credential_stuffing
2026-01-07 01:42:00,25.78671594805088,64.87469567391203,0,21.305925758323795,1,1,0,normal
2026-01-07 01:43:00,30.309055496806952,59.01579402611155,1,16.123020544242987,1,1,0,normal
2026-01-07 01:44:00,37.30748165961678,70.80170985927816,1,28.25637601096338,1,2,0,normal
2026-01-07 01:45:00,20.837173492589066,39.758857327936475,2,7.363177672619205,1,1,0,normal
2026-01-07 01:46:00,24.404113973247807,54.44875755726204,0,29.692753821275787,1,3,0,normal
2026-01-07 01:47:00,23.36543859441477,56.39851867675517,0,36.16402255349622,1,3,0,normal
2026-01-07 01:48:00,13.272441973100346,60.429012503783554,0,24.645354356623223,1,4,0,normal
2026-01-07 01:49:00,23.137619177464185,66.90921685148103,0,10.697631442899127,1,1,0,normal
2026-01-07 01:50:00,30.28637312428399,39.241041412334795,0,32.196798189755484,1,1,0,normal
2026-01-07 01:51:00,28.243537250873445,48.28744598359279,0,22.50192268376662,1,1,0,normal
2026-01-07 01:52:00,28.714499016328062,40.847753816297825,0,18.877292983099377,1,1,0,normal
2026-01-07 01:53:00,22.746946116163002,49.21082189965436,0,12.247902971336448,1,1,0,normal
2026-01-07 01:54:00,21.063416583966152,60.47649173094463,1,10.88153472005072,1,1,0,normal
2026-01-07 01:55:00,32.615534031391725,25.189467496089463,1,29.227074602209086,1,3,0,normal
2026-01-07 01:56:00,22.01609712185398,66.64057354188928,0,19.390516812263023,1,1,0,normal
2026-01-07 01:57:00,26.764492232759284,32.91226813604376,0,19.30694227045638,1,1,0,normal
2026-01-07 01:58:00,25.98000808406523,45.38944520454153,0,21.008652078960324,1,1,0,normal
2026-01-07 01:59:00,33.77030209754271,68.65912887449187,0,4.380763876565807,1,1,0,normal
2026-01-07 02:00:00,30.828474146034157,54.92014576975108,0,19.823664556894908,2,1,0,normal
2026-01-07 02:01:00,17.228448275997273,55.092949223954896,0,19.948092458697015,2,2,0,normal
2026-01-07 02:02:00,17.87468099934976,32.29060932057334,0,31.961219409799764,2,2,0,normal
2026-01-07 02:03:00,28.473458908414806,34.33871096264239,1,26.62095115446036,2,1,0,normal
2026-01-07 02:04:00,24.613974115725,64.11884595003379,0,10.286012224053893,2,1,0,normal
2026-01-07 02:05:00,22.268969296277415,41.162846817734156,0,16.85260583466907,2,1,0,normal
2026-01-07 02:06:00,31.093767303966825,42.57632190050226,0,28.3702557414367,2,1,0,normal
2026-01-07 02:07:00,26.124756292533466,64.45926876582068,2,9.578291968702667,2,2,0,normal
2026-01-07 02:08:00,25.314744321336665,34.25129681945709,0,33.56802911106811,2,2,0,normal
2026-01-07 02:09:00,29.6789718445303,54.03852699329387,0,19.67576334691333,2,3,0,normal
2026-01-07 02:10:00,22.749346030338614,50.64360989251537,0,24.28971944286841,2,3,0,normal
2026-01-07 02:11:00,34.411113912835326,49.959714112051365,1,16.46484964004098,2,2,0,normal
2026-01-07 02:12:00,20.271714260601954,42.22346552183744,0,16.354938878297524,2,2,0,normal
2026-01-07 02:13:00,28.94157439805253,41.30217227805007,0,12.62531281907464,2,1,0,normal
2026-01-07 02:14:00,33.60299703195907,33.82453754307702,1,32.29448513873183,2,1,0,normal
2026-01-07 02:15:00,16.7362270643674,57.2399753906196,0,24.734170986935105,2,1,0,normal
2026-01-07 02:16:00,22.939988944885304,39.97776212724896,0,12.26855128071146,2,2,0,normal
2026-01-07 02:17:00,31.853244357313347,64.53116931750877,0,25.644342498049983,2,1,0,normal
2026-01-07 02:18:00,31.943467286386152,46.631674376140204,0,27.523832966982045,2,1,0,normal
2026-01-07 02:19:00,23.971026397670563,34.12324265868443,0,28.65170994826598,2,1,0,normal
2026-01-07 02:20:00,20.591973437938844,46.43279176777369,0,22.251415133749198,2,3,0,normal
2026-01-07 02:21:00,30.73561493398457,43.83714201295288,0,21.367932461183745,2,1,0,normal
2026-01-07 02:22:00,32.10129461548963,65.13655117592079,0,12.54843510683155,2,1,0,normal
2026-01-07 02:23:00,18.01201990892563,44.46499716122702,0,292.7327920614497,2,17,1,credential_stuffing
2026-01-07 02:24:00,17.77651810620172,898.0831253258743,0,25.333614556745065,2,4,1,data_exfiltration
2026-01-07 02:25:00,26.351540091901597,71.17320058238653,0,27.91123425872034,2,1,0,normal
2026-01-07 02:26:00,28.77616380057335,57.62400982195023,0,4.937091172741416,2,2,0,normal
2026-01-07 02:27:00,23.205585488619672,74.94059024005244,0,27.65260646980785,2,1,0,normal
2026-01-07 02:28:00,29.075762919894096,68.88567506095858,1,20.200569506524715,2,1,0,normal
2026-01-07 02:29:00,20.73918035897571,36.692561174557184,0,26.621037144685605,2,1,0,normal
2026-01-07 02:30:00,12.311838405557587,64.84926281600161,0,10.416441403153346,2,1,0,normal
2026-01-07 02:31:00,22.456593566004422,72.87954938111886,0,34.50532860515879,2,4,0,normal
2026-01-07 02:32:00,90.36682394833778,72.99219698485129,1,14.7840527266526,2,2,1,crypto_mining
2026-01-07 02:33:00,23.344960240621262,602.5681499486268,0,29.214351384021363,2,1,1,data_exfiltration
2026-01-07 02:34:00,18.048380418043088,64.51284492363763,0,18.36238679399724,2,1,0,normal
2026-01-07 02:35:00,14.106106144727095,45.46008434486676,0,34.80236034007705,2,2,0,normal
2026-01-07 02:36:00,21.915467173792614,37.43926873475638,1,22.38174732505424,2,2,0,normal
2026-01-07 02:37:00,30.38593462989846,44.71674021653815,0,35.077912757849816,2,1,0,normal
2026-01-07 02:38:00,32.537184636482095,25.028164978508556,0,19.43985781730951,2,2,0,normal
2026-01-07 02:39:00,32.12628030483073,70.14192973132558,0,11.09716710713292,2,1,0,normal
2026-01-07 02:40:00,20.10454278910868,45.75060560873432,32,22.368971306635594,2,1,1,brute_force_login
2026-01-07 02:41:00,18.077762058217814,69.3699609359744,0,18.934179737618415,2,1,0,normal
2026-01-07 02:42:00,27.979807689879372,31.527506341676006,0,15.16716955738502,2,1,0,normal
2026-01-07 02:43:00,28.81060006958755,66.23937381503316,1,29.94519681895461,2,1,0,normal
2026-01-07 02:44:00,27.401017631202983,42.576790127310204,0,9.17523199134667,2,1,0,normal
2026-01-07 02:45:00,12.91562035457342,30.73445887536239,17,35.29255116307433,3,1,1,brute_force_login
2026-01-07 02:46:00,19.7986924906992,74.40677078239636,0,18.519871152483898,2,1,0,normal
2026-01-07 02:47:00,24.82186725828413,66.60967504011161,0,9.10329808435376,2,1,0,normal
2026-01-07 02:48:00,27.923309167782563,53.17688630278676,2,23.118575237988033,2,1,0,normal
2026-01-07 02:49:00,29.60384417561492,50.50906827702445,0,21.462105996204773,2,1,0,normal
2026-01-07 02:50:00,25.86552113369224,56.592650282286776,0,18.769680055790932,2,1,0,normal
2026-01-07 02:51:00,96.29936589017223,52.919428668761164,0,14.961087062561075,2,1,1,crypto_mining
2026-01-07 02:52:00,25.509192750166626,38.11586068742793,0,30.512617920435062,2,2,0,normal
2026-01-07 02:53:00,29.113716245310897,43.81921595322617,0,24.315100512771025,2,2,0,normal
2026-01-07 02:54:00,26.877193908945465,79.41076748058055,0,16.114565006305728,2,3,0,normal
2026-01-07 02:55:00,25.394425960283723,90.08235113942021,0,23.185855921310782,2,1,0,normal
2026-01-07 02:56:00,23.389787205175715,73.44002757846025,0,13.760074415277108,2,1,0,normal
2026-01-07 02:57:00,25.487748550254885,57.17335910243935,0,27.82830529258096,2,1,0,normal
2026-01-07 02:58:00,27.907548273035648,44.933764509470976,1,36.77401043179317,2,1,0,normal
2026-01-07 02:59:00,26.60485233338837,38.02721159154551,1,28.85677120472728,2,1,0,normal
2026-01-07 03:00:00,27.284958510071522,39.015763843546964,0,14.71552891546836,3,1,0,normal
2026-01-07 03:01:00,33.056331168107114,41.700985119698586,0,12.3020820531033,3,2,0,normal
2026-01-07 03:02:00,26.590983536479524,82.26746062138653,1,20.790827610582426,3,1,0,normal
2026-01-07 03:03:00,21.106008877161052,77.09423444573898,0,7.124653978879886,3,1,0,normal
2026-01-07 03:04:00,30.301640715965014,61.194175849030906,0,27.31962207126601,3,2,0,normal
2026-01-07 03:05:00,16.802809973986495,35.59080235380761,2,25.325838708096907,3,1,0,normal
2026-01-07 03:06:00,18.511519715564276,63.395838900665545,1,18.77255191992559,3,1,0,normal
2026-01-07 03:07:00,27.015083588320415,46.42074457234092,0,17.679614027927315,3,1,0,normal
2026-01-07 03:08:00,28.098380006719474,17.704858420338176,0,19.115433416569754,3,1,0,normal
2026-01-07 03:09:00,17.529692658976032,54.30650956101889,0,32.49435674121446,3,1,0,normal
2026-01-07 03:10:00,22.7030951140795,37.371304387489175,0,16.75513785157564,3,2,0,normal
2026-01-07 03:11:00,91.98636197914811,37.87919856364944,1,10.432342877073976,3,1,1,crypto_mining
2026-01-07 03:12:00,22.07994206271042,46.243880096479884,1,13.745787164560788,3,1,0,normal
2026-01-07 03:13:00,30.661586657637674,42.525155405863806,0,27.91517092111961,3,1,0,normal
2026-01-07 03:14:00,29.239032781283516,49.48614771343988,0,12.313820042732779,3,1,0,normal
2026-01-07 03:15:00,24.885266920877754,48.76504174974192,1,29.58868144140319,3,2,0,normal
2026-01-07 03:16:00,21.724228437310433,21.86286360728553,0,18.387765199974815,3,3,0,normal
2026-01-07 03:17:00,16.902101978679156,72.8041698332425,0,5.651591388957851,3,2,0,normal
2026-01-07 03:18:00,33.52110963269169,35.249349155769806,1,25.989446906196548,3,2,0,normal
2026-01-07 03:19:00,28.55268340170951,35.714024223042905,0,17.8291598293594,3,2,0,normal
2026-01-07 03:20:00,20.759985375561158,45.07170122314554,0,22.972447474656597,3,1,0,normal
2026-01-07 03:21:00,29.317596985749347,48.37497728946059,0,15.01424239392716,3,1,0,normal
2026-01-07 03:22:00,24.578658276552247,71.88469725247758,0,29.84746064580321,3,2,0,normal
2026-01-07 03:23:00,23.27734297082594,54.04135178082352,0,23.56528752991486,3,1,0,normal
2026-01-07 03:24:00,27.611269169737614,58.49698226164301,1,37.33110840195371,3,1,0,normal
2026-01-07 03:25:00,20.551010500523653,54.11804281374923,0,25.684333903230122,3,1,0,normal
2026-01-07 03:26:00,22.93746088293934,668.1637561160372,0,18.137820911075647,3,1,1,data_exfiltration
2026-01-07 03:27:00,25.728766385197275,54.64594254630513,1,13.083984443943155,3,2,0,normal
2026-01-07 03:28:00,22.00329284268872,21.008987861465922,1,8.66205686931919,3,1,0,normal
2026-01-07 03:29:00,29.014511261605143,46.25122272740707,0,18.969925894685844,3,1,0,normal
2026-01-07 03:30:00,36.214399022069564,67.43391665856736,0,19.281204874028393,3,2,0,normal
2026-01-07 03:31:00,20.474211204357143,109.13496516210029,0,32.727874623177264,3,1,0,normal
2026-01-07 03:32:00,15.009248222175733,31.93536601190735,0,16.710384161045106,3,1,0,normal
2026-01-07 03:33:00,12.989558995142431,56.34619940486529,1,28.117583480349296,3,1,0,normal
2026-01-07 03:34:00,24.097191151030106,41.434301331884875,0,19.14601926973263,3,1,0,normal
2026-01-07 03:35:00,21.021012459242904,80.71477855845274,0,35.13475440152459,3,2,0,normal
2026-01-07 03:36:00,26.247163006402484,29.69325858812778,0,7.47210256016027,3,1,0,normal
2026-01-07 03:37:00,25.795586032156606,59.374092354738195,0,30.816388914071503,3,3,0,normal
2026-01-07 03:38:00,15.380698920315423,28.89183350743715,0,16.007958256671316,3,3,0,normal
2026-01-07 03:39:00,14.110697023111564,45.22149997908751,0,27.132514855215028,3,2,0,normal
2026-01-07 03:40:00,26.775599442076572,49.48530003875287,0,32.57414496599978,3,3,0,normal
2026-01-07 03:41:00,25.81257300831974,66.04537522609411,0,17.190311427394118,3,1,0,normal
2026-01-07 03:42:00,22.445092009800693,33.84249760762208,0,11.229925805901166,3,4,0,normal
2026-01-07 03:43:00,15.057138489206173,59.95074573271078,1,10.45513921452986,3,2,0,normal
2026-01-07 03:44:00,27.828347576589945,50.2816658508192,1,13.168376253476715,3,2,0,normal
2026-01-07 03:45:00,32.63139727254366,54.09190079428969,0,0.5671491737153005,3,1,0,normal
2026-01-07 03:46:00,26.667894641313534,64.37499072027711,0,18.179287778443875,3,1,0,normal
2026-01-07 03:47:00,19.91515665660961,30.761649604920684,0,25.19826655319961,3,2,0,normal
2026-01-07 03:48:00,25.26731299342691,62.15892459722888,0,21.96789169747861,3,1,0,normal
2026-01-07 03:49:00,16.80331551439789,41.466427203658625,1,16.975616570557126,3,1,0,normal
2026-01-07 03:50:00,31.347764283032756,66.43810182465239,0,12.905078914944788,3,2,0,normal
2026-01-07 03:51:00,25.49106600717723,55.0183645180682,0,15.4324088214465,3,3,0,normal
2026-01-07 03:52:00,14.39105852948061,46.857074277244166,0,22.269685499055967,3,2,0,normal
2026-01-07 03:53:00,23.195953837337903,41.14961046363768,0,26.602041357932837,3,3,0,normal
2026-01-07 03:54:00,27.779809061405384,62.34942491532996,0,8.037259283403198,3,1,0,normal
2026-01-07 03:55:00,23.001714274146867,68.91427528221391,0,21.259010928563185,3,2,0,normal
2026-01-07 03:56:00,23.344625671358955,42.00722688709723,0,22.120500344231942,3,1,0,normal
2026-01-07 03:57:00,17.65358675771637,33.004901513279044,0,12.45217695290749,3,1,0,normal
2026-01-07 03:58:00,28.399245922489936,60.413165644178385,0,24.37550480506182,3,3,0,normal
2026-01-07 03:59:00,21.109184799885174,28.272035869494495,0,27.467645989484154,3,4,0,normal
2026-01-07 04:00:00,12.061327737969805,30.417313436255426,0,15.439374917810564,4,3,0,normal
2026-01-07 04:01:00,22.772455775977637,34.05949586708151,1,13.06724370300325,4,1,0,normal
2026-01-07 04:02:00,30.886898293422117,43.76824275441876,0,37.244151201559816,4,1,0,normal
2026-01-07 04:03:00,22.678423320400316,29.955021661768324,0,26.403838466805283,4,2,0,normal
2026-01-07 04:04:00,35.42790991074112,20.918001359276335,1,21.438231819029472,4,1,0,normal
2026-01-07 04:05:00,27.5738076912911,32.96833708494315,0,14.605952946692089,4,1,0,normal
2026-01-07 04:06:00,27.032548973682196,59.63711669858928,0,13.817979751160403,4,2,0,normal
2026-01-07 04:07:00,24.22961040449435,30.92683891809849,0,24.584865115483012,4,1,0,normal
2026-01-07 04:08:00,24.590282753414257,44.89595483068745,0,13.419798441180589,4,1,0,normal
2026-01-07 04:09:00,23.419458189282977,79.20047693548344,0,13.073793489503766,4,1,0,normal
2026-01-07 04:10:00,23.18638364750484,49.262388049593646,26,18.9204574857176,4,1,1,brute_force_login
2026-01-07 04:11:00,28.18520297240289,55.1379648459439,0,25.106195502882272,4,1,0,normal
2026-01-07 04:12:00,19.385012621256607,35.8093997262267,0,34.11185777736964,4,1,0,normal
2026-01-07 04:13:00,18.544637027654442,82.45212280550213,0,21.923283307957334,4,1,0,normal
2026-01-07 04:14:00,18.260829694747734,41.88058266292357,0,13.42739247263503,4,1,0,normal
2026-01-07 04:15:00,37.27392728606293,46.57842973322725,0,17.858149014687417,4,1,0,normal
2026-01-07 04:16:00,28.18205741002348,69.75588016951048,0,30.432995090623983,4,2,0,normal
2026-01-07 04:17:00,26.82695321008087,47.273986327195715,1,29.625209784467714,4,1,0,normal
2026-01-07 04:18:00,18.65491197823941,50.71833174012822,0,29.976598012869005,4,1,0,normal
2026-01-07 04:19:00,95.2840223423788,45.77467518816306,0,28.109413641562718,4,1,1,crypto_mining
2026-01-07 04:20:00,24.300571921280028,45.87751432914159,0,35.31281446010986,4,1,0,normal
2026-01-07 04:21:00,26.2850136467905,55.55753016242137,0,21.659378904333032,4,1,0,normal
2026-01-07 04:22:00,19.140278104818663,58.294147837971586,0,26.013566663831604,4,1,0,normal
2026-01-07 04:23:00,25.96161314450546,40.35127353181149,2,13.547236489151345,4,1,0,normal
2026-01-07 04:24:00,22.4569987707611,38.508793157796056,1,21.86374527246159,4,1,0,normal
2026-01-07 04:25:00,20.406333057818873,40.86295866713655,1,22.18096002284278,4,1,0,normal
2026-01-07 04:26:00,29.404638014843492,28.981189787003476,1,26.309227131888523,4,1,0,normal
2026-01-07 04:27:00,15.773753148819985,26.14354612221054,1,14.99973933333712,4,3,0,normal
2026-01-07 04:28:00,28.388657585884904,54.45750720837361,0,7.478587363382406,4,1,0,normal
2026-01-07 04:29:00,29.10691680131798,64.07893704762668,0,15.35376848888707,4,1,0,normal
2026-01-07 04:30:00,19.722137946692555,63.06567939717826,0,28.494496251613114,4,2,0,normal
2026-01-07 04:31:00,20.078029233205196,14.270130902950122,0,18.30211756108814,4,1,0,normal
2026-01-07 04:32:00,23.66184591240159,46.32402369435109,1,23.75525659469479,4,2,0,normal
2026-01-07 04:33:00,26.692217262773323,33.46862066611162,2,15.211508566336697,4,1,0,normal
2026-01-07 04:34:00,24.082870049114646,52.156061567312854,0,28.325517118626127,4,1,0,normal
2026-01-07 04:35:00,27.601374761151277,43.73264721785928,0,19.15378437125142,4,1,0,normal
2026-01-07 04:36:00,35.57787791522439,58.87867859366882,0,19.041514849119977,4,1,0,normal
2026-01-07 04:37:00,21.953699385101718,49.71270364397988,0,30.62022987227226,4,1,0,normal
2026-01-07 04:38:00,14.708920175779477,21.55997157623166,0,32.61218130956716,4,1,0,normal
2026-01-07 04:39:00,29.95554149818392,35.49371190800689,0,30.778528590491334,4,1,0,normal
2026-01-07 04:40:00,35.09988745556518,50.086776722399804,0,17.376761101837275,4,1,0,normal
2026-01-07 04:41:00,27.356610178306745,51.35165643846629,0,15.241553861680938,4,4,0,normal
2026-01-07 04:42:00,18.47350794787799,28.914847884439972,0,12.706125480838185,4,1,0,normal
2026-01-07 04:43:00,24.256645820588794,26.953104446808172,1,8.089096408122803,4,2,0,normal
2026-01-07 04:44:00,18.288859094730206,50.84368006359768,0,12.537133235128355,4,2,0,normal
2026-01-07 04:45:00,28.857132963777687,28.944990409242088,0,13.210410997850715,4,1,0,normal
2026-01-07 04:46:00,16.892257583809393,24.970558602488214,1,9.90531520064033,4,1,0,normal
2026-01-07 04:47:00,23.1992272790308,43.32289231052987,0,7.862448522788611,4,1,0,normal
2026-01-07 04:48:00,18.973973042236562,42.673308629920236,0,205.34809414666447,4,10,1,credential_stuffing
2026-01-07 04:49:00,25.76094811080977,36.82399283991048,2,19.591863650269904,4,1,0,normal
2026-01-07 04:50:00,22.801949937173454,39.44394564912556,0,23.525241173207185,4,1,0,normal
2026-01-07 04:51:00,26.060572619501585,50.20753584833592,0,22.818262563954846,4,1,0,normal
2026-01-07 04:52:00,25.134103329798194,39.197556444802714,0,15.826732160949653,4,1,0,normal
2026-01-07 04:53:00,19.080045833655337,51.060455324972594,0,17.210041356248567,4,1,0,normal
2026-01-07 04:54:00,28.76126238117413,44.29297195823998,0,22.93819274345819,4,1,0,normal
2026-01-07 04:55:00,24.70740608894131,52.51475233079984,2,21.539665196242353,4,2,0,normal
2026-01-07 04:56:00,19.0688259528046,63.173083481549675,0,24.494133570046277,4,1,0,normal
2026-01-07 04:57:00,38.445559337234755,62.58871768085893,0,12.300940922766735,4,1,0,normal
2026-01-07 04:58:00,27.85858100030275,69.32315706599125,0,33.87126189538368,4,1,0,normal
2026-01-07 04:59:00,24.08043667960417,62.572203453457405,2,25.05139562898649,4,1,0,normal
2026-01-07 05:00:00,33.49122716021094,53.578362973127064,0,25.942360044240168,5,2,0,normal
2026-01-07 05:01:00,36.050893656319644,43.49852543539783,1,11.512749609614193,5,4,0,normal
2026-01-07 05:02:00,24.12790346611669,44.183586157756636,1,11.327453916249066,5,1,0,normal
2026-01-07 05:03:00,27.08438491860857,571.8417406960018,0,14.42128839289148,5,3,1,data_exfiltration
2026-01-07 05:04:00,19.071983091982354,50.06793936577337,0,25.895809067745898,5,1,0,normal
2026-01-07 05:05:00,24.11684349539193,60.46081218067902,0,10.742974289648435,5,1,0,normal
2026-01-07 05:06:00,95.27083582200515,39.114985956754694,0,23.57203473593905,5,1,1,crypto_mining
2026-01-07 05:07:00,26.108962201729923,49.44173212004339,0,31.66888672576073,5,1,0,normal
2026-01-07 05:08:00,26.99656287182206,39.839566569173456,1,14.343853777547874,5,2,0,normal
2026-01-07 05:09:00,28.35897069296836,53.14031495281422,0,12.508144376610186,5,2,0,normal
2026-01-07 05:10:00,26.425855937799753,41.75924924075075,1,14.15131200828919,5,1,0,normal
2026-01-07 05:11:00,17.73554424022501,38.90734143058921,0,18.686991472606213,5,1,0,normal
2026-01-07 05:12:00,19.36919736555349,39.80049957601962,2,293.199012468419,5,8,1,credential_stuffing
2026-01-07 05:13:00,21.721554283217962,57.5499316076835,0,28.092624541168185,5,4,0,normal
2026-01-07 05:14:00,23.306556448460626,48.548758920044676,0,26.38980921701516,5,1,0,normal
2026-01-07 05:15:00,31.30464574283268,739.9471144813136,0,4.449814748810612,5,1,1,data_exfiltration
2026-01-07 05:16:00,18.02236607888252,53.92106753820816,0,18.50062989362777,5,1,0,normal
2026-01-07 05:17:00,22.855509710975802,43.78225673798524,0,12.942142910825915,5,1,0,normal
2026-01-07 05:18:00,30.7180569892843,66.89776840528555,1,23.234474753865268,5,1,0,normal
2026-01-07 05:19:00,23.200735153020325,35.39200769460115,0,27.200326520118516,5,1,0,normal
2026-01-07 05:20:00,27.762493899056945,47.19542730774077,0,16.006868867131793,5,1,0,normal
2026-01-07 05:21:00,24.16274774243258,28.92852167499499,0,35.37040430096813,5,1,0,normal
2026-01-07 05:22:00,26.540699543948335,44.79688412164859,0,282.5808442796951,5,8,1,credential_stuffing
2026-01-07 05:23:00,23.629164737142755,24.805467534400552,0,24.255912120761458,5,1,0,normal
2026-01-07 05:24:00,29.002392836370124,61.194747838386895,0,37.15568989952,5,1,0,normal
2026-01-07 05:25:00,15.729661555561389,61.49755650508368,1,27.344630168915486,5,1,0,normal
2026-01-07 05:26:00,22.82012794966873,61.76255260586714,1,24.755870399677818,5,1,0,normal
2026-01-07 05:27:00,26.77943606016585,50.43308720261702,1,18.63668239819811,5,1,0,normal
2026-01-07 05:28:00,28.20217148803716,36.80194392934862,0,24.891809862787827,5,4,0,normal
2026-01-07 05:29:00,33.957715736522964,37.99489051946075,1,15.583335308366642,5,2,0,normal
2026-01-07 05:30:00,22.65385199880654,72.95258082830782,0,29.023852275953942,5,1,0,normal
2026-01-07 05:31:00,33.876890571165234,71.53515655699695,0,14.20676304837253,5,1,0,normal
2026-01-07 05:32:00,21.045857040041977,51.83832735426157,0,18.012727919046867,5,2,0,normal
2026-01-07 05:33:00,32.971878469267864,42.26548948879509,1,13.284685448049894,5,2,0,normal
2026-01-07 05:34:00,29.904802760190236,70.52935134047766,0,17.252143872265115,5,1,0,normal
2026-01-07 05:35:00,19.519248522206663,39.58245257922785,1,16.33629200024219,5,1,0,normal
2026-01-07 05:36:00,26.84223542351093,53.43273812143861,0,3.8688393036420514,5,1,0,normal
2026-01-07 05:37:00,24.69258498680685,70.27935958097687,0,20.267054397970004,5,1,0,normal
2026-01-07 05:38:00,28.753507562050004,37.45492250503058,0,16.12710905841225,5,1,0,normal
2026-01-07 05:39:00,23.660370469400142,62.43835378455668,0,9.52395044613357,5,1,0,normal
2026-01-07 05:40:00,23.15652264602961,57.80841193765805,0,14.523825436562126,5,1,0,normal
2026-01-07 05:41:00,33.214567496577104,49.407251866526586,1,22.892970212993923,5,1,0,normal
2026-01-07 05:42:00,24.407674633265962,35.09849601300326,0,5.808418541481858,5,1,0,normal
2026-01-07 05:43:00,29.9585339451506,39.13340359845086,0,18.71454760162403,5,1,0,normal
2026-01-07 05:44:00,23.647891089734802,54.34176609275988,0,29.164616193895576,5,1,0,normal
2026-01-07 05:45:00,34.999979555365144,28.6499480767792,0,16.540584071033695,5,2,0,normal
2026-01-07 05:46:00,20.92999222398704,51.96115788527375,0,31.699364671645355,5,1,0,normal
2026-01-07 05:47:00,21.315138812516892,58.11576476092495,0,28.60652610122854,5,1,0,normal
2026-01-07 05:48:00,34.14710308669542,64.77830259213651,0,22.91225469501164,5,1,0,normal
2026-01-07 05:49:00,22.330321654628484,29.02464388309666,1,19.806836422790433,5,1,0,normal
2026-01-07 05:50:00,34.60644583698635,69.7437094574191,0,20.053842802735446,5,1,0,normal
2026-01-07 05:51:00,30.351043477568876,75.43045241269903,0,23.91942885653455,5,1,0,normal
2026-01-07 05:52:00,24.072101760635,56.15227351570391,0,35.9917673595911,5,1,0,normal
2026-01-07 05:53:00,14.120239167897049,34.4292712786301,1,24.006965948908036,5,1,0,normal
2026-01-07 05:54:00,24.884090174368986,45.07836067459638,0,31.907769742847307,5,1,0,normal
2026-01-07 05:55:00,25.60978032120055,49.28604132322239,0,10.727400593847666,5,3,0,normal
2026-01-07 05:56:00,32.003306399826236,54.05695263095835,1,15.677960322357144,5,1,0,normal
2026-01-07 05:57:00,34.53068305744067,50.329723289654034,0,20.132903410425268,5,2,0,normal
2026-01-07 05:58:00,20.890076925137514,54.21747714341925,0,30.748182490683945,5,3,0,normal
2026-01-07 05:59:00,29.807090583929096,48.638798639913155,0,5.6677086198422,5,1,0,normal
2026-01-07 06:00:00,29.592412936080095,53.97660641768365,1,44.1420315819899,6,4,0,normal
2026-01-07 06:01:00,31.44047621446267,43.092148682580294,0,267.11685040414943,6,15,1,credential_stuffing
2026-01-07 06:02:00,27.992139472813268,44.92719924526297,0,29.423987574500035,6,2,0,normal
2026-01-07 06:03:00,13.34501385422938,41.35962244284998,0,19.871626016390906,6,1,0,normal
2026-01-07 06:04:00,24.06746540483344,78.75889301756108,0,13.47458994676562,6,1,0,normal
2026-01-07 06:05:00,18.06575455049851,71.95851179261484,0,33.70671643419628,6,2,0,normal
2026-01-07 06:06:00,23.784365362491556,58.329412850204235,1,18.453470582225236,6,2,0,normal
2026-01-07 06:07:00,30.880025416803363,69.87963495901607,0,14.200112106413156,6,1,0,normal
2026-01-07 06:08:00,26.830905015249837,61.97692008466824,2,23.077177302124465,6,2,0,normal
2026-01-07 06:09:00,31.888545198384598,52.719067392710826,0,24.768577153099525,6,1,0,normal
2026-01-07 06:10:00,27.050523524281235,27.416429884704748,0,22.678701398270995,6,2,0,normal
2026-01-07 06:11:00,17.210044361986583,46.067541198122896,1,23.330266031646374,6,1,0,normal
2026-01-07 06:12:00,9.874917960563593,44.974431619724726,1,23.04566933044737,6,1,0,normal
2026-01-07 06:13:00,25.892852570077544,33.00387240361765,0,29.8650807745185,6,1,0,normal
2026-01-07 06:14:00,23.71644120189301,27.70756588090076,0,20.4528220913454,6,1,0,normal
2026-01-07 06:15:00,19.138325563708708,57.39079019850538,0,14.814663080327488,6,1,0,normal
2026-01-07 06:16:00,14.796236502091732,54.86756483556219,1,25.779494611139157,6,1,0,normal
2026-01-07 06:17:00,20.591540719163746,32.489045298985815,29,0.28412531114542006,4,1,1,brute_force_login
2026-01-07 06:18:00,23.833051090811345,38.81182240345716,0,24.816118347307544,6,1,0,normal
2026-01-07 06:19:00,28.99526694223834,67.41833409731245,0,32.060089569333115,6,1,0,normal
2026-01-07 06:20:00,26.13178648940788,36.83455229725159,0,26.096928138388037,6,1,0,normal
2026-01-07 06:21:00,34.648403483036375,52.56198355900703,1,7.290092220955589,6,1,0,normal
2026-01-07 06:22:00,18.786375663727632,47.153325506480286,0,31.5394677006114,6,1,0,normal
2026-01-07 06:23:00,30.286353352344598,57.59545206593094,0,15.581748022507943,6,1,0,normal
2026-01-07 06:24:00,25.283792458772368,37.15838521015355,0,21.594839875399053,6,1,0,normal
2026-01-07 06:25:00,29.168014744711506,51.351252163101606,0,30.32417789496961,6,1,0,normal
2026-01-07 06:26:00,22.38091082040674,52.53083866018816,1,15.057102568877546,6,1,0,normal
2026-01-07 06:27:00,31.430082243343538,53.45271209343829,0,21.111588813474174,6,1,0,normal
2026-01-07 06:28:00,26.77134855007146,51.1861078694392,0,9.566150006381633,6,1,0,normal
2026-01-07 06:29:00,20.923330090493504,55.16913980891165,0,18.510133535163025,6,1,0,normal
2026-01-07 06:30:00,24.927855826520872,82.87655498076217,1,10.665727906904216,6,1,0,normal
2026-01-07 06:31:00,23.5626648463774,88.41946665156658,0,23.866522011219214,6,1,0,normal
2026-01-07 06:32:00,27.93507010382676,40.411757888199176,0,8.397610782148735,6,2,0,normal
2026-01-07 06:33:00,17.921339503752947,15.22635529471252,0,19.282574910190863,6,1,0,normal
2026-01-07 06:34:00,24.823889787305834,58.93242951082961,0,15.46328310088382,6,1,0,normal
2026-01-07 06:35:00,27.371843515895986,52.793786898518995,0,14.274043758092258,6,4,0,normal
2026-01-07 06:36:00,25.1981398431582,65.9156278877537,1,28.80749267978586,6,1,0,normal
2026-01-07 06:37:00,33.081647466333976,54.27328849572976,0,11.40743653954665,6,2,0,normal
2026-01-07 06:38:00,29.644136644426315,50.87905909288579,0,15.657537728719209,6,1,0,normal
2026-01-07 06:39:00,24.95511521955552,66.93359893815834,0,21.536051664700995,6,1,0,normal
2026-01-07 06:40:00,26.30013458498604,69.03170882620762,0,25.139814279956905,6,3,0,normal
2026-01-07 06:41:00,26.773993308892,29.201599118285024,0,5.5504228498907295,6,2,0,normal
2026-01-07 06:42:00,27.419797625000946,37.75090719290625,1,18.57230477876716,6,1,0,normal
2026-01-07 06:43:00,14.046052026012353,48.416105610669824,0,26.05338095309645,6,1,0,normal
2026-01-07 06:44:00,23.190842225383918,51.47656435886876,1,33.31056586417332,6,1,0,normal
2026-01-07 06:45:00,16.09336559083944,46.61025194971627,0,20.25495076442851,6,1,0,normal
2026-01-07 06:46:00,32.66968568475692,56.51310766792829,0,8.795314895567177,6,3,0,normal
2026-01-07 06:47:00,24.634902879982434,64.9415718397565,0,19.89714117928095,6,1,0,normal
2026-01-07 06:48:00,23.839954301922262,75.84064566081092,0,16.147071669162912,6,3,0,normal
2026-01-07 06:49:00,30.38078399219941,58.68369535659349,0,22.72096352422207,6,1,0,normal
2026-01-07 06:50:00,27.53394878469925,37.214994823203355,0,34.72585820458456,6,1,0,normal
2026-01-07 06:51:00,18.228192913724758,47.78935662203273,1,10.621239151176367,6,1,0,normal
2026-01-07 06:52:00,24.574567824835786,48.86971638110665,0,28.7751869539209,6,1,0,normal
2026-01-07 06:53:00,22.988998160641692,57.71960359971739,0,27.224779628646505,6,2,0,normal
2026-01-07 06:54:00,14.532802668363676,55.82252050150913,1,25.2351704246376,6,1,0,normal
2026-01-07 06:55:00,20.858342600576773,80.75594976667264,1,22.094711738117848,6,2,0,normal
2026-01-07 06:56:00,23.898758067901205,43.07730297117637,0,36.59668837426788,6,1,0,normal
2026-01-07 06:57:00,24.310294411048943,55.771258006502045,1,30.322035065974905,6,1,0,normal
2026-01-07 06:58:00,16.106611457936147,85.32067096616137,2,15.328640621057039,6,1,0,normal
2026-01-07 06:59:00,31.909993498284855,41.22189654644598,1,20.393166491387806,6,1,0,normal
2026-01-07 07:00:00,24.387381646651367,52.17723044255533,0,11.31837449120427,7,1,0,normal
2026-01-07 07:01:00,90.47328135120178,35.82679248313977,0,31.100630537914405,7,1,1,crypto_mining
2026-01-07 07:02:00,27.40384983003902,51.23130349441147,0,20.37774347933246,7,1,0,normal
2026-01-07 07:03:00,20.271542476577974,38.29674277793538,0,4.602813670568892,7,1,0,normal
2026-01-07 07:04:00,27.73813583879618,65.70201355237019,0,0.342395499475181,7,1,0,normal
2026-01-07 07:05:00,22.797552123890902,52.20978288547093,0,15.534937127722795,7,3,0,normal
2026-01-07 07:06:00,19.62048675611685,35.9690411002656,0,13.260626255456444,7,1,0,normal
2026-01-07 07:07:00,28.440684960132394,62.608515466875076,1,16.454779317770836,7,2,0,normal
2026-01-07 07:08:00,33.95004315281085,52.69499058307381,1,18.34447884269288,7,1,0,normal
2026-01-07 07:09:00,29.34897624091499,64.29228165835183,0,30.37069576906937,7,1,0,normal
2026-01-07 07:10:00,30.537865390842583,32.78506058078377,1,31.39829719240739,7,1,0,normal
2026-01-07 07:11:00,21.876216360626206,55.53236618372992,1,37.863144773495165,7,1,0,normal
2026-01-07 07:12:00,15.414281624989261,61.60012541967063,1,33.6667894441903,7,1,0,normal
2026-01-07 07:13:00,33.940825132599045,43.649337646463955,0,25.03656349533958,7,2,0,normal
2026-01-07 07:14:00,37.32708933642856,31.114959095477733,0,8.786583788009528,7,1,0,normal
2026-01-07 07:15:00,34.256840642618094,49.37588756944409,1,26.416725641104957,7,1,0,normal
2026-01-07 07:16:00,22.9852843661215,68.42172940671392,0,7.378136647609656,7,1,0,normal
2026-01-07 07:17:00,99.46226305331217,66.88895495951084,0,22.653438712769308,7,1,1,crypto_mining
2026-01-07 07:18:00,18.605903813082598,43.57357347866635,0,8.094343451839435,7,1,0,normal
2026-01-07 07:19:00,14.897604594315709,30.75371845435336,0,35.53883022127016,7,2,0,normal
2026-01-07 07:20:00,24.355728289539726,43.53230419475641,0,23.0734622342281,7,1,0,normal
2026-01-07 07:21:00,34.63406774849473,42.972835239021315,0,18.351823991143043,7,1,0,normal
2026-01-07 07:22:00,24.150024208766542,56.69670174957166,0,16.390292453744173,7,2,0,normal
2026-01-07 07:23:00,26.81393740208965,48.42497745643818,1,19.717615042042986,7,1,0,normal
2026-01-07 07:24:00,33.25358178582525,38.70103682394287,0,14.183059116560916,7,2,0,normal
2026-01-07 07:25:00,22.5754281290056,66.56394600891002,0,17.375046809737807,7,1,0,normal
2026-01-07 07:26:00,37.21318874031757,864.9350036924104,1,3.9667376678635335,7,1,1,data_exfiltration
2026-01-07 07:27:00,36.95256644498472,56.53123479096411,0,12.633047251479994,7,1,0,normal
2026-01-07 07:28:00,24.213331967917103,24.125218488030992,0,10.701573620141131,7,1,0,normal
2026-01-07 07:29:00,21.534794415884722,13.636026939540713,0,24.16787545991633,7,1,0,normal
2026-01-07 07:30:00,29.18342827834188,28.43681327833388,1,20.26779120274224,7,2,0,normal
2026-01-07 07:31:00,22.91485034488685,42.79184861589837,0,26.932850092912048,7,1,0,normal
2026-01-07 07:32:00,18.060668697595982,58.645340264207135,0,16.63297390893552,7,1,0,normal
2026-01-07 07:33:00,32.68743192113788,14.866296943890532,0,20.90473566371675,7,1,0,normal
2026-01-07 07:34:00,32.29868432366248,73.89278096557982,0,3.7328463967600953,7,2,0,normal
2026-01-07 07:35:00,25.933069622581364,52.55849040155189,0,27.287387650086977,7,1,0,normal
2026-01-07 07:36:00,17.422811477630933,70.40442489424865,0,30.132902813735257,7,1,0,normal
2026-01-07 07:37:00,17.622842492695682,36.71044876288807,0,25.20729462652072,7,1,0,normal
2026-01-07 07:38:00,25.643375730514915,57.55789901258736,0,12.955727796693138,7,1,0,normal
2026-01-07 07:39:00,22.000773792969806,51.277938949561815,0,171.321337157679,7,13,1,credential_stuffing
2026-01-07 07:40:00,22.95344240715035,62.26529469581831,0,21.403906297596624,7,1,0,normal
2026-01-07 07:41:00,31.13177893036002,46.49312948600424,0,4.317730937213923,7,1,0,normal
2026-01-07 07:42:00,29.399075904535344,57.09822813511383,0,29.92951670279793,7,2,0,normal
2026-01-07 07:43:00,33.26885608298568,66.532929781568,0,11.460597060374528,7,2,0,normal
2026-01-07 07:44:00,19.056260659736452,40.232355591623374,0,24.600778681619587,7,1,0,normal
2026-01-07 07:45:00,22.94085058787973,53.63366348734475,2,20.227298185774842,7,1,0,normal
2026-01-07 07:46:00,29.553890172760674,21.682066441664773,0,30.780982016661206,7,1,0,normal
2026-01-07 07:47:00,27.68847004607735,60.537545285950365,2,13.090569170985262,7,3,0,normal
2026-01-07 07:48:00,34.19428229552573,79.31993815193735,0,15.955094005963298,7,1,0,normal
2026-01-07 07:49:00,27.523220235424414,31.33345928376957,1,25.513579675783582,7,1,0,normal
2026-01-07 07:50:00,36.088654624633314,48.62928109358085,1,15.220336015475217,7,1,0,normal
2026-01-07 07:51:00,28.240106810338844,63.207219513711706,1,31.385402602004998,7,1,0,normal
2026-01-07 07:52:00,31.37300468553196,50.471262101998256,0,13.942121417444588,7,2,0,normal
2026-01-07 07:53:00,23.058910319293258,52.476493272398386,1,24.706377021278414,7,1,0,normal
2026-01-07 07:54:00,95.84237411875895,44.13500837714542,0,19.967303211984454,7,2,1,crypto_mining
2026-01-07 07:55:00,30.46566642303685,43.577716203681284,1,14.742032646782913,7,1,0,normal
2026-01-07 07:56:00,34.67786902355833,48.69958769621933,0,30.53981323897433,7,3,0,normal
2026-01-07 07:57:00,29.375421695864517,50.625071332090336,0,11.57602916654144,7,2,0,normal
2026-01-07 07:58:00,24.500969368392283,32.27838107634035,0,24.251212385934103,7,1,0,normal
2026-01-07 07:59:00,33.26401017717005,49.00967021080957,0,0.024741716257274504,7,2,0,normal
2026-01-07 08:00:00,11.848128062320715,73.52800908063989,1,22.582614146041397,8,1,0,normal
2026-01-07 08:01:00,16.46659299095876,43.71299309616643,0,29.77828827485171,8,2,0,normal
2026-01-07 08:02:00,29.089805342010333,31.441175256880584,0,18.809571601550054,8,1,0,normal
2026-01-07 08:03:00,25.08465013751875,47.7287589802036,1,21.698117696040203,8,1,0,normal
2026-01-07 08:04:00,28.63308190674499,39.28080781813555,2,33.647707246156294,8,2,0,normal
2026-01-07 08:05:00,25.386445134591654,29.92487262017091,0,28.45909068166333,8,1,0,normal
2026-01-07 08:06:00,28.425674167623235,52.087526925989316,0,2.1926460665914753,8,1,0,normal
2026-01-07 08:07:00,20.113583074040857,39.34576944273383,0,15.644083194645233,8,1,0,normal
2026-01-07 08:08:00,28.422916516478146,40.62928749720088,0,17.706875796638734,8,1,0,normal
2026-01-07 08:09:00,30.966487169245507,52.30141070578083,1,22.4988580584152,8,1,0,normal
2026-01-07 08:10:00,32.32330362358739,27.002381069564983,0,19.48955440536375,8,1,0,normal
2026-01-07 08:11:00,37.081325767892196,23.876455246233128,0,15.810707265562968,8,3,0,normal
2026-01-07 08:12:00,26.46459066101432,60.06308291752897,1,15.28722310468338,8,1,0,normal
2026-01-07 08:13:00,26.643466521083074,21.037495989138755,0,8.486426403563874,8,1,0,normal
2026-01-07 08:14:00,15.860965214956913,35.34983457038968,0,11.928670895075065,8,1,0,normal
2026-01-07 08:15:00,21.81153159316945,23.002406969173435,1,26.725052847195148,8,2,0,normal
2026-01-07 08:16:00,23.841507555960323,42.70795299726751,1,11.614180029253866,8,1,0,normal
2026-01-07 08:17:00,31.30191731365813,56.42088121476748,2,13.581883838087183,8,1,0,normal
2026-01-07 08:18:00,21.333993255462225,51.68506923098565,0,8.33609678070078,8,1,0,normal
2026-01-07 08:19:00,29.778040118492996,85.87810084185926,0,23.07303319532761,8,1,0,normal
2026-01-07 08:20:00,24.99026969821972,66.30373426683501,1,27.680914833861014,8,1,0,normal
2026-01-07 08:21:00,23.936991309311427,36.03263224765098,0,29.303805474884776,8,1,0,normal
2026-01-07 08:22:00,26.493363814799537,32.04417492760384,0,283.094755440903,8,9,1,credential_stuffing
2026-01-07 08:23:00,22.653061766482946,90.60031911463253,0,19.483210797680353,8,1,0,normal
2026-01-07 08:24:00,22.425776511444006,65.93858008600044,0,20.230129720985364,8,3,0,normal
2026-01-07 08:25:00,14.771284565259313,58.84054410904358,0,16.651544665589856,8,1,0,normal
2026-01-07 08:26:00,23.512274756032664,51.12277718323427,0,22.638499253487264,8,1,0,normal
2026-01-07 08:27:00,22.12019112310764,54.102823512125255,0,29.051710566377494,8,2,0,normal
2026-01-07 08:28:00,21.904114063905524,27.76890086776361,0,27.965765833640784,8,1,0,normal
2026-01-07 08:29:00,27.501238375540243,52.35558755295152,1,18.65854988134298,8,1,0,normal
2026-01-07 08:30:00,28.95179171674306,51.06847096188522,0,15.723265849283338,8,1,0,normal
2026-01-07 08:31:00,26.393167027853966,36.4379173534778,0,10.78168486411104,8,1,0,normal
2026-01-07 08:32:00,30.972491142696846,41.92210319647282,1,6.102401409425594,8,1,0,normal
2026-01-07 08:33:00,28.45337155498219,72.72764590165333,1,24.35675242873885,8,3,0,normal
2026-01-07 08:34:00,23.229662861166148,48.12237619557706,0,19.99353013779654,8,1,0,normal
2026-01-07 08:35:00,22.22286228571372,81.06756953799666,0,20.067537607008983,8,1,0,normal
2026-01-07 08:36:00,26.876933420601077,23.88980845268925,0,39.569139501617116,8,1,0,normal
2026-01-07 08:37:00,28.442602659411406,42.168047206613785,1,32.698180173347694,8,3,0,normal
2026-01-07 08:38:00,33.38706584218899,26.790821731296216,0,20.344691121686605,8,1,0,normal
2026-01-07 08:39:00,32.147038269640575,31.858663191622483,0,21.66936290350908,8,3,0,normal
2026-01-07 08:40:00,21.751161960956985,37.576914415110544,0,11.126572550987943,8,1,0,normal
2026-01-07 08:41:00,24.38796231923643,54.729644401558865,1,25.16476786467081,8,2,0,normal
2026-01-07 08:42:00,29.02610682950662,54.002392566205806,0,21.83220065997491,8,1,0,normal
2026-01-07 08:43:00,31.407986668353832,39.81064520558592,0,12.938904364345081,8,1,0,normal
2026-01-07 08:44:00,30.63381681222875,16.58300663995127,1,21.99665481497909,8,1,0,normal
2026-01-07 08:45:00,24.61673300301192,72.16539309548229,0,28.338271138226652,8,1,0,normal
2026-01-07 08:46:00,17.475864085428903,45.71352925945466,0,36.54138005550881,8,2,0,normal
2026-01-07 08:47:00,19.00638174252645,33.25564744548291,1,7.898156504777981,8,1,0,normal
2026-01-07 08:48:00,26.635801085916487,54.12396171605131,0,10.844047947190838,8,2,0,normal
2026-01-07 08:49:00,27.05335347654607,53.06667755784761,0,19.20158832687736,8,1,0,normal
2026-01-07 08:50:00,18.40792375939369,45.15985302500052,0,21.842217422461946,8,5,0,normal
2026-01-07 08:51:00,25.26741766533563,52.22796523462257,0,33.44851237577019,8,2,0,normal
2026-01-07 08:52:00,28.7873461418307,32.67455239387972,0,29.827240620843458,8,3,0,normal
2026-01-07 08:53:00,18.092640054957137,61.39869264764725,0,3.410409582485549,8,1,0,normal
2026-01-07 08:54:00,31.629983210826488,35.04699357864695,0,16.61747993954937,8,1,0,normal
2026-01-07 08:55:00,22.73481310864105,40.91645517044852,0,7.8501213088786095,8,1,0,normal
2026-01-07 08:56:00,32.545678675459904,59.73202724227363,0,9.558656287212651,8,1,0,normal
2026-01-07 08:57:00,21.7992853253446,68.05938447515351,1,24.66932952153379,8,2,0,normal
2026-01-07 08:58:00,18.840247102694924,73.78661852069507,0,21.120460360109572,8,1,0,normal
2026-01-07 08:59:00,22.251178060949684,65.83697357699857,0,33.27829673138692,8,1,0,normal
2026-01-07 09:00:00,39.42911126153608,75.13891724297328,0,33.737302269627236,9,1,0,normal
2026-01-07 09:01:00,37.669120559371116,56.88450396349306,1,44.79722198407289,9,2,0,normal
2026-01-07 09:02:00,38.70399147056132,101.0758337840434,0,40.67359516083248,9,1,0,normal
2026-01-07 09:03:00,42.00379089805714,100.56043983357463,1,57.58958066617828,9,1,0,normal
2026-01-07 09:04:00,38.9729237812216,69.92035769969756,1,37.816791936057214,9,1,0,normal
2026-01-07 09:05:00,39.603325636287956,93.8178355673684,0,46.73075841070334,9,1,0,normal
2026-01-07 09:06:00,29.744641604784423,75.01733309103892,2,33.86993811621296,9,1,0,normal
2026-01-07 09:07:00,42.35018809606284,102.51915325267593,15,56.581997700196794,2,1,1,brute_force_login
2026-01-07 09:08:00,39.46478021384999,72.27703006394327,0,59.6972952733211,9,1,0,normal
2026-01-07 09:09:00,49.66175788289723,109.67976931322755,0,39.422063347849615,9,1,0,normal
2026-01-07 09:10:00,34.362608996476254,91.79180821397368,0,38.46145977039481,9,2,0,normal
2026-01-07 09:11:00,29.150228029002914,106.9631726702898,0,47.110586616700985,9,1,0,normal
2026-01-07 09:12:00,43.70841096358025,73.04304095525181,0,38.45767537859955,9,1,0,normal
2026-01-07 09:13:00,42.079162109878006,575.1229196546301,0,54.17221852396371,9,1,1,data_exfiltration
2026-01-07 09:14:00,33.94940187681313,65.46081202483452,0,48.64994774762861,9,1,0,normal
2026-01-07 09:15:00,30.82150626997545,92.65983878178795,0,55.13662022661483,9,1,0,normal
2026-01-07 09:16:00,49.22438038410574,93.48562299255687,1,36.35288920513389,9,1,0,normal
2026-01-07 09:17:00,48.48466234364069,115.95535877301779,1,33.99406629390042,9,1,0,normal
2026-01-07 09:18:00,25.075259447763223,87.23059695829474,1,47.92294527655696,9,1,0,normal
2026-01-07 09:19:00,37.25066182446099,90.8614130375914,1,58.51763145367335,9,1,0,normal
2026-01-07 09:20:00,49.98515232870339,72.93754435244327,0,37.51388352769876,9,1,0,normal
2026-01-07 09:21:00,37.1436246533328,88.12069058952858,0,48.68850768547038,9,1,0,normal
2026-01-07 09:22:00,37.05632659584008,772.7380032968333,2,39.69938119063452,9,1,1,data_exfiltration
2026-01-07 09:23:00,38.30344403422379,81.73791138263,0,53.46926739550787,9,1,0,normal
2026-01-07 09:24:00,33.274618157391046,82.61773492318693,2,37.926626927873656,9,1,0,normal
2026-01-07 09:25:00,29.771345534631735,74.71542689976245,1,47.200309028813564,9,1,0,normal
2026-01-07 09:26:00,46.31528386440849,80.94417644812991,1,53.96515070181696,9,1,0,normal
2026-01-07 09:27:00,28.942378562513944,74.3705724542987,0,34.24549229490442,9,1,0,normal
2026-01-07 09:28:00,41.48362871265253,717.3129009920384,0,49.81808506170805,9,4,1,data_exfiltration
2026-01-07 09:29:00,45.3194769565459,96.14996977253408,0,42.13947101792982,9,1,0,normal
2026-01-07 09:30:00,31.29264220659305,82.63120462739617,0,51.77901810963442,9,1,0,normal
2026-01-07 09:31:00,34.45438958442957,85.20599408300416,1,47.951752679606805,9,1,0,normal
2026-01-07 09:32:00,47.27907513034954,58.140428465216964,0,41.65862720010127,9,1,0,normal
2026-01-07 09:33:00,43.19735032136224,86.35187497745585,1,44.249940948056306,9,1,0,normal
2026-01-07 09:34:00,36.296285758726675,87.95635195962856,1,30.300535520449397,9,3,0,normal
2026-01-07 09:35:00,47.213494020167026,74.02492065966871,1,51.96002155249488,9,2,0,normal
2026-01-07 09:36:00,47.239214340725816,111.27544514391037,0,60.19851584010381,9,1,0,normal
2026-01-07 09:37:00,41.61431615809424,45.66159103723902,0,40.65204097444497,9,1,0,normal
2026-01-07 09:38:00,34.599038632758024,91.76550703655819,0,44.69726329866132,9,1,0,normal
2026-01-07 09:39:00,37.519307779169225,90.69207207432294,0,57.57934470611873,9,1,0,normal
2026-01-07 09:40:00,41.71832046373234,88.12374397999118,19,30.644699226161734,2,1,1,brute_force_login
2026-01-07 09:41:00,38.86843102511507,82.64319058457934,0,49.02923027412133,9,1,0,normal
2026-01-07 09:42:00,45.63374306940911,88.26018983937556,0,58.38966028274399,9,1,0,normal
2026-01-07 09:43:00,30.82135551934398,93.02263219333841,0,39.96134029116116,9,1,0,normal
2026-01-07 09:44:00,31.034418825602568,69.1116862425201,0,40.66409726297023,9,1,0,normal
2026-01-07 09:45:00,41.08522666889459,84.48793433270134,0,55.62772211953561,9,1,0,normal
2026-01-07 09:46:00,37.05073351715857,77.25024736965044,0,36.270189582324456,9,1,0,normal
2026-01-07 09:47:00,36.237708311813556,63.59347399661737,0,51.89553634303155,9,1,0,normal
2026-01-07 09:48:00,29.391659684953616,90.75754961919934,0,48.00404288575844,9,1,0,normal
2026-01-07 09:49:00,40.11727506878909,71.5345936297395,0,54.08270489474906,9,1,0,normal
2026-01-07 09:50:00,39.683469351995406,57.532119878307995,1,43.98002851687304,9,1,0,normal
2026-01-07 09:51:00,43.92087389171044,71.91334008947527,0,57.28630266849051,9,2,0,normal
2026-01-07 09:52:00,40.41343679872583,68.01651652860303,0,41.9203465079473,9,1,0,normal
2026-01-07 09:53:00,39.20437553055702,95.42718513785165,1,33.211634016975225,9,1,0,normal
2026-01-07 09:54:00,47.06200382074202,82.29789710837116,0,32.67270846588598,9,1,0,normal
2026-01-07 09:55:00,32.1251961793087,100.7357411853491,0,36.26653571512231,9,2,0,normal
2026-01-07 09:56:00,43.218335313085454,70.00165653150431,2,50.410359712594456,9,2,0,normal
2026-01-07 09:57:00,29.973117011227906,93.11254807844749,0,38.99135419655646,9,4,0,normal
2026-01-07 09:58:00,34.96982871999516,122.5943437221187,0,44.84882774884751,9,1,0,normal
2026-01-07 09:59:00,32.72405720426012,85.3404870069071,2,45.726706665639284,9,1,0,normal
2026-01-07 10:00:00,44.69165521271151,92.9247329348473,1,38.802218840130294,10,1,0,normal
2026-01-07 10:01:00,39.60753859842764,90.40276496338109,0,46.250539332983685,10,1,0,normal
2026-01-07 10:02:00,39.91898053244214,58.6688700886126,0,52.52766698553341,10,2,0,normal
2026-01-07 10:03:00,33.35960207362329,88.78725946201176,0,45.2860129062678,10,1,0,normal
2026-01-07 10:04:00,98.03830226924103,84.59684480974353,0,52.3476815336602,10,1,1,crypto_mining
2026-01-07 10:05:00,35.41920818014533,76.10378924902537,1,41.982645023300265,10,2,0,normal
2026-01-07 10:06:00,42.300730089125295,66.7394543869268,0,47.124504184106144,10,1,0,normal
2026-01-07 10:07:00,34.053453188010316,90.40974860490556,0,45.777167011836625,10,1,0,normal
2026-01-07 10:08:00,47.978766191230456,65.41394390584068,0,53.590275124979144,10,1,0,normal
2026-01-07 10:09:00,29.946517302255433,112.00468407022845,0,218.4791138878677,10,9,1,credential_stuffing
2026-01-07 10:10:00,35.160881005260634,81.71253625232193,0,39.863928446005275,10,1,0,normal
2026-01-07 10:11:00,50.06320305979658,61.650394283202445,0,48.90287903720784,10,1,0,normal
2026-01-07 10:12:00,37.38916751222779,72.29005582507492,0,37.3497452201889,10,1,0,normal
2026-01-07 10:13:00,32.11072801357353,75.82798492565274,0,48.23116846227221,10,1,0,normal
2026-01-07 10:14:00,41.31442937522601,116.18564980885769,0,44.75524572468822,10,1,0,normal
2026-01-07 10:15:00,37.14764654671275,66.73116579785756,0,46.19958494067801,10,1,0,normal
2026-01-07 10:16:00,34.984778466290166,78.2567410512292,0,44.67965482172066,10,2,0,normal
2026-01-07 10:17:00,33.424775135207696,71.93257445202467,0,40.12882808882112,10,1,0,normal
2026-01-07 10:18:00,56.61024163375566,87.48887728372496,0,39.13765288790723,10,1,0,normal
2026-01-07 10:19:00,38.49068859889518,72.17174879442433,0,53.64485311342184,10,1,0,normal
2026-01-07 10:20:00,28.446595838002736,62.91415000790434,1,60.05743654911113,10,1,0,normal
2026-01-07 10:21:00,48.962258554033205,77.07058130305703,0,47.16640725468734,10,1,0,normal
2026-01-07 10:22:00,43.66642543066342,75.50909235001636,1,45.25422791274596,10,1,0,normal
2026-01-07 10:23:00,35.401201413881275,71.11633433563979,0,35.17657882849384,10,1,0,normal
2026-01-07 10:24:00,34.40128546788315,71.91784461654323,1,30.92555308226087,10,1,0,normal
2026-01-07 10:25:00,44.040836776949384,97.77043696821505,0,32.13710261179097,10,2,0,normal
2026-01-07 10:26:00,38.51849003506327,75.20389678598744,1,49.245160564917626,10,2,0,normal
2026-01-07 10:27:00,28.44413308932939,62.988085062823515,1,30.796590874922686,10,1,0,normal
2026-01-07 10:28:00,50.72343978762801,73.06826054300215,1,50.26697290108059,10,2,0,normal
2026-01-07 10:29:00,37.39605722670426,80.81503489198089,1,36.2214700762516,10,2,0,normal
2026-01-07 10:30:00,48.97343041889456,59.95595545172969,0,46.27689833034558,10,2,0,normal
2026-01-07 10:31:00,47.67060974779429,104.38966940009598,0,41.738738614345515,10,1,0,normal
2026-01-07 10:32:00,33.99394273310311,93.01369216259408,0,36.51487883039195,10,4,0,normal
2026-01-07 10:33:00,46.19913918617889,101.45259115428169,0,33.92433636957987,10,1,0,normal
2026-01-07 10:34:00,36.09134470081791,85.88192188231524,0,31.214730430462815,10,2,0,normal
2026-01-07 10:35:00,28.79979647917635,48.594538248048494,0,36.34361921277417,10,1,0,normal
2026-01-07 10:36:00,37.45241100386715,103.0300057495777,0,62.79144579352112,10,1,0,normal
2026-01-07 10:37:00,42.385825010657676,67.04647460435162,0,55.43245263053652,10,3,0,normal
2026-01-07 10:38:00,37.22358011202197,68.26719883996851,0,46.45491072781608,10,2,0,normal
2026-01-07 10:39:00,38.15770995444939,82.34487715933166,0,42.068797403664796,10,1,0,normal
2026-01-07 10:40:00,46.86139626957168,100.67344770005224,0,40.306987484022905,10,1,0,normal
2026-01-07 10:41:00,40.63896388174055,95.799307009286,1,45.87782975141326,10,1,0,normal
2026-01-07 10:42:00,34.94021013229028,93.59421680264032,0,40.433463910081116,10,5,0,normal
2026-01-07 10:43:00,44.21218194200396,75.3225942068817,1,40.3795682788681,10,1,0,normal
2026-01-07 10:44:00,41.186053401725474,75.08588710861832,0,48.89353674292329,10,1,0,normal
2026-01-07 10:45:00,24.870371191227743,85.189155019701,1,36.92479649573174,10,2,0,normal
2026-01-07 10:46:00,42.57011748262869,78.048937380747,2,25.15616232071448,10,4,0,normal
2026-01-07 10:47:00,42.35097224629661,93.3397686099403,0,40.32044856020624,10,1,0,normal
2026-01-07 10:48:00,40.12072677748516,92.4517649674284,0,56.61578026184792,10,1,0,normal
2026-01-07 10:49:00,45.35020348641745,88.87011981759058,0,31.973656006492206,10,1,0,normal
2026-01-07 10:50:00,35.96563849404099,42.11058077345932,1,35.09294556467555,10,1,0,normal
2026-01-07 10:51:00,42.018998732925404,81.91982545515896,1,39.9075557420248,10,1,0,normal
2026-01-07 10:52:00,30.598243772995882,78.36719178900948,0,32.216912735129085,10,2,0,normal
2026-01-07 10:53:00,42.442542300392994,82.52038402639297,0,57.028499219926665,10,1,0,normal
2026-01-07 10:54:00,51.71835817323938,68.6851304218039,0,45.78252690613488,10,2,0,normal
2026-01-07 10:55:00,34.03086188519475,60.12821134401162,1,30.771909492774128,10,1,0,normal
2026-01-07 10:56:00,35.441187208073345,86.9470771996256,0,43.975930656972544,10,1,0,normal
2026-01-07 10:57:00,35.73990734265069,74.65548023401907,1,44.68637363683922,10,1,0,normal
2026-01-07 10:58:00,40.77998935480957,88.62039490561399,1,43.06955761888485,10,1,0,normal
2026-01-07 10:59:00,33.62178236287769,69.93628433472843,1,43.675755357292765,10,4,0,normal
2026-01-07 11:00:00,42.527484272145884,101.23865960739015,0,43.96592919951275,11,1,0,normal
2026-01-07 11:01:00,45.08103967281499,95.01597263856145,0,47.478641634848266,11,2,0,normal
2026-01-07 11:02:00,43.20608328072271,84.4524066281882,1,47.987221200912536,11,1,0,normal
2026-01-07 11:03:00,29.389507446171564,76.8006737992108,0,33.02394314617213,11,2,0,normal
2026-01-07 11:04:00,45.97100599095164,92.78613316697296,1,45.48141906610134,11,2,0,normal
2026-01-07 11:05:00,45.62420448552208,85.88821722856109,1,46.4513839840507,11,1,0,normal
2026-01-07 11:06:00,44.98096823407783,83.57876281895908,0,40.11784294008792,11,1,0,normal
2026-01-07 11:07:00,42.23705349193495,95.64298114339412,0,58.64787657104927,11,1,0,normal
2026-01-07 11:08:00,41.321135885230795,101.3980423160996,0,44.33475704839602,11,2,0,normal
2026-01-07 11:09:00,46.19433638875838,61.21383223271683,0,49.03173382315903,11,4,0,normal
2026-01-07 11:10:00,51.541080925620726,64.24423838975291,0,41.40789169059211,11,1,0,normal
2026-01-07 11:11:00,34.2817572198109,68.29608911781803,0,42.566804148845165,11,1,0,normal
2026-01-07 11:12:00,46.46875237476863,57.46363103534672,0,47.7404324270302,11,2,0,normal
2026-01-07 11:13:00,39.482697411955286,79.05877211646273,0,33.92363826525217,11,3,0,normal
2026-01-07 11:14:00,39.2219616878284,89.00174682866759,0,50.9600059221169,11,1,0,normal
2026-01-07 11:15:00,30.780815857707772,79.67872557571495,0,35.150661263584055,11,2,0,normal
2026-01-07 11:16:00,38.29126354290763,71.98817537580656,1,52.050194083544554,11,1,0,normal
2026-01-07 11:17:00,34.01641025218951,96.89686635693737,0,42.85298481949627,11,1,0,normal
2026-01-07 11:18:00,37.216873422964326,82.10834604810124,0,61.485740231367714,11,1,0,normal
2026-01-07 11:19:00,33.4108816973311,85.14474451049477,21,52.86315138108489,4,1,1,brute_force_login
2026-01-07 11:20:00,37.30654967612196,97.3135220734964,0,52.90330408708232,11,5,0,normal
2026-01-07 11:21:00,37.56333785785958,78.151370917233,1,46.15935042482235,11,1,0,normal
2026-01-07 11:22:00,40.5805295106328,110.90321108937022,23,53.07659191975007,1,1,1,brute_force_login
2026-01-07 11:23:00,30.311500826252015,73.2827749419235,1,165.73679681320502,11,18,1,credential_stuffing
2026-01-07 11:24:00,31.32689111352806,109.96922306769349,0,29.505700189635764,11,1,0,normal
2026-01-07 11:25:00,42.17148562438316,65.37897227131369,0,38.03302811044322,11,1,0,normal
2026-01-07 11:26:00,35.21537129757941,87.76227354320662,0,37.55761853035187,11,1,0,normal
2026-01-07 11:27:00,46.44717874137959,70.36201746790644,26,38.777915272064014,2,1,1,brute_force_login
2026-01-07 11:28:00,41.35161833209028,96.79349175471638,0,42.94506912415708,11,1,0,normal
2026-01-07 11:29:00,43.64057290123844,72.82651088212357,0,49.13230767804384,11,1,0,normal
2026-01-07 11:30:00,48.46415392252537,84.36306785966129,0,54.398628084141805,11,2,0,normal
2026-01-07 11:31:00,38.141735129160566,70.24187005937645,2,49.84765876661827,11,1,0,normal
2026-01-07 11:32:00,36.553079767502346,94.05837760499921,0,54.92700654355962,11,2,0,normal
2026-01-07 11:33:00,45.23021551359288,70.16373109041291,21,36.54942332903013,4,1,1,brute_force_login
2026-01-07 11:34:00,43.057081383578115,105.25122267114003,0,40.970249637325544,11,2,0,normal
2026-01-07 11:35:00,38.876018141072194,65.06004339557914,2,42.917113284674976,11,1,0,normal
2026-01-07 11:36:00,48.348747801735655,59.8155812250778,0,39.66092522756339,11,1,0,normal
2026-01-07 11:37:00,38.72653414096042,94.2732811711863,1,36.01928333549675,11,3,0,normal
2026-01-07 11:38:00,40.19664182533469,71.12534539604718,0,48.121283424404396,11,1,0,normal
2026-01-07 11:39:00,40.12733590500555,79.89144029825697,26,39.374336996386745,3,1,1,brute_force_login
2026-01-07 11:40:00,34.392436630609176,75.16638269246418,0,51.454494353756225,11,2,0,normal
2026-01-07 11:41:00,40.465512336918344,60.31087599270965,1,35.220593767277144,11,1,0,normal
2026-01-07 11:42:00,48.380561064390946,78.84509503792493,1,51.90913363072296,11,3,0,normal
2026-01-07 11:43:00,42.66980989225706,98.97373842458452,1,46.718977441341174,11,2,0,normal
2026-01-07 11:44:00,40.18638055839359,95.04705504958348,0,46.72102585997723,11,1,0,normal
2026-01-07 11:45:00,39.02939631300599,83.47689143938888,0,46.95100946347212,11,1,0,normal
2026-01-07 11:46:00,41.98520217043811,96.6840243955266,0,44.350016324208354,11,1,0,normal
2026-01-07 11:47:00,44.49859977093511,64.10722122958735,0,44.48981714408322,11,1,0,normal
2026-01-07 11:48:00,43.65543298533852,75.1181850664249,0,42.838748670037006,11,1,0,normal
2026-01-07 11:49:00,38.008810829068125,85.93707411095312,0,47.39210430286576,11,1,0,normal
2026-01-07 11:50:00,41.94868956466069,78.04377759774333,0,49.41357348503704,11,1,0,normal
2026-01-07 11:51:00,42.87963844688967,76.29765004285164,0,41.37989040297902,11,1,0,normal
2026-01-07 11:52:00,33.95683007483813,61.99034401518357,0,56.10589699238183,11,1,0,normal
2026-01-07 11:53:00,41.009383247102164,48.77987917035933,0,42.070681199950876,11,1,0,normal
2026-01-07 11:54:00,27.032176682185828,92.26799637424455,0,39.38162995264976,11,1,0,normal
2026-01-07 11:55:00,42.895202258927114,83.64832359878339,0,43.788918090033604,11,1,0,normal
2026-01-07 11:56:00,43.96205832737609,93.5299756731514,0,38.8737146929321,11,2,0,normal
2026-01-07 11:57:00,44.485276754718754,73.44146086762439,0,48.73028785303809,11,1,0,normal
2026-01-07 11:58:00,37.629718886982594,69.3083317275861,0,43.869485783058764,11,1,0,normal
2026-01-07 11:59:00,41.854281010144206,80.09821949954951,0,50.8691321461452,11,1,0,normal
2026-01-07 12:00:00,48.543723073247,92.81299472919224,0,44.513497758636774,12,1,0,normal
2026-01-07 12:01:00,48.48261788974755,76.52821677518519,0,44.25103905422573,12,2,0,normal
2026-01-07 12:02:00,39.82496380464064,92.02677776492729,0,41.73547042188955,12,1,0,normal
2026-01-07 12:03:00,40.83591778437736,64.9053799161037,1,51.61460800485762,12,1,0,normal
2026-01-07 12:04:00,46.6654668684066,77.57829300245199,0,43.05376112376171,12,1,0,normal
2026-01-07 12:05:00,30.99518790842695,78.94828783882953,0,47.11617739580942,12,1,0,normal
2026-01-07 12:06:00,38.061545543937854,98.3958491588288,1,53.36876332024919,12,1,0,normal
2026-01-07 12:07:00,48.01342273322054,83.11441097023862,1,44.296845135600535,12,2,0,normal
2026-01-07 12:08:00,45.8512032501086,106.19116277441293,1,44.20139109881236,12,2,0,normal
2026-01-07 12:09:00,42.215582665899426,513.6967177132434,0,43.157353722157545,12,2,1,data_exfiltration
2026-01-07 12:10:00,30.965005568016277,81.9487835661692,0,46.5203898591526,12,1,0,normal
2026-01-07 12:11:00,39.70053860175303,82.69097058770669,2,51.455587974143775,12,1,0,normal
2026-01-07 12:12:00,36.4605076225004,89.30139796380301,0,51.21835740273816,12,1,0,normal
2026-01-07 12:13:00,41.98623341690328,67.79960095326663,1,48.93012834064119,12,1,0,normal
2026-01-07 12:14:00,35.143919891230716,105.26669509116255,0,54.6792295041009,12,2,0,normal
2026-01-07 12:15:00,33.845659630152355,80.19445912207638,0,45.66131376797703,12,1,0,normal
2026-01-07 12:16:00,27.61080833389815,63.69398730597623,0,56.23709445311379,12,1,0,normal
2026-01-07 12:17:00,47.33082810986021,79.75962514379572,0,53.39917480735292,12,2,0,normal
2026-01-07 12:18:00,37.601376931341655,75.30257715679829,1,39.77042062233916,12,1,0,normal
2026-01-07 12:19:00,40.94287470221521,121.74852713370993,2,51.29931404213204,12,1,0,normal
2026-01-07 12:20:00,39.98657130115491,95.74915399287521,1,30.14773073697578,12,1,0,normal
2026-01-07 12:21:00,33.595396402237,80.74492033562326,0,54.617606567576324,12,3,0,normal
2026-01-07 12:22:00,32.44561053131084,78.32124972201193,1,44.42964002909525,12,3,0,normal
2026-01-07 12:23:00,33.96810924401659,94.26585293722198,0,38.783902033700336,12,1,0,normal
2026-01-07 12:24:00,35.660989367023646,94.98293240492322,0,31.019931293949973,12,1,0,normal
2026-01-07 12:25:00,42.19963748208283,36.32675121019027,0,43.91854279501479,12,1,0,normal
2026-01-07 12:26:00,35.22569401887633,89.644897321,1,54.72304830152288,12,3,0,normal
2026-01-07 12:27:00,50.47894378956773,80.4194981596794,1,46.94188623882352,12,1,0,normal
2026-01-07 12:28:00,46.16290621535891,60.33284267319536,0,251.53371034705285,12,11,1,credential_stuffing
2026-01-07 12:29:00,44.85015729799425,93.20321209436266,0,43.48019056013251,12,1,0,normal
2026-01-07 12:30:00,39.2820465851611,113.69282020337397,1,289.2195582148537,12,15,1,credential_stuffing
2026-01-07 12:31:00,49.0856844143229,88.35193920241672,2,50.59072140909853,12,1,0,normal
2026-01-07 12:32:00,38.691966213273254,96.50642663385297,1,44.66701747819555,12,2,0,normal
2026-01-07 12:33:00,39.81243151507452,107.06178637946606,0,52.4760523442168,12,2,0,normal
2026-01-07 12:34:00,41.019847238495615,67.54606773919923,0,51.34750569807139,12,1,0,normal
2026-01-07 12:35:00,44.21093824326007,52.13642832249624,0,37.88771450663797,12,2,0,normal
2026-01-07 12:36:00,43.82144847401791,89.85299094964253,0,42.230603524411904,12,1,0,normal
2026-01-07 12:37:00,37.14924832933238,76.28582695337823,0,56.35511917407361,12,1,0,normal
2026-01-07 12:38:00,36.802037683444276,59.38739821442685,1,50.409454804619074,12,2,0,normal
2026-01-07 12:39:00,43.83941774291251,78.82745095796311,0,59.17985522592084,12,1,0,normal
2026-01-07 12:40:00,44.2914195033474,90.91321060685931,0,49.7929343256299,12,3,0,normal
2026-01-07 12:41:00,37.639893251062766,77.7654250285346,0,39.320370845962664,12,3,0,normal
2026-01-07 12:42:00,30.476871581929277,68.19758553897444,0,44.83279147306339,12,1,0,normal
2026-01-07 12:43:00,38.756103423950535,76.64739409555234,0,51.298916894429084,12,1,0,normal
2026-01-07 12:44:00,43.74115479295515,79.70785302047982,1,284.4098576688942,12,15,1,credential_stuffing
2026-01-07 12:45:00,50.83250107851868,51.05776606060877,0,45.48481160158635,12,1,0,normal
2026-01-07 12:46:00,32.81225222595603,77.8583757024396,0,61.28027043062998,12,1,0,normal
2026-01-07 12:47:00,37.44057248301656,59.83489291782662,0,43.10293994214436,12,1,0,normal
2026-01-07 12:48:00,37.66357863084774,89.88538928031645,2,47.57545574289881,12,1,0,normal
2026-01-07 12:49:00,48.134832036589,56.58436136619833,0,47.08345526355555,12,1,0,normal
2026-01-07 12:50:00,39.790350997248204,95.19038306826404,0,52.30506932228927,12,1,0,normal
2026-01-07 12:51:00,34.55604064376641,73.86252396179088,0,47.085569433825746,12,1,0,normal
2026-01-07 12:52:00,43.35217169753091,71.85536439841982,0,46.035755226367534,12,1,0,normal
2026-01-07 12:53:00,37.57216887975432,84.41681895952958,0,61.123956418186594,12,2,0,normal
2026-01-07 12:54:00,32.65367635985227,67.00948332164911,0,44.18112905999061,12,1,0,normal
2026-01-07 12:55:00,34.64336015634309,84.18118631195097,0,50.865620198093936,12,2,0,normal
2026-01-07 12:56:00,50.40425172653572,69.01836837967444,0,34.703517690426665,12,1,0,normal
2026-01-07 12:57:00,42.305255329896774,71.64898231512846,0,45.017755774480456,12,1,0,normal
2026-01-07 12:58:00,40.64656033271526,86.08031253993703,1,44.22974312390428,12,2,0,normal
2026-01-07 12:59:00,38.50063758512772,62.92128899398426,0,44.42331162034385,12,1,0,normal
2026-01-07 13:00:00,41.75289305271279,61.034940473564646,0,31.234720098726086,13,2,0,normal
2026-01-07 13:01:00,41.681415676014964,83.72338261115513,0,42.16403943232025,13,1,0,normal
2026-01-07 13:02:00,41.753012969243954,79.59650221265923,0,38.05198665730515,13,3,0,normal
2026-01-07 13:03:00,40.68907054166652,82.53039117214088,0,53.69162347549599,13,1,0,normal
2026-01-07 13:04:00,45.21279002983329,84.9145885508213,0,38.07960651029122,13,1,0,normal
2026-01-07 13:05:00,40.138626076004385,80.86063330710472,0,50.02507078998259,13,1,0,normal
2026-01-07 13:06:00,34.13236698668417,89.12138935950603,0,50.40320194493267,13,1,0,normal
2026-01-07 13:07:00,36.32546265459479,81.46154430467988,1,40.23457799954456,13,2,0,normal
2026-01-07 13:08:00,28.125887839061726,49.89044150487045,0,38.19680225720022,13,2,0,normal
2026-01-07 13:09:00,52.160902696254354,53.78173108007216,0,42.74106834300008,13,1,0,normal
2026-01-07 13:10:00,45.17652755171612,108.91923770363124,0,41.81522732810759,13,2,0,normal
2026-01-07 13:11:00,35.01957702922458,80.00107800588295,0,37.13346357530507,13,3,0,normal
2026-01-07 13:12:00,38.3089309036174,94.25362477575645,0,42.63353008522651,13,1,0,normal
2026-01-07 13:13:00,36.1787411547614,74.81444141559386,1,47.49579247376214,13,2,0,normal
2026-01-07 13:14:00,49.2552832682447,79.12977358409104,0,35.4727600938975,13,2,0,normal
2026-01-07 13:15:00,31.480737014374427,73.19953018593735,0,43.43813806774701,13,3,0,normal
2026-01-07 13:16:00,40.68685635291268,116.98890997192046,0,40.799543117387486,13,2,0,normal
2026-01-07 13:17:00,39.34883294461091,83.79863633546213,1,45.74681529623612,13,1,0,normal
2026-01-07 13:18:00,44.961031784254686,71.97713141740704,0,60.076837749316454,13,1,0,normal
2026-01-07 13:19:00,39.37594463365183,55.22690429854714,1,32.87736622884401,13,2,0,normal
2026-01-07 13:20:00,29.450746740067387,109.60600164103778,0,44.151136415185455,13,2,0,normal
2026-01-07 13:21:00,38.493292992145356,77.55082422157545,0,47.23604471369041,13,1,0,normal
2026-01-07 13:22:00,95.11311962591797,91.16343679342395,0,40.92111639765354,13,1,1,crypto_mining
2026-01-07 13:23:00,40.47747727933936,92.8399593545982,1,47.94340327714184,13,1,0,normal
2026-01-07 13:24:00,48.60506221912196,73.05754214854444,0,33.32483736023036,13,3,0,normal
2026-01-07 13:25:00,29.56344853460633,90.08679163079233,0,42.199226666567604,13,1,0,normal
2026-01-07 13:26:00,35.19866358760058,70.93792569872573,0,23.65512207693564,13,1,0,normal
2026-01-07 13:27:00,36.68384227729902,65.14360456940877,0,43.05754821224325,13,1,0,normal
2026-01-07 13:28:00,37.710213427520735,97.46697038768319,0,35.14168753965494,13,1,0,normal
2026-01-07 13:29:00,44.44075398463146,77.62715930266701,0,47.50521156333105,13,1,0,normal
2026-01-07 13:30:00,38.95873349463167,87.77769250403983,0,56.3126063635375,13,2,0,normal
2026-01-07 13:31:00,42.49481635432267,86.16381490822657,0,47.205994924803136,13,1,0,normal
2026-01-07 13:32:00,36.24536173760934,89.56897940082933,0,44.405815677241186,13,1,0,normal
2026-01-07 13:33:00,41.37954607250762,56.651945986975626,1,40.83910357097353,13,1,0,normal
2026-01-07 13:34:00,44.66678578526629,71.22064203025445,1,42.760476649478946,13,4,0,normal
2026-01-07 13:35:00,35.60620270157747,75.13287263755363,0,42.880325251751856,13,1,0,normal
2026-01-07 13:36:00,44.68814871883909,67.52781990647765,1,45.129069190686316,13,1,0,normal
2026-01-07 13:37:00,40.31423661236541,86.43510272024582,0,48.81578535402063,13,1,0,normal
2026-01-07 13:38:00,46.27276144289352,97.80339616393846,0,38.85578288648413,13,1,0,normal
2026-01-07 13:39:00,38.79148059953816,100.17776983019446,0,54.17921558326844,13,1,0,normal
2026-01-07 13:40:00,42.287467930972596,74.91192852185175,1,43.2815200953891,13,1,0,normal
2026-01-07 13:41:00,39.75636260992882,84.3794879368686,1,45.11451057056173,13,1,0,normal
2026-01-07 13:42:00,39.42272642775653,86.68465256735149,0,55.288247504931974,13,1,0,normal
2026-01-07 13:43:00,41.55358256935414,89.31884141305294,0,27.97146903443589,13,2,0,normal
2026-01-07 13:44:00,43.22084481534942,66.82797390391035,2,24.635933940826813,13,1,0,normal
2026-01-07 13:45:00,32.50261052845597,107.30870402397449,0,48.11582657508279,13,1,0,normal
2026-01-07 13:46:00,48.60180165290727,93.89780276519667,0,45.067744349768404,13,1,0,normal
2026-01-07 13:47:00,28.842021756701207,94.28974015538661,0,56.886762949415306,13,2,0,normal
2026-01-07 13:48:00,35.89112734156662,98.05190085350596,0,35.99915081441224,13,1,0,normal
2026-01-07 13:49:00,39.434385575410595,88.01203913398976,1,48.8848522437419,13,1,0,normal
2026-01-07 13:50:00,42.47413581451569,64.59029865423541,0,42.121997790398545,13,1,0,normal
2026-01-07 13:51:00,49.45703516644827,77.9154090266734,0,52.585076666538974,13,2,0,normal
2026-01-07 13:52:00,28.850251070649357,55.23419907407127,0,27.517248627833098,13,1,0,normal
2026-01-07 13:53:00,36.953835229661735,86.22608764548626,0,42.883175380088765,13,1,0,normal
2026-01-07 13:54:00,27.238999073204408,77.4617951275168,2,50.825167824289025,13,1,0,normal
2026-01-07 13:55:00,40.18973184346149,79.39216424709602,0,38.644647972158644,13,1,0,normal
2026-01-07 13:56:00,41.630101507000184,98.06001695128477,0,44.56335614692335,13,1,0,normal
2026-01-07 13:57:00,49.544774453027514,73.14508942165311,0,45.39847797091718,13,1,0,normal
2026-01-07 13:58:00,40.72380856536073,76.21815261841886,0,47.69056136318248,13,1,0,normal
2026-01-07 13:59:00,46.264150776654276,80.32959943944824,0,36.2858293457623,13,1,0,normal
2026-01-07 14:00:00,43.503022489234354,52.400116258795514,1,41.122172037076794,14,1,0,normal
2026-01-07 14:01:00,37.38851081796899,76.00904516356995,1,48.95740158569524,14,2,0,normal
2026-01-07 14:02:00,31.546235519247766,42.71307631570725,1,50.95365379665847,14,1,0,normal
2026-01-07 14:03:00,41.650013789750865,71.21717657156391,0,46.379759457509344,14,1,0,normal
2026-01-07 14:04:00,31.047387897127816,92.82783580089242,0,42.2543187280367,14,1,0,normal
2026-01-07 14:05:00,47.771242436017864,86.70899837376604,1,45.75109722406232,14,1,0,normal
2026-01-07 14:06:00,39.027627387779056,71.07769534318885,0,51.741517355767456,14,1,0,normal
2026-01-07 14:07:00,47.1710644690685,80.61197327335718,1,46.6125807496975,14,1,0,normal
2026-01-07 14:08:00,37.1187133952056,63.87515649304392,0,35.55570888073123,14,2,0,normal
2026-01-07 14:09:00,41.61310471840595,79.9648489527572,0,36.008287211016125,14,2,0,normal
2026-01-07 14:10:00,41.25609314400813,123.95480428238764,30,45.29301109746829,4,3,1,brute_force_login
2026-01-07 14:11:00,39.72973529193445,107.68701980557897,0,31.72836115620936,14,3,0,normal
2026-01-07 14:12:00,37.404042919620444,80.78933195025891,0,51.33896659301877,14,3,0,normal
2026-01-07 14:13:00,42.35473611082312,82.40216247373061,0,37.577055883592735,14,1,0,normal
2026-01-07 14:14:00,34.44302041910075,65.30652028048173,0,35.7504877992891,14,1,0,normal
2026-01-07 14:15:00,32.74338802624565,67.97316338073425,0,58.503469920472874,14,2,0,normal
2026-01-07 14:16:00,47.456961359960964,85.43276483157041,0,40.909853069737466,14,1,0,normal
2026-01-07 14:17:00,44.363007933352606,72.12661151545272,1,47.26718433989939,14,1,0,normal
2026-01-07 14:18:00,40.39534965161344,93.56224392277373,1,49.78969152012055,14,1,0,normal
2026-01-07 14:19:00,49.99085429526269,103.54528521466636,0,56.61388783015208,14,2,0,normal
2026-01-07 14:20:00,38.39340688765093,84.98931177171558,0,40.256850657636036,14,2,0,normal
2026-01-07 14:21:00,47.936219319933876,81.5260580875989,0,46.417300846681556,14,1,0,normal
2026-01-07 14:22:00,41.05344450955493,54.788305626340225,0,44.045345674003734,14,2,0,normal
2026-01-07 14:23:00,33.851495499541656,91.21415367908075,0,64.18655276064806,14,1,0,normal
2026-01-07 14:24:00,51.088241150625095,62.84493047691413,1,28.82160870523627,14,1,0,normal
2026-01-07 14:25:00,45.94426507974451,73.72986307049871,0,43.716102529168815,14,1,0,normal
2026-01-07 14:26:00,39.273873813942615,94.39363838577702,1,44.860578832012884,14,1,0,normal
2026-01-07 14:27:00,44.363027557203694,95.44637246463549,0,44.11263262188318,14,3,0,normal
2026-01-07 14:28:00,37.57777939601256,73.00238708974824,0,33.44232852012979,14,1,0,normal
2026-01-07 14:29:00,44.97489421035725,73.86626697620021,0,30.16505250424738,14,4,0,normal
2026-01-07 14:30:00,25.65352860829624,69.51021690114992,0,32.6727117233912,14,1,0,normal
2026-01-07 14:31:00,33.88119199783244,62.03219382011134,0,51.89967656546608,14,3,0,normal
2026-01-07 14:32:00,45.87555846572178,70.47806776843638,0,44.864597119502946,14,1,0,normal
2026-01-07 14:33:00,38.50206677068648,55.80304971627967,1,30.92605743358496,14,1,0,normal
2026-01-07 14:34:00,41.24525376933245,90.24593872262398,0,56.45459064388433,14,4,0,normal
2026-01-07 14:35:00,31.919286027307393,85.91785407742813,0,60.7060136426109,14,1,0,normal
2026-01-07 14:36:00,51.08720197421262,88.40793927305769,1,47.40952528084277,14,4,0,normal
2026-01-07 14:37:00,47.14317786230606,65.68393924137285,0,48.41666619828032,14,1,0,normal
2026-01-07 14:38:00,38.79588868974802,62.07394154727416,0,45.711125127212014,14,1,0,normal
2026-01-07 14:39:00,37.571824858820044,80.8027141147034,0,39.983112498529536,14,2,0,normal
2026-01-07 14:40:00,46.17762616851816,80.96153847425337,0,30.35756584644859,14,1,0,normal
2026-01-07 14:41:00,51.89482270101357,77.79095258730582,0,36.339249889409345,14,1,0,normal
2026-01-07 14:42:00,99.2952373995173,75.65775096218226,0,44.565601889096826,14,1,1,crypto_mining
2026-01-07 14:43:00,53.030816004379616,105.6616366654158,1,49.603928233161355,14,2,0,normal
2026-01-07 14:44:00,34.46589202562849,86.39037517689468,1,43.14406261079002,14,1,0,normal
2026-01-07 14:45:00,35.083679017007256,109.56017587199736,0,44.240687453917445,14,1,0,normal
2026-01-07 14:46:00,32.86635329167991,99.0344753814745,2,45.35258339331979,14,1,0,normal
2026-01-07 14:47:00,42.65056389789687,105.54906389026017,0,45.8481843509325,14,1,0,normal
2026-01-07 14:48:00,41.05362129882622,63.88305850465997,1,40.305047262748225,14,1,0,normal
2026-01-07 14:49:00,39.08829325916808,88.89756486497045,0,48.30385488724212,14,1,0,normal
2026-01-07 14:50:00,44.855551768739794,73.5235176650994,0,36.10196588847084,14,1,0,normal
2026-01-07 14:51:00,47.39397163128798,55.049199329607006,0,47.45208522525411,14,1,0,normal
2026-01-07 14:52:00,30.846025544278948,102.4400475433329,0,32.853380118458105,14,1,0,normal
2026-01-07 14:53:00,36.418167832593305,75.59461211441557,1,35.448434407732144,14,1,0,normal
2026-01-07 14:54:00,44.92086156473836,64.17347554599974,1,283.3076151577369,14,8,1,credential_stuffing
2026-01-07 14:55:00,37.193567896848506,73.7815420512696,0,46.556270659168504,14,1,0,normal
2026-01-07 14:56:00,35.21076354185107,68.05663815839272,0,46.88664329818062,14,1,0,normal
2026-01-07 14:57:00,46.11122456590237,69.59453048575,1,38.19464629024717,14,1,0,normal
2026-01-07 14:58:00,32.26299958165612,76.67594914726025,0,33.65079956756781,14,1,0,normal
2026-01-07 14:59:00,38.19052115325337,105.96222789567113,2,54.648076254882696,14,1,0,normal
2026-01-07 15:00:00,41.97186415482885,70.00524175183061,1,45.53376241386806,15,1,0,normal
2026-01-07 15:01:00,36.55708051653929,104.88905996328786,0,43.90227229167939,15,1,0,normal
2026-01-07 15:02:00,44.69893393607905,92.73255193969283,0,47.912540089262656,15,1,0,normal
2026-01-07 15:03:00,36.58673814881578,85.94407345379129,0,37.36838930479703,15,1,0,normal
2026-01-07 15:04:00,48.45171696067551,91.22180048377813,0,53.56736652795622,15,2,0,normal
2026-01-07 15:05:00,39.24552221502537,80.20483495756186,0,49.608234068589205,15,1,0,normal
2026-01-07 15:06:00,44.02762082023212,99.29075155795138,0,42.73315759929185,15,3,0,normal
2026-01-07 15:07:00,44.476143717896896,88.50470394900651,1,44.50238428051582,15,1,0,normal
2026-01-07 15:08:00,36.23475998353556,55.03001022461731,0,43.0820978590773,15,2,0,normal
2026-01-07 15:09:00,27.679080708064667,84.44377897834947,2,55.66585299955688,15,1,0,normal
2026-01-07 15:10:00,42.16453452798301,91.75959714488923,2,48.45019481189452,15,1,0,normal
2026-01-07 15:11:00,40.433730082749214,75.66498172098174,1,49.33910434720502,15,2,0,normal
2026-01-07 15:12:00,43.33495616545076,81.893838090709,0,45.55336475636565,15,1,0,normal
2026-01-07 15:13:00,38.640835165702974,70.80713007988389,1,44.99812385549683,15,1,0,normal
2026-01-07 15:14:00,37.41743380719571,59.3356151590466,0,60.032812234528684,15,1,0,normal
2026-01-07 15:15:00,52.0508380658902,56.7443469360314,0,42.09870309515674,15,3,0,normal
2026-01-07 15:16:00,31.165875630935332,56.94398019396705,0,46.754596961034025,15,1,0,normal
2026-01-07 15:17:00,44.40370287018543,90.03567113705799,0,61.49094845714224,15,1,0,normal
2026-01-07 15:18:00,36.55238885089965,42.64577437435507,0,55.61611837781057,15,2,0,normal
2026-01-07 15:19:00,37.985328293557465,70.00280109554778,0,48.03436766642116,15,3,0,normal
2026-01-07 15:20:00,38.09738300455621,68.51520072131933,1,32.921985240515156,15,1,0,normal
2026-01-07 15:21:00,35.17939435497246,75.76760696018803,0,62.35038518407846,15,1,0,normal
2026-01-07 15:22:00,43.427345261417436,52.15352675095696,0,43.07634620073149,15,1,0,normal
2026-01-07 15:23:00,48.34386157569975,86.05832142110928,0,45.67125217032801,15,1,0,normal
2026-01-07 15:24:00,42.82008196747997,60.90257908760152,0,53.25451748946632,15,1,0,normal
2026-01-07 15:25:00,40.62029197727257,96.98608311063904,0,43.351821063252956,15,1,0,normal
2026-01-07 15:26:00,34.08135700540452,70.67351468616752,0,46.70146610442973,15,1,0,normal
2026-01-07 15:27:00,43.10095159494671,78.5658046488212,0,45.51587255256868,15,1,0,normal
2026-01-07 15:28:00,52.93809779037579,80.0566078483281,0,42.09124684805745,15,3,0,normal
2026-01-07 15:29:00,37.715832257229444,83.66361579290859,0,47.810620040562675,15,1,0,normal
2026-01-07 15:30:00,37.7440985238888,80.55521566244214,0,39.927481943662954,15,1,0,normal
2026-01-07 15:31:00,36.63346521411402,73.59334176901052,0,35.908778705788954,15,2,0,normal
2026-01-07 15:32:00,37.063514593033474,85.14572796041065,1,49.32665539489297,15,2,0,normal
2026-01-07 15:33:00,23.528202677965695,86.99220695742432,1,55.01377378305685,15,5,0,normal
2026-01-07 15:34:00,42.43021231513428,68.52297999335569,0,39.05976395784365,15,1,0,normal
2026-01-07 15:35:00,34.92668694187232,86.39551728460336,0,40.78662010839213,15,1,0,normal
2026-01-07 15:36:00,30.338421287249197,97.87580453602544,1,45.038685994522055,15,1,0,normal
2026-01-07 15:37:00,44.51913969839529,90.5884129415683,0,45.04741035758788,15,1,0,normal
2026-01-07 15:38:00,33.50789328974838,93.9856286247078,0,29.22262881492661,15,1,0,normal
2026-01-07 15:39:00,37.96798567669745,82.57881273361168,0,41.608133352882156,15,1,0,normal
2026-01-07 15:40:00,48.79865434713148,65.95774330887681,1,59.361869913992344,15,1,0,normal
2026-01-07 15:41:00,31.54470521185292,67.85533310444532,0,56.179543256869444,15,1,0,normal
2026-01-07 15:42:00,30.804410592413426,84.79831951781617,0,58.634377738556644,15,2,0,normal
2026-01-07 15:43:00,41.61583713737403,94.14145587728466,0,49.940894847783724,15,2,0,normal
2026-01-07 15:44:00,46.896924184062215,121.78867870991084,1,40.744460996669794,15,2,0,normal
2026-01-07 15:45:00,30.553949693608224,94.72732916657905,1,47.05121334149618,15,1,0,normal
2026-01-07 15:46:00,42.446138421023065,62.44346363753747,0,49.78727816350498,15,1,0,normal
2026-01-07 15:47:00,43.48599723977015,68.49091141460026,0,42.36632845195354,15,2,0,normal
2026-01-07 15:48:00,27.645037097846078,114.17775973933998,1,31.204129450559325,15,2,0,normal
2026-01-07 15:49:00,44.79100802744332,76.78416602034832,1,52.243678461593014,15,1,0,normal
2026-01-07 15:50:00,45.25963527905308,80.71271952141933,0,41.41158989476057,15,3,0,normal
2026-01-07 15:51:00,38.129286560463854,65.59374619386156,0,50.01116039754903,15,1,0,normal
2026-01-07 15:52:00,47.51407817378805,103.47655108361366,0,32.351392790618696,15,1,0,normal
2026-01-07 15:53:00,46.81873344594907,87.50499810980938,0,39.86695086797418,15,1,0,normal
2026-01-07 15:54:00,40.61870755430323,68.38097978172033,0,48.10346074527157,15,1,0,normal
2026-01-07 15:55:00,37.2913276580504,65.09262066714093,0,50.04830058545863,15,1,0,normal
2026-01-07 15:56:00,34.16303264450226,84.60805918846808,0,50.98848557858317,15,1,0,normal
2026-01-07 15:57:00,39.77461894380285,80.6630926232068,0,44.44902221897286,15,1,0,normal
2026-01-07 15:58:00,43.418553518225075,92.48165325831691,0,46.54272657792348,15,1,0,normal
2026-01-07 15:59:00,38.054938833756154,88.204527096908,0,48.11750545787627,15,2,0,normal
2026-01-07 16:00:00,26.81499396842782,76.03279476847067,0,47.557451414949135,16,1,0,normal
2026-01-07 16:01:00,47.612283367459426,71.84297606807951,0,49.56944440883212,16,2,0,normal
2026-01-07 16:02:00,41.14133933106936,77.60086777551749,0,35.79021044268568,16,1,0,normal
2026-01-07 16:03:00,37.722253019939,71.73978730014856,1,59.90594930415868,16,1,0,normal
2026-01-07 16:04:00,45.14295033053973,78.04706700792858,0,43.52626655105873,16,2,0,normal
2026-01-07 16:05:00,49.147831578896536,80.24661392929073,0,44.240816883749325,16,2,0,normal
2026-01-07 16:06:00,23.18853058307265,66.53103659929914,1,42.67168879714287,16,2,0,normal
2026-01-07 16:07:00,42.60558189953243,89.4601979314682,1,226.58713608160144,16,18,1,credential_stuffing
2026-01-07 16:08:00,31.440104735137915,74.44358428295494,0,33.46114330440075,16,3,0,normal
2026-01-07 16:09:00,42.99466304079365,67.37173474571985,0,41.10173081757232,16,1,0,normal
2026-01-07 16:10:00,40.767563214247474,74.72588857577198,0,29.7351371458726,16,1,0,normal
2026-01-07 16:11:00,43.8143591586433,83.6338723493043,0,41.25641745308599,16,1,0,normal
2026-01-07 16:12:00,37.00451431303207,81.24557299719955,0,46.26260629403414,16,1,0,normal
2026-01-07 16:13:00,28.76055932908509,86.33177172356693,1,49.5559386214367,16,1,0,normal
2026-01-07 16:14:00,37.29779085245999,93.47519187613294,0,44.526086725204166,16,1,0,normal
2026-01-07 16:15:00,42.4410858108387,99.57410306012049,1,47.2878887986594,16,1,0,normal
2026-01-07 16:16:00,46.09235397205134,84.2822924403208,0,31.51253562941497,16,1,0,normal
2026-01-07 16:17:00,32.96901219716485,63.958964191467544,0,46.24737153864761,16,1,0,normal
2026-01-07 16:18:00,46.162362561238105,75.96333796204549,0,55.05650068663813,16,2,0,normal
2026-01-07 16:19:00,36.11276626212087,64.93522423425487,0,48.710476103011985,16,2,0,normal
2026-01-07 16:20:00,42.17469928956716,105.45281110568422,0,39.028619152368435,16,4,0,normal
2026-01-07 16:21:00,36.9406362828062,109.81101323790745,0,46.35239490613111,16,1,0,normal
2026-01-07 16:22:00,41.09302376627261,89.75466796244514,0,55.91888308671557,16,1,0,normal
2026-01-07 16:23:00,45.35126580742165,92.87688263958546,0,49.556232320124316,16,1,0,normal
2026-01-07 16:24:00,32.637915536268785,83.7641478985499,0,49.774121267732895,16,1,0,normal
2026-01-07 16:25:00,35.92056461951901,85.49083873191186,0,38.71036816585334,16,1,0,normal
2026-01-07 16:26:00,41.10977552405252,56.03818672506316,0,42.10082888136291,16,1,0,normal
2026-01-07 16:27:00,54.40950196618211,78.89101452114635,0,44.450857355743416,16,2,0,normal
2026-01-07 16:28:00,34.820861726999034,66.7827040648061,0,59.455264718213236,16,1,0,normal
2026-01-07 16:29:00,52.24080331598151,84.22034806307555,2,37.6995554019913,16,1,0,normal
2026-01-07 16:30:00,52.02653982205102,79.10585231917199,0,47.07706440385805,16,1,0,normal
2026-01-07 16:31:00,39.41613309579045,109.20232943519171,0,50.3856451826914,16,2,0,normal
2026-01-07 16:32:00,38.211084842800595,93.74941533084262,0,50.93418377144463,16,1,0,normal
2026-01-07 16:33:00,35.84760880801185,84.26767973782468,0,43.01245803275334,16,1,0,normal
2026-01-07 16:34:00,39.59078481800398,75.99590469290561,0,42.391142459771196,16,1,0,normal
2026-01-07 16:35:00,31.55968340464265,105.14032188139895,0,60.420731146085615,16,1,0,normal
2026-01-07 16:36:00,39.54256589607641,79.55068030810206,1,42.85496082761313,16,2,0,normal
2026-01-07 16:37:00,48.981281643105135,84.97510942452917,0,41.653725497660574,16,1,0,normal
2026-01-07 16:38:00,36.33348962513969,80.63374406640253,26,52.43326179121805,4,1,1,brute_force_login
2026-01-07 16:39:00,38.555654176065694,73.93769141439016,0,46.027048801578424,16,1,0,normal
2026-01-07 16:40:00,29.79315715439655,80.5475933357828,0,34.593605894442405,16,1,0,normal
2026-01-07 16:41:00,42.24437252878626,50.57049723982526,0,52.83600587354244,16,1,0,normal
2026-01-07 16:42:00,41.58689010970824,56.784403981382184,2,41.81835169587085,16,1,0,normal
2026-01-07 16:43:00,40.38221415859463,85.24445812504442,1,41.731953024901244,16,1,0,normal
2026-01-07 16:44:00,38.69903769866714,103.5229953579123,0,66.28180671918678,16,1,0,normal
2026-01-07 16:45:00,38.243452487365275,85.22331656216254,0,43.12280982695814,16,1,0,normal
2026-01-07 16:46:00,43.01140140220403,69.19446717655019,0,45.538723014614995,16,1,0,normal
2026-01-07 16:47:00,39.82710039046826,58.357193688989966,0,52.305596919272645,16,1,0,normal
2026-01-07 16:48:00,41.889831229331996,91.76790890713458,0,37.54336753678755,16,1,0,normal
2026-01-07 16:49:00,41.289896904727286,71.49207273477349,0,49.46662716275279,16,1,0,normal
2026-01-07 16:50:00,46.74056372257457,89.6485312782884,0,52.392271833855375,16,1,0,normal
2026-01-07 16:51:00,44.061964584250326,85.84797737098576,0,55.61213518265657,16,2,0,normal
2026-01-07 16:52:00,41.15717105890114,87.17450588382034,0,50.275411830222325,16,1,0,normal
2026-01-07 16:53:00,49.11053218391308,80.50402561030334,0,36.16023784875149,16,1,0,normal
2026-01-07 16:54:00,42.52161117433937,85.75466577454462,0,48.49013841255549,16,2,0,normal
2026-01-07 16:55:00,47.82977613274251,78.20818398115497,0,34.239617022950725,16,1,0,normal
2026-01-07 16:56:00,43.64165565031983,70.47040198447695,0,54.84024915667185,16,1,0,normal
2026-01-07 16:57:00,28.948485526410742,65.54751409225923,0,53.59332032002842,16,3,0,normal
2026-01-07 16:58:00,47.82900857991598,44.22486803043532,0,46.797749956447376,16,1,0,normal
2026-01-07 16:59:00,40.81105744805601,77.28335656393236,0,46.4723726297496,16,1,0,normal
2026-01-07 17:00:00,39.68827137459533,102.79067274427929,1,44.93933403022177,17,1,0,normal
2026-01-07 17:01:00,41.688090084937464,90.95120138806396,0,44.78766491030591,17,1,0,normal
2026-01-07 17:02:00,37.930101028257596,83.41563677713937,0,52.74263048536835,17,2,0,normal
2026-01-07 17:03:00,41.36217316233367,68.98992508566273,1,42.508634718818186,17,1,0,normal
2026-01-07 17:04:00,36.448743601941445,94.96008838638616,0,62.53441764971955,17,1,0,normal
2026-01-07 17:05:00,47.645633552406224,78.21036032295463,1,46.38451969041809,17,1,0,normal
2026-01-07 17:06:00,39.3184713182737,103.62401470683588,0,54.93221653473745,17,2,0,normal
2026-01-07 17:07:00,37.7044969436654,65.28369105057978,0,31.760596473222378,17,2,0,normal
2026-01-07 17:08:00,34.45044510568436,68.75045708041016,2,40.382047772636,17,1,0,normal
2026-01-07 17:09:00,41.61265473489185,67.29095083670558,0,52.33116627861954,17,1,0,normal
2026-01-07 17:10:00,41.12264260075055,57.7682244434898,0,47.58157250289189,17,4,0,normal
2026-01-07 17:11:00,42.33054768206504,65.94432972212357,0,45.22748200496269,17,2,0,normal
2026-01-07 17:12:00,33.836488674969225,81.54824389648877,0,53.477085793014965,17,4,0,normal
2026-01-07 17:13:00,30.392912807130564,69.31698462724059,0,61.96274432776483,17,1,0,normal
2026-01-07 17:14:00,43.75354781503936,22.15437006139105,0,35.75417296747568,17,1,0,normal
2026-01-07 17:15:00,48.90785117125905,96.11409946130183,1,53.00714921084149,17,2,0,normal
2026-01-07 17:16:00,33.841878265660625,54.73859405978892,0,41.46120723958924,17,1,0,normal
2026-01-07 17:17:00,49.53664770137019,88.83842427329955,1,51.83860263816864,17,2,0,normal
2026-01-07 17:18:00,41.70346635241829,80.46821884504347,1,41.36763193916018,17,1,0,normal
2026-01-07 17:19:00,39.95762257269502,111.76059224630514,0,49.23500017635027,17,1,0,normal
2026-01-07 17:20:00,37.61470782072533,94.9543622228393,1,49.96213215236296,17,2,0,normal
2026-01-07 17:21:00,31.69289188345002,72.43093106772538,0,39.42792511501548,17,1,0,normal
2026-01-07 17:22:00,45.926371095547594,69.46904656467032,0,41.19853446767363,17,1,0,normal
2026-01-07 17:23:00,35.34636183137438,102.54091521198927,0,43.48826704089673,17,1,0,normal
2026-01-07 17:24:00,35.3211599455744,57.86193354347883,0,31.997840027070573,17,1,0,normal
2026-01-07 17:25:00,45.951557859321724,82.86319903878062,0,48.6298565632381,17,1,0,normal
2026-01-07 17:26:00,28.70209931996964,78.03319305125493,1,56.78215543105532,17,2,0,normal
2026-01-07 17:27:00,30.858413135991,74.85160896942986,1,34.92634162134108,17,1,0,normal
2026-01-07 17:28:00,39.89119453895151,85.30270976672638,0,50.26547072622804,17,1,0,normal
2026-01-07 17:29:00,41.75970657402911,82.84339790763013,1,47.744680329295086,17,2,0,normal
2026-01-07 17:30:00,42.908407887813546,86.86101114187616,0,39.486056695071625,17,2,0,normal
2026-01-07 17:31:00,38.18920903962248,82.08463478544925,0,61.3272032107932,17,2,0,normal
2026-01-07 17:32:00,55.18221801185014,86.26522107525872,0,54.20436241095462,17,4,0,normal
2026-01-07 17:33:00,38.632644647404994,81.40047789397391,0,54.90837288022627,17,2,0,normal
2026-01-07 17:34:00,38.615283087383666,70.10859669175528,0,45.3240779813184,17,1,0,normal
2026-01-07 17:35:00,35.21807998711674,80.06001890354894,0,32.90044881801455,17,1,0,normal
2026-01-07 17:36:00,40.743440899126426,69.2842016044397,0,46.369919797028516,17,1,0,normal
2026-01-07 17:37:00,43.68976739228065,68.29435092903725,1,43.998500238758126,17,1,0,normal
2026-01-07 17:38:00,47.22146832720076,74.95774995923372,0,53.17483906324852,17,1,0,normal
2026-01-07 17:39:00,31.06429441335869,78.20865258896237,0,40.26916518881251,17,1,0,normal
2026-01-07 17:40:00,38.5240279698658,80.52837959521716,0,55.674842169696674,17,4,0,normal
2026-01-07 17:41:00,42.68022166485486,93.74568241044996,0,40.03070873185959,17,1,0,normal
2026-01-07 17:42:00,43.52234520756721,72.52303876188735,0,50.64634996087301,17,1,0,normal
2026-01-07 17:43:00,40.039291946827234,82.9527788971223,0,39.025150810097244,17,1,0,normal
2026-01-07 17:44:00,43.25454381719261,81.77041570915728,0,44.694500323071786,17,1,0,normal
2026-01-07 17:45:00,35.1462166424452,70.87057568800903,0,34.33805725792905,17,1,0,normal
2026-01-07 17:46:00,49.34743259391014,81.10611179309818,1,45.58210589397451,17,2,0,normal
2026-01-07 17:47:00,45.95576861787658,95.0408212276597,0,36.93814977225327,17,1,0,normal
2026-01-07 17:48:00,31.930433277608966,82.797593253251,1,49.43968101003137,17,1,0,normal
2026-01-07 17:49:00,33.54938171129947,83.39875893540962,0,50.57185047873147,17,1,0,normal
2026-01-07 17:50:00,33.71846949935856,69.42007503586,0,44.90897537813574,17,2,0,normal
2026-01-07 17:51:00,44.06781982537917,109.53288276807314,0,39.77195901530615,17,1,0,normal
2026-01-07 17:52:00,32.2916334014952,70.27465444516248,0,48.24060208241944,17,1,0,normal
2026-01-07 17:53:00,38.013853994751514,54.983248091787836,0,246.06524955761358,17,8,1,credential_stuffing
2026-01-07 17:54:00,42.72822637850064,92.90276180327115,0,43.64085809921896,17,1,0,normal
2026-01-07 17:55:00,39.60300439272139,78.27774440527361,1,41.564117053122786,17,1,0,normal
2026-01-07 17:56:00,41.55332509427623,75.45437268579387,0,34.91876318950348,17,1,0,normal
2026-01-07 17:57:00,33.60518373190745,71.81669329382709,0,46.742686410566186,17,1,0,normal
2026-01-07 17:58:00,43.56912624038347,108.07571936473757,0,53.4799947362763,17,1,0,normal
2026-01-07 17:59:00,36.32072864514402,85.31885417907024,16,56.439906628503834,2,2,1,brute_force_login
2026-01-07 18:00:00,38.05228195361235,88.24626832467627,1,46.89849981271089,18,1,0,normal
2026-01-07 18:01:00,41.426390367435914,82.43923435373401,1,33.79102597332443,18,1,0,normal
2026-01-07 18:02:00,40.61846932918509,84.05074420167794,0,41.23975310180689,18,1,0,normal
2026-01-07 18:03:00,40.143880114093555,100.97936915839122,0,54.364127420413375,18,2,0,normal
2026-01-07 18:04:00,35.49623906813947,76.23718008158457,0,51.576897315409205,18,2,0,normal
2026-01-07 18:05:00,38.20270353280485,58.14593681718905,0,36.73025259253224,18,2,0,normal
2026-01-07 18:06:00,40.01310154502222,93.02081981341665,0,60.813265065339245,18,1,0,normal
2026-01-07 18:07:00,31.74948860099749,87.45052418363588,0,36.3412503212882,18,2,0,normal
2026-01-07 18:08:00,37.224802202119726,81.61969719327564,0,41.885189979597186,18,1,0,normal
2026-01-07 18:09:00,42.32607927419708,87.0612986232168,0,49.02465385453637,18,1,0,normal
2026-01-07 18:10:00,32.335380376927944,74.43883669558738,0,44.364469312752945,18,1,0,normal
2026-01-07 18:11:00,46.93948990956544,80.3103887428139,0,42.39972579972492,18,1,0,normal
2026-01-07 18:12:00,47.617679575599055,78.02449619210135,0,45.108245267600346,18,1,0,normal
2026-01-07 18:13:00,32.529096544239486,71.12767614393624,0,53.203287413047306,18,1,0,normal
2026-01-07 18:14:00,48.145717798300836,97.83759174657504,1,60.38436654256696,18,1,0,normal
2026-01-07 18:15:00,39.138510467727194,58.81612058873299,2,47.42800208180293,18,1,0,normal
2026-01-07 18:16:00,42.511087354942326,115.41323257719449,0,39.97083099307921,18,1,0,normal
2026-01-07 18:17:00,37.02009368723052,93.16043313809713,1,45.8411677797224,18,1,0,normal
2026-01-07 18:18:00,45.53826896336057,53.330366979464735,0,60.79563688702977,18,1,0,normal
2026-01-07 18:19:00,42.436564113092004,544.4501295001389,2,51.497241847678815,18,1,1,data_exfiltration
2026-01-07 18:20:00,35.115080460414376,77.47181126144663,1,55.7162480342614,18,2,0,normal
2026-01-07 18:21:00,33.00878800020827,85.87829943413169,0,51.64512498096963,18,3,0,normal
2026-01-07 18:22:00,31.238185388744665,65.1593259389042,0,52.52527386958606,18,2,0,normal
2026-01-07 18:23:00,41.12765065859654,80.48038015052326,0,45.374708771701435,18,2,0,normal
2026-01-07 18:24:00,43.43482847067841,78.18320902816029,1,56.52645982312036,18,1,0,normal
2026-01-07 18:25:00,43.90579407267665,68.93572456139842,0,22.348625916138747,18,1,0,normal
2026-01-07 18:26:00,39.292113432355734,66.84871652793151,1,49.55228664326697,18,4,0,normal
2026-01-07 18:27:00,33.05802126601382,93.78206970053536,0,48.829226351820225,18,1,0,normal
2026-01-07 18:28:00,35.9075512118573,54.551261899361094,0,38.054598043245896,18,2,0,normal
2026-01-07 18:29:00,46.91409183377155,87.16818404144077,0,47.7579125965257,18,1,0,normal
2026-01-07 18:30:00,37.09222861239951,91.96265460317186,1,49.7572977969463,18,1,0,normal
2026-01-07 18:31:00,40.86050578408886,76.72162492492376,0,31.14682902272116,18,2,0,normal
2026-01-07 18:32:00,33.546097098550675,80.78559259587495,0,47.91791051763671,18,2,0,normal
2026-01-07 18:33:00,42.01949827275421,97.45242499546072,0,55.398579554704895,18,1,0,normal
2026-01-07 18:34:00,37.25389262992553,69.42722733913915,0,58.46329218716037,18,2,0,normal
2026-01-07 18:35:00,46.28027628265458,70.97521356666314,0,50.02740339840053,18,1,0,normal
2026-01-07 18:36:00,44.64134623724088,72.56774478351038,0,44.348023741833934,18,2,0,normal
2026-01-07 18:37:00,37.0257643205506,97.47988398834923,0,52.81817681306459,18,2,0,normal
2026-01-07 18:38:00,39.24001583591402,99.38440620327061,0,38.30617174742941,18,1,0,normal
2026-01-07 18:39:00,36.693302559756226,59.06164648304571,0,51.37025367774144,18,1,0,normal
2026-01-07 18:40:00,31.48340082072994,95.09361120967455,0,44.72560785109501,18,1,0,normal
2026-01-07 18:41:00,34.8553454227167,92.28362459520926,1,54.535637225871525,18,1,0,normal
2026-01-07 18:42:00,41.18930396632492,103.30392215674742,0,41.2915895926685,18,1,0,normal
2026-01-07 18:43:00,41.951556989377494,85.77662048189569,2,58.84137644617312,18,1,0,normal
2026-01-07 18:44:00,40.89128742155583,79.33609819582135,0,54.804985148958025,18,3,0,normal
2026-01-07 18:45:00,38.18960167624819,97.17825029857488,0,48.03554792165116,18,1,0,normal
2026-01-07 18:46:00,45.598399634325915,90.48355687252648,1,47.379773974766266,18,1,0,normal
2026-01-07 18:47:00,40.381251427365626,113.6734762122309,1,58.73568689423539,18,1,0,normal
2026-01-07 18:48:00,44.21952296857568,94.38061767442741,0,62.34282413805339,18,1,0,normal
2026-01-07 18:49:00,29.35734920678489,82.30321964635873,1,42.38126325152115,18,1,0,normal
2026-01-07 18:50:00,16.465598490289945,62.38843429435743,0,42.71114764608736,18,1,0,normal
2026-01-07 18:51:00,41.70272816702848,71.28624234208823,1,55.577665724018104,18,3,0,normal
2026-01-07 18:52:00,31.451406077671063,58.46067532957976,0,26.302491316367888,18,1,0,normal
2026-01-07 18:53:00,38.725289783721664,76.77406945908706,0,24.73165547031245,18,1,0,normal
2026-01-07 18:54:00,38.187417753852365,93.89101389849267,0,39.218509830226736,18,2,0,normal
2026-01-07 18:55:00,49.524403614493224,79.94493367279226,0,47.78318343252999,18,1,0,normal
2026-01-07 18:56:00,42.39997931766164,95.32587903140109,0,36.48424517256324,18,3,0,normal
2026-01-07 18:57:00,40.99515416079203,85.0636060015852,0,35.34369923061765,18,1,0,normal
2026-01-07 18:58:00,45.02194692780204,73.95361565368985,0,170.24262795039112,18,19,1,credential_stuffing
2026-01-07 18:59:00,42.21098552103423,81.31437732754947,0,56.300586226747264,18,1,0,normal
2026-01-07 19:00:00,22.2539380420694,57.08145036582644,1,17.257847536046377,19,2,0,normal
2026-01-07 19:01:00,31.42885558152736,52.08835097695424,0,29.26536015821253,19,1,0,normal
2026-01-07 19:02:00,18.341499232670355,52.26026343277871,0,21.244018134632327,19,1,0,normal
2026-01-07 19:03:00,26.939483125201374,38.4642483861994,0,32.8088255606078,19,1,0,normal
2026-01-07 19:04:00,15.714581235182134,43.50535602136676,0,18.50364612218687,19,1,0,normal
2026-01-07 19:05:00,26.22366314509597,83.87691194231967,0,23.778165961263202,19,1,0,normal
2026-01-07 19:06:00,26.157937850637577,68.42699735635314,0,22.22295572794649,19,1,0,normal
2026-01-07 19:07:00,35.058729771487975,27.89238654785426,1,19.350550031311567,19,1,0,normal
2026-01-07 19:08:00,15.610156639349324,14.495465637404571,0,26.868594179217848,19,2,0,normal
2026-01-07 19:09:00,21.394676944877126,51.142886321730835,0,25.98554292507893,19,1,0,normal
2026-01-07 19:10:00,29.93609455944486,63.40209341638985,0,22.334389845152298,19,1,0,normal
2026-01-07 19:11:00,27.011903538383848,42.20087243866689,0,5.137189470735649,19,4,0,normal
2026-01-07 19:12:00,26.08183030802502,65.32488092296907,0,11.086240476221537,19,1,0,normal
2026-01-07 19:13:00,19.263185782248765,50.89481847510626,0,13.078569473208002,19,2,0,normal
2026-01-07 19:14:00,21.455089911451424,47.55408080409538,0,22.376678167928365,19,2,0,normal
2026-01-07 19:15:00,32.470246049339536,61.341727642627724,0,20.171717348800513,19,1,0,normal
2026-01-07 19:16:00,24.690944837476433,42.021863106465965,0,14.503181746874631,19,1,0,normal
2026-01-07 19:17:00,27.25215817686684,45.699405172945205,0,13.9076177437931,19,3,0,normal
2026-01-07 19:18:00,24.308870027341126,60.05250893195694,1,26.026104781424014,19,1,0,normal
2026-01-07 19:19:00,17.901486908501408,49.529060944009636,0,14.693453444672457,19,1,0,normal
2026-01-07 19:20:00,96.8213881083365,78.63164410066604,1,0.7233088788655131,19,1,1,crypto_mining
2026-01-07 19:21:00,28.01939430719498,60.407381192840276,0,21.753496012386453,19,1,0,normal
2026-01-07 19:22:00,38.83382102420313,59.432207424991425,0,16.1425126544176,19,1,0,normal
2026-01-07 19:23:00,18.90651172209673,49.25743030902398,0,26.54865989836231,19,2,0,normal
2026-01-07 19:24:00,29.935437527202883,63.121320150644095,0,14.443567786593754,19,1,0,normal
2026-01-07 19:25:00,17.130736203777992,45.160883407975305,0,18.595420222793692,19,2,0,normal
2026-01-07 19:26:00,25.944079406038465,54.23566626799273,1,22.6928829347706,19,1,0,normal
2026-01-07 19:27:00,30.859039534378987,36.255604294931594,0,2.890873478133294,19,1,0,normal
2026-01-07 19:28:00,12.567189303421078,65.59162088345887,0,15.619062111784341,19,1,0,normal
2026-01-07 19:29:00,23.770405154550353,54.35907045892688,0,14.239047388578665,19,1,0,normal
2026-01-07 19:30:00,21.620741595744278,79.73769595546815,0,16.578764430702133,19,3,0,normal
2026-01-07 19:31:00,20.78825621022927,85.88447575504637,0,16.252799562074628,19,1,0,normal
2026-01-07 19:32:00,27.311275913556123,61.44979177149722,0,20.363267743855978,19,1,0,normal
2026-01-07 19:33:00,31.72411423853557,51.02637966811855,0,21.85556472232082,19,1,0,normal
2026-01-07 19:34:00,24.200327708625068,35.809032318116465,0,25.38513599329236,19,1,0,normal
2026-01-07 19:35:00,26.232918565360123,63.57124704888236,0,24.42983483852053,19,1,0,normal
2026-01-07 19:36:00,25.685852518355485,53.154268458428426,0,29.87564430611588,19,1,0,normal
2026-01-07 19:37:00,25.010821038138484,58.07052258731693,0,28.114228469976972,19,1,0,normal
2026-01-07 19:38:00,18.463944173727363,75.94681081184365,0,31.480641307340797,19,1,0,normal
2026-01-07 19:39:00,31.650667610337358,37.633650670049796,1,30.167124696248912,19,1,0,normal
2026-01-07 19:40:00,26.771172208953015,36.135437472779955,1,16.227045346181637,19,1,0,normal
2026-01-07 19:41:00,27.369288940015466,46.4536109244398,0,17.910384207888356,19,1,0,normal
2026-01-07 19:42:00,20.160942225846505,62.31801724627735,0,18.514453719435664,19,3,0,normal
2026-01-07 19:43:00,22.244677612064557,58.32300860321732,2,29.778793365007218,19,1,0,normal
2026-01-07 19:44:00,23.94319481373533,36.56467232456341,0,18.55061038507611,19,2,0,normal
2026-01-07 19:45:00,15.795251839306891,61.34829351053724,1,26.68053084755311,19,1,0,normal
2026-01-07 19:46:00,14.871794048813932,31.981807716601057,0,5.370985979525027,19,1,0,normal
2026-01-07 19:47:00,21.395512416168593,37.433874884767135,0,3.7443568516301298,19,1,0,normal
2026-01-07 19:48:00,28.13512459865434,48.26814024216216,0,30.914116400126513,19,2,0,normal
2026-01-07 19:49:00,21.081175660420357,41.6985313103717,0,24.613496575476297,19,1,0,normal
2026-01-07 19:50:00,18.88716881445572,666.8669032372959,0,30.152928334039284,19,1,1,data_exfiltration
2026-01-07 19:51:00,20.111886080573978,54.29567724501642,2,8.400771298345981,19,1,0,normal
2026-01-07 19:52:00,22.267945461128125,76.4834176644089,0,22.04764848660194,19,1,0,normal
2026-01-07 19:53:00,22.876846223079376,46.29221951968378,0,8.784401390211464,19,2,0,normal
2026-01-07 19:54:00,37.993128713239344,48.16696773438885,0,27.857378902380354,19,2,0,normal
2026-01-07 19:55:00,31.32772377092391,68.15573913592644,0,20.941652352138423,19,1,0,normal
2026-01-07 19:56:00,31.14864467369037,48.636187953143065,0,19.75057723311354,19,1,0,normal
2026-01-07 19:57:00,32.01148218564029,72.4100787156132,0,27.720230909427283,19,2,0,normal
2026-01-07 19:58:00,19.007074783995705,58.112423155767374,0,19.98797460073231,19,2,0,normal
2026-01-07 19:59:00,17.665812310076564,14.708202951719613,0,19.723852040700937,19,1,0,normal
2026-01-07 20:00:00,18.35877825079566,67.66355621224196,0,9.147051743613043,20,3,0,normal
2026-01-07 20:01:00,33.007036800027024,63.69090219679713,1,31.524149597141722,20,1,0,normal
2026-01-07 20:02:00,21.716849266705054,687.5030486637643,0,21.63492041960077,20,1,1,data_exfiltration
2026-01-07 20:03:00,17.49186290656428,21.33532432182113,1,24.958193973886488,20,1,0,normal
2026-01-07 20:04:00,22.414022798681124,40.05515058093429,0,9.836242629835702,20,2,0,normal
2026-01-07 20:05:00,23.568366809712234,41.16942749664845,0,31.853973972534543,20,2,0,normal
2026-01-07 20:06:00,26.610479642167373,37.383179486594116,0,22.009541618507107,20,1,0,normal
2026-01-07 20:07:00,26.50570612427226,76.12883797840908,0,34.424975810209006,20,1,0,normal
2026-01-07 20:08:00,20.03091661675895,49.82348243264549,1,28.66011348645349,20,1,0,normal
2026-01-07 20:09:00,29.113938355082265,782.968896383806,0,1.075571258525624,20,1,1,data_exfiltration
2026-01-07 20:10:00,21.16483879749905,58.28012465473668,0,26.835593417975343,20,1,0,normal
2026-01-07 20:11:00,24.06234197976974,58.539525018340726,0,27.92878415509222,20,2,0,normal
2026-01-07 20:12:00,29.12064442302013,0.0,0,25.622426947938198,20,1,0,normal
2026-01-07 20:13:00,21.149071576333952,40.30463694275955,0,22.201609892305928,20,3,0,normal
2026-01-07 20:14:00,21.583891458513175,28.808171333130847,0,18.956987772434687,20,1,0,normal
2026-01-07 20:15:00,28.550008298158787,56.004591397322294,0,20.236080739013573,20,1,0,normal
2026-01-07 20:16:00,19.853600940369883,45.66661378498929,0,31.684778381483287,20,1,0,normal
2026-01-07 20:17:00,22.691247858375576,50.23081346751903,0,32.25621001678481,20,1,0,normal
2026-01-07 20:18:00,28.334453068257353,18.822203766642154,0,19.02256057214853,20,1,0,normal
2026-01-07 20:19:00,37.32455464861585,45.35221662964253,0,14.179422276350312,20,1,0,normal
2026-01-07 20:20:00,28.63242702857648,66.72695377749223,0,30.582201987400907,20,3,0,normal
2026-01-07 20:21:00,27.83583857794007,71.14174224653252,0,27.818687202599182,20,1,0,normal
2026-01-07 20:22:00,28.184809502036376,60.7829512931105,1,22.079191208338482,20,2,0,normal
2026-01-07 20:23:00,18.560858355597702,29.96802059827822,1,12.671174251886876,20,1,0,normal
2026-01-07 20:24:00,25.693580432079447,68.89102704488185,1,6.942541931180294,20,1,0,normal
2026-01-07 20:25:00,24.82140106998159,60.86003382500024,1,26.41930503978641,20,1,0,normal
2026-01-07 20:26:00,26.929507242236536,48.24216448903192,0,15.9183663363421,20,3,0,normal
2026-01-07 20:27:00,25.699048314855226,19.62445528235384,1,15.70914496321382,20,3,0,normal
2026-01-07 20:28:00,27.278198064502675,64.30392425993776,0,23.771740647274733,20,3,0,normal
2026-01-07 20:29:00,23.13119683060479,41.117505050249314,0,16.02889178228154,20,1,0,normal
2026-01-07 20:30:00,25.351653504230757,891.4226690837894,0,16.364041533807665,20,1,1,data_exfiltration
2026-01-07 20:31:00,17.633028603658047,51.025907909549936,0,14.573918791863692,20,1,0,normal
2026-01-07 20:32:00,23.080556331982518,73.07592476657418,2,25.6735707127509,20,1,0,normal
2026-01-07 20:33:00,33.34500128905986,48.11949521003737,0,12.477819834190251,20,1,0,normal
2026-01-07 20:34:00,26.912850037769534,49.773296148710784,0,8.218226691948713,20,1,0,normal
2026-01-07 20:35:00,24.87447377570154,73.67923085717945,0,12.397106541726194,20,1,0,normal
2026-01-07 20:36:00,36.37673965752608,40.126666343747175,0,31.52130627476235,20,5,0,normal
2026-01-07 20:37:00,16.834990130193525,62.21484277111666,0,15.356570759603208,20,1,0,normal
2026-01-07 20:38:00,18.34326666732268,47.02076415682304,0,23.935426099635748,20,1,0,normal
2026-01-07 20:39:00,35.27626846765764,34.96187056992606,1,17.52923554536779,20,1,0,normal
2026-01-07 20:40:00,25.275765616293604,50.017414800813086,0,18.422522993211555,20,1,0,normal
2026-01-07 20:41:00,23.544501782261236,60.375576704119815,0,30.99373233353662,20,1,0,normal
2026-01-07 20:42:00,17.80477404942614,70.30564759964767,0,21.012429488681672,20,1,0,normal
2026-01-07 20:43:00,27.686177598370072,72.12040978018524,0,33.33730427312893,20,1,0,normal
2026-01-07 20:44:00,28.266759217164775,45.57853888661701,0,35.5117733101904,20,1,0,normal
2026-01-07 20:45:00,18.433033834990624,35.1912615195168,0,32.673455158959285,20,1,0,normal
2026-01-07 20:46:00,24.15834648669743,45.21891650633781,1,15.841245246816442,20,2,0,normal
2026-01-07 20:47:00,22.986905007801603,32.27703870004767,1,21.408109552384982,20,1,0,normal
2026-01-07 20:48:00,26.535862878512628,46.73920700875242,0,31.86316663097945,20,1,0,normal
2026-01-07 20:49:00,18.284498546676136,44.87502074570362,1,195.69124403965094,20,12,1,credential_stuffing
2026-01-07 20:50:00,32.51168472707894,60.91235306235148,0,29.312204097014835,20,1,0,normal
2026-01-07 20:51:00,30.494942689585628,16.910972301284325,0,29.999927685621355,20,1,0,normal
2026-01-07 20:52:00,22.8209466476031,38.995880808700406,1,30.428041129971945,20,1,0,normal
2026-01-07 20:53:00,23.701487730169774,39.11722543337127,0,12.151640216408273,20,1,0,normal
2026-01-07 20:54:00,24.181467098334302,67.80690878612037,0,19.589168795639385,20,1,0,normal
2026-01-07 20:55:00,20.330148681960978,33.292334338984745,0,14.868859429640725,20,1,0,normal
2026-01-07 20:56:00,22.339423490589787,53.39986039473491,1,19.105894509899713,20,2,0,normal
2026-01-07 20:57:00,23.378377793952346,48.07807378370328,0,21.732628460446772,20,1,0,normal
2026-01-07 20:58:00,34.67721022424277,65.64563790254573,0,20.863205374749988,20,1,0,normal
2026-01-07 20:59:00,30.679709849982622,58.93747796765821,1,15.316563127192554,20,1,0,normal
2026-01-07 21:00:00,30.607928244019742,51.818655977305696,1,9.900362737118957,21,1,0,normal
2026-01-07 21:01:00,27.219553678026344,41.67999688117898,0,7.836751662128719,21,3,0,normal
2026-01-07 21:02:00,18.296037946412593,22.21486245335186,1,34.65500388417544,21,1,0,normal
2026-01-07 21:03:00,24.751053372535726,53.70628483531108,0,29.93847968783964,21,2,0,normal
2026-01-07 21:04:00,30.82293075768028,57.95734697794809,0,22.7523409320635,21,1,0,normal
2026-01-07 21:05:00,17.45041222379627,26.376985812880203,0,0.0,21,1,0,normal
2026-01-07 21:06:00,28.819319241239587,31.494587535071762,1,13.445288161924704,21,3,0,normal
2026-01-07 21:07:00,38.9356553515766,53.78494960057514,0,24.01424367024288,21,1,0,normal
2026-01-07 21:08:00,31.37089987593839,55.08712529311805,3,26.781177938035817,21,2,0,normal
2026-01-07 21:09:00,33.48417481337192,35.14029034861911,0,17.52110472418779,21,2,0,normal
2026-01-07 21:10:00,26.310032502652966,41.38902929647943,0,24.452177622140102,21,1,0,normal
2026-01-07 21:11:00,30.807591692589938,22.4526674214436,0,19.252695886451487,21,1,0,normal
2026-01-07 21:12:00,20.692880713875788,70.6589585571985,0,29.08965948066404,21,1,0,normal
2026-01-07 21:13:00,29.77518287404736,30.501883889473216,0,19.706075514319192,21,1,0,normal
2026-01-07 21:14:00,28.92632880436458,58.13389086872826,0,19.434579025776777,21,1,0,normal
2026-01-07 21:15:00,26.73946704422598,49.475589557699294,1,16.009701418591835,21,1,0,normal
2026-01-07 21:16:00,32.89604451831099,69.34390429437138,0,26.046726782998714,21,1,0,normal
2026-01-07 21:17:00,21.767290972915667,38.11618860837865,0,23.330711851162018,21,2,0,normal
2026-01-07 21:18:00,23.877654901158024,50.91879065510581,2,10.746910464469595,21,1,0,normal
2026-01-07 21:19:00,25.57277224814978,24.52359636143975,1,23.104759941772844,21,2,0,normal
2026-01-07 21:20:00,18.822334173463595,20.922097445903695,0,21.49484638225489,21,1,0,normal
2026-01-07 21:21:00,26.361591662801487,58.94500375798211,1,27.708576827667425,21,2,0,normal
2026-01-07 21:22:00,14.686417522276919,23.22461241395447,0,19.28137309906243,21,1,0,normal
2026-01-07 21:23:00,31.281727206569254,46.576736983482036,0,12.20847661881307,21,2,0,normal
2026-01-07 21:24:00,25.279824199395794,65.1694317195938,0,16.386841948322477,21,1,0,normal
2026-01-07 21:25:00,21.874642576577422,61.20027284142019,0,34.67438758565678,21,1,0,normal
2026-01-07 21:26:00,19.99375832622927,40.03121768077109,0,18.29883638465229,21,1,0,normal
2026-01-07 21:27:00,23.592525822284873,26.17245295387741,0,28.2664173158067,21,3,0,normal
2026-01-07 21:28:00,29.129558264634483,57.64242292483293,0,9.036942326173186,21,1,0,normal
2026-01-07 21:29:00,28.286433872425363,70.13385174290272,0,23.167600420551256,21,1,0,normal
2026-01-07 21:30:00,20.766772316329234,40.066428820015645,0,7.733129352812259,21,3,0,normal
2026-01-07 21:31:00,19.923761964234195,37.95030712389325,1,20.56152235135826,21,1,0,normal
2026-01-07 21:32:00,28.941392237917885,42.126470556965025,1,14.076580945088061,21,1,0,normal
2026-01-07 21:33:00,20.665915572309824,58.57413066210673,29,12.604041405285663,3,2,1,brute_force_login
2026-01-07 21:34:00,25.359458644477023,68.4277640962237,0,11.656068785376284,21,1,0,normal
2026-01-07 21:35:00,25.742527855145664,31.405897829292165,0,18.28934083467132,21,1,0,normal
2026-01-07 21:36:00,26.87237279036043,27.525772860130203,0,4.795977374984181,21,1,0,normal
2026-01-07 21:37:00,30.14962258109123,85.09994482898672,0,8.486086812188818,21,1,0,normal
2026-01-07 21:38:00,17.422222378796064,47.34015818164942,0,20.7490317706152,21,1,0,normal
2026-01-07 21:39:00,13.533044048437073,53.79339193535464,0,6.023045724417274,21,1,0,normal
2026-01-07 21:40:00,21.59531631262989,39.62103739073542,0,7.826991238129732,21,1,0,normal
2026-01-07 21:41:00,35.809170446993114,57.34943464179074,1,34.29330012974849,21,4,0,normal
2026-01-07 21:42:00,37.13304460052427,64.40091312052283,1,32.569863106852544,21,3,0,normal
2026-01-07 21:43:00,35.987062813395326,54.49694257359395,0,13.340146197081669,21,1,0,normal
2026-01-07 21:44:00,23.842111793435862,76.11287115521652,1,22.63263491668885,21,3,0,normal
2026-01-07 21:45:00,14.307309508091027,45.09883115088362,0,13.407902521626188,21,1,0,normal
2026-01-07 21:46:00,10.941765390088955,46.05676290446936,0,13.74610567239153,21,1,0,normal
2026-01-07 21:47:00,21.315771030703534,53.47109526916123,0,0.0,21,1,0,normal
2026-01-07 21:48:00,23.81155821910384,56.974424682591454,1,32.22996395151519,21,1,0,normal
2026-01-07 21:49:00,32.803752406335754,53.41920893093914,1,24.436538786501238,21,1,0,normal
2026-01-07 21:50:00,93.02717929313471,30.733774595673637,0,25.93930764203251,21,1,1,crypto_mining
2026-01-07 21:51:00,26.364430473949724,54.68772749293342,0,260.6474947520649,21,11,1,credential_stuffing
2026-01-07 21:52:00,19.66093137435315,44.38739622794844,1,18.406877242183036,21,4,0,normal
2026-01-07 21:53:00,19.23532265053066,41.285344788880316,1,16.114426370274646,21,1,0,normal
2026-01-07 21:54:00,26.524766122428613,50.48723082129865,0,19.723259938685608,21,2,0,normal
2026-01-07 21:55:00,29.18230587303836,35.577159690061784,0,31.72547070157224,21,2,0,normal
2026-01-07 21:56:00,27.351287573473506,32.96913014190153,1,20.184521768656417,21,1,0,normal
2026-01-07 21:57:00,18.792412242360072,10.767965599942258,0,35.52877049938041,21,1,0,normal
2026-01-07 21:58:00,28.904005772752516,76.20855992764837,0,13.7845542517483,21,1,0,normal
2026-01-07 21:59:00,27.555465802608467,58.335969786545036,0,8.079763827550112,21,1,0,normal
2026-01-07 22:00:00,18.57600156285893,48.248538180405426,0,12.624459245120264,22,2,0,normal
2026-01-07 22:01:00,20.294074178198464,39.99165144670028,1,18.720652010374245,22,2,0,normal
2026-01-07 22:02:00,29.1309758473694,6.859515769303748,1,31.110324125536394,22,2,0,normal
2026-01-07 22:03:00,23.592954789124654,39.072066856677736,0,16.122368999225294,22,1,0,normal
2026-01-07 22:04:00,34.534883809818744,60.73799505746114,0,8.33549190573994,22,1,0,normal
2026-01-07 22:05:00,28.006775656387457,64.13261455390803,0,20.104310365314262,22,1,0,normal
2026-01-07 22:06:00,22.080212870864386,59.634379904049524,0,29.774388776515238,22,1,0,normal
2026-01-07 22:07:00,24.938766397654405,52.37587933628703,1,19.964368148346416,22,1,0,normal
2026-01-07 22:08:00,25.38030035582631,69.55811218897068,1,21.613800170839077,22,1,0,normal
2026-01-07 22:09:00,20.629658120549742,45.0719416686719,1,19.783655858256715,22,2,0,normal
2026-01-07 22:10:00,19.52447081093424,66.27783374201542,0,18.315497454849147,22,1,0,normal
2026-01-07 22:11:00,29.208339362856997,44.231263344196805,0,243.6126969341162,22,10,1,credential_stuffing
2026-01-07 22:12:00,30.071639782252575,36.78288036683357,0,30.509048369901905,22,1,0,normal
2026-01-07 22:13:00,28.62268881731775,34.91430529366218,1,34.99128765824372,22,3,0,normal
2026-01-07 22:14:00,34.09190856594281,34.032553682405705,0,43.07776677513479,22,1,0,normal
2026-01-07 22:15:00,21.74936058393039,59.88602043203728,0,30.291563133365727,22,2,0,normal
2026-01-07 22:16:00,35.045624596426784,38.85881643354382,0,16.234409297319665,22,1,0,normal
2026-01-07 22:17:00,19.594473288675083,34.50456732447584,0,27.06363847883061,22,2,0,normal
2026-01-07 22:18:00,18.923886619789045,60.7060282949204,0,35.28961013252952,22,1,0,normal
2026-01-07 22:19:00,14.4402467071045,54.919555857083495,0,24.26992691745283,22,3,0,normal
2026-01-07 22:20:00,22.325228117039096,64.43887974268704,0,17.239165198704917,22,1,0,normal
2026-01-07 22:21:00,21.97766597902328,57.688992669091974,0,30.98976769827307,22,1,0,normal
2026-01-07 22:22:00,28.155623681527903,38.70332629704032,0,9.810513567545321,22,2,0,normal
2026-01-07 22:23:00,26.463345649722704,51.14153624702881,1,21.131627176757934,22,1,0,normal
2026-01-07 22:24:00,17.84215977388518,51.87699486154516,2,26.07082299896998,22,1,0,normal
2026-01-07 22:25:00,22.643642569445095,36.212620122889966,0,19.13855464724712,22,1,0,normal
2026-01-07 22:26:00,22.771227873473887,33.430625388590116,0,25.004019400370602,22,1,0,normal
2026-01-07 22:27:00,14.344106518228644,39.78917586323443,1,25.220073242932166,22,1,0,normal
2026-01-07 22:28:00,19.114319637919785,80.5487353500812,0,24.48046917859348,22,1,0,normal
2026-01-07 22:29:00,20.375118216315464,580.5967296612456,0,18.492174746780375,22,1,1,data_exfiltration
2026-01-07 22:30:00,33.60175011892568,68.49300187080071,2,16.77666281787489,22,1,0,normal
2026-01-07 22:31:00,26.148704295744114,42.97009235780303,2,19.076924087577204,22,1,0,normal
2026-01-07 22:32:00,28.973012523684996,63.33258229309988,2,9.026454141644408,22,1,0,normal
2026-01-07 22:33:00,16.008187017104728,63.53737483336771,0,31.009408316818586,22,1,0,normal
2026-01-07 22:34:00,32.16528689808395,64.28885761928068,0,24.329212108404477,22,3,0,normal
2026-01-07 22:35:00,32.80661237814456,55.81741013013438,0,21.348692418786534,22,1,0,normal
2026-01-07 22:36:00,13.009930197132244,70.66049868171727,1,14.580717099757162,22,1,0,normal
2026-01-07 22:37:00,20.76809965650491,55.67530954029092,0,21.03106508770892,22,1,0,normal
2026-01-07 22:38:00,27.974593438093063,75.7029459401042,2,20.87000411079376,22,1,0,normal
2026-01-07 22:39:00,28.866330721229094,25.7012029521735,1,16.515686446927887,22,3,0,normal
