cpu_utilization,network_bytes_out,failed_login_count,api_calls_per_min,login_hour,unique_ips_per_user,true_label,predicted_label,anomaly_score,anomaly_type
23.101549301831188,61.75198472487102,0,30.27939582620241,21,1,0,0,0.1412326834133617,normal
45.97100599095164,92.78613316697296,1,45.48141906610134,11,2,0,0,0.09720844213935093,normal
46.12829977257639,75.25555195452733,1,34.478646892640455,18,1,0,0,0.11624639207008353,normal
32.45279106454667,72.26847702977922,1,39.16278904418101,13,1,0,0,0.1480415466734613,normal
40.43724458809309,92.98808882876514,0,39.419927993651456,13,1,0,0,0.16636497818492713,normal
19.32695872034361,66.02963329385128,0,21.8059058724658,6,3,0,0,0.11919239086905026,normal
20.573579771890955,63.656916536777615,0,10.362741357806364,23,2,0,0,0.09291031418737505,normal
48.1793738507935,107.19360830988124,0,43.33655087276439,17,2,0,0,0.0968728221228004,normal
43.67664343037542,87.8303095266615,0,39.95498672295408,18,1,0,0,0.15379550213016924,normal
20.01429930153377,33.03397055097543,0,3.6909076474636535,8,1,0,0,0.12162299777919189,normal
26.82695321008087,47.27398632719572,1,29.625209784467717,4,1,0,0,0.1477374392320508,normal
21.71202508755317,43.06251270200046,0,15.771410541056628,4,1,0,0,0.15156936582693886,normal
37.67380050154864,82.15384738219238,26,61.603168605148014,2,1,1,1,-0.09249389822673915,brute_force_login
46.6490969004251,90.17824481931578,0,38.56081238557541,18,2,0,0,0.12140106962208091,normal
29.5200497266272,78.75931952908631,1,0.0,0,2,0,0,0.0379444504316232,normal
26.435481184666894,40.82460317447303,0,11.293906890792028,8,1,0,0,0.1498940331684337,normal
36.73835862344168,89.83878709488255,0,45.27397714642395,17,2,0,0,0.14791576717669086,normal
30.82150626997545,92.65983878178795,0,55.13662022661483,9,1,0,0,0.13393283335423234,normal
35.34817989856665,47.20777671551527,0,28.862726884707104,0,1,0,0,0.10662364624414578,normal
46.73013485432752,77.56208052985615,0,39.20477432046153,17,2,0,0,0.13084654551540142,normal
12.236635477891028,66.34069754231912,1,31.001880390728218,4,1,0,0,0.08895343951319795,normal
33.13744017142494,49.212892159054256,0,27.470617745818885,1,3,0,0,0.09954004199681943,normal
26.364430473949724,54.68772749293342,0,260.6474947520649,21,11,1,1,-0.14617610176268525,credential_stuffing
36.73945137319741,54.27359979226192,0,56.24541170863867,11,1,0,0,0.13831170097867218,normal
48.962258554033205,77.07058130305703,0,47.16640725468734,10,1,0,0,0.13101099476188366,normal
34.820861726999034,66.7827040648061,0,59.45526471821324,16,1,0,0,0.13419598767221108,normal
20.70055906945537,37.16700995141576,1,30.7802175296772,3,1,0,0,0.11960223100216255,normal
40.53194554576862,84.41024598959946,0,47.81663642965548,10,1,0,0,0.16017813378494422,normal
38.11882188296561,71.70873819400518,0,33.8312082400958,18,2,0,0,0.15008948311086717,normal
31.123334661161657,98.48425744266248,0,59.76385672851861,11,1,0,0,0.10925959100584748,normal
39.54541428078724,83.42280933441432,0,51.853755344483695,10,3,0,0,0.11345384618676213,normal
23.595079751659984,67.95767797192869,0,9.054656554472258,0,2,0,0,0.084851424712376,normal
23.535517157954796,51.9413251522295,3,24.33948974898469,20,1,0,0,0.06271741534713215,normal
33.274618157391046,82.61773492318693,2,37.926626927873656,9,1,0,0,0.10364825783914661,normal
44.17723818888051,57.08807965821944,0,38.32991722880767,10,1,0,0,0.15641678514903795,normal
20.787681436735888,13.127458541764724,0,24.64794097676901,1,1,0,0,0.10796809714335559,normal
96.94742155406075,21.22115864661045,0,10.855598599039888,8,3,1,1,-0.08895206494572083,crypto_mining
22.575057043124183,52.94408507661295,1,13.224077088642048,8,2,0,0,0.11258277318766924,normal
16.01645412892813,58.354218235107545,0,34.396222091738174,7,1,0,0,0.1432952115043165,normal
46.00979095125136,88.51991809286363,0,55.69683875046397,16,1,0,0,0.12777518103390106,normal
18.06150509953686,35.79799858728002,1,23.38644818653843,2,1,0,0,0.10503119592702054,normal
39.81243151507452,107.06178637946606,0,52.4760523442168,12,2,0,0,0.11978036981720136,normal
45.67946202144032,90.11757549732232,0,61.05081678603978,16,4,0,0,0.03028670474519546,normal
36.32612594404114,36.2015274433077,0,30.398941814541068,2,1,0,0,0.12108765796169663,normal
31.661319140843982,87.7229176990274,0,41.33301212198207,12,2,0,0,0.15010390425907777,normal
24.3040175660708,47.25363823083073,1,10.1767941649271,23,1,0,0,0.0899920502820758,normal
21.401071636497637,40.3306680338229,0,11.024444947713295,1,1,0,0,0.12360077131190228,normal
21.97766597902328,57.68899266909197,0,30.98976769827307,22,1,0,0,0.13706128112792954,normal
31.749595271819445,52.69284952306192,0,20.437662216249542,21,1,0,0,0.14857173727482864,normal
45.41037218284164,90.75091471576016,1,35.845172944942085,11,2,0,0,0.10433001897557126,normal
46.54904111153477,70.98755541356128,1,43.87444237294254,11,1,0,0,0.12001625325231108,normal
49.06692958148409,60.542535554514174,0,31.96094524519452,13,1,0,0,0.1323020042108889,normal
24.03920322660016,73.63580675560647,0,11.315962253223653,5,1,0,0,0.14592381503854013,normal
36.46851452283834,73.02682609718978,0,32.12870981445545,5,3,0,0,0.12032629496250113,normal
34.81428842835678,61.10655906695388,0,54.82014862961498,17,4,0,0,0.07140340760086455,normal
42.61603465133548,72.98114416500128,0,50.794109911047634,13,1,0,0,0.1566694059724803,normal
27.743945686520597,43.93582633681881,0,34.26147615806904,0,2,0,0,0.09155270914786973,normal
29.472164344467256,52.16174544169523,0,20.381018007390495,5,1,0,0,0.17151174101901734,normal
28.16188834818252,45.533965266781536,0,20.93226724558648,22,1,0,0,0.15049019863777047,normal
33.04981186484474,82.92743070712727,0,45.03785988506116,16,1,0,0,0.1650680314581756,normal
36.55708051653929,104.88905996328786,0,43.90227229167939,15,1,0,0,0.15165696224337794,normal
41.61310471840595,79.9648489527572,0,36.008287211016125,14,2,0,0,0.1545900335078843,normal
47.73521830844124,70.35269004198332,22,43.26857022147436,3,1,1,1,-0.04081508987648652,brute_force_login
44.56507992586887,75.56778779148827,0,43.62327062548132,17,1,0,0,0.15616688109058213,normal
25.39014778713268,50.173907889880574,0,23.80224057198588,0,1,0,0,0.1278365109052409,normal
16.254691003210418,53.47472107416384,0,14.710492020303686,5,1,0,0,0.1447756379677691,normal
33.92413335134146,90.08919336634764,0,42.15941559720488,11,2,0,0,0.15312843325386283,normal
29.08815706265769,28.18157892132913,0,20.127655902252293,23,1,0,0,0.11245742909190898,normal
19.34763889855453,36.31511728900463,1,4.45556873530658,4,2,0,0,0.08477577267057912,normal
32.02700579623688,47.76675805968676,0,21.93789942783028,19,2,0,0,0.14330624522227542,normal
23.78436536249156,58.32941285020424,1,18.45347058222524,6,2,0,0,0.12462342929217302,normal
25.617504343139423,43.9389582462129,0,18.685283796262627,2,3,0,0,0.10723984114298074,normal
30.022926917988308,77.2769656757239,1,24.4937988603578,4,2,0,0,0.12909728951875077,normal
21.801975509041995,47.29846097972963,0,15.318456230797054,20,2,0,0,0.12630600638029393,normal
25.1981398431582,65.9156278877537,1,28.80749267978586,6,1,0,0,0.14152510348291364,normal
27.439732205336043,54.66558598052117,0,36.96281642781428,20,2,0,0,0.1368387739020629,normal
31.068778212450137,62.220960824325225,0,2.133823569882584,21,1,0,0,0.10994195752526847,normal
21.647225086690256,52.30771490324962,0,24.192411935333748,4,1,0,0,0.15898614695450625,normal
32.94013033659968,83.2518691640674,0,37.64849526088835,17,1,0,0,0.17235176068795122,normal
22.69034266953951,30.79081781958337,0,15.620826679265456,1,1,0,0,0.13532561881283467,normal
28.34883708711104,45.78181306567567,0,20.16544408599841,21,2,0,0,0.13496023816467068,normal
39.51372421166954,76.0577476505441,0,48.83813079241948,10,1,0,0,0.15715606156715584,normal
39.98449075851912,42.76813573517796,0,21.735521135439686,22,2,0,0,0.10436853274435276,normal
42.72120580908388,97.4397208802929,0,44.89210146094879,18,2,0,0,0.12841057831074632,normal
26.886667545249114,22.258879911823914,0,27.22011108018149,23,1,0,0,0.10152287941581062,normal
29.7184372719749,52.97117925547399,0,23.610332336261063,22,2,0,0,0.1332572859178352,normal
43.929853505330136,103.78518759651138,0,33.17629570706018,15,1,0,0,0.14014538735531773,normal
16.790109767003138,46.57458811013541,0,30.216090104682745,1,1,0,0,0.11793771757053717,normal
13.201860463743987,44.44945081147704,0,29.41044257414725,23,1,0,0,0.08876200062844769,normal
41.35456913867053,80.59860041779642,0,37.43376116161063,14,1,0,0,0.1733359669729006,normal
12.880436007063182,51.88113019213767,0,32.67328025638068,4,2,0,0,0.0994060337148141,normal
29.55357153872059,63.41688264657694,0,30.58703583120448,19,2,0,0,0.1465524355329193,normal
9.874917960563591,44.974431619724726,1,23.04566933044737,6,1,0,0,0.08650921875334877,normal
30.553949693608224,94.72732916657904,1,47.05121334149618,15,1,0,0,0.12215336777543095,normal
25.845317481467223,31.727358997890217,0,18.998339095839597,1,1,0,0,0.14419647875562897,normal
22.41027812369171,35.63108240757098,0,22.964028288123604,3,1,0,0,0.15728385309235376,normal
24.149454675834768,62.30865217503421,0,26.044785564464085,19,1,0,0,0.15695034487587234,normal
27.681235004816187,62.81553980524132,0,25.83505388038427,2,1,0,0,0.14868742498972276,normal
30.567040768487423,40.36651282334016,0,18.41087494958477,23,1,0,0,0.11958458665288407,normal
50.47894378956773,80.4194981596794,1,46.94188623882352,12,1,0,0,0.10654500200196315,normal
31.48340082072994,95.09361120967456,0,44.72560785109501,18,1,0,0,0.14579554018758922,normal
43.98821647199866,66.15534652438859,0,52.330653269937486,14,1,0,0,0.15397792207994732,normal
19.914196428285493,46.46192803199485,0,11.88665411085589,20,1,0,0,0.13130104181776708,normal
28.46418115063997,27.223670209860664,0,0.1025526454015839,6,1,0,0,0.11747071448935309,normal
18.142178213016265,54.60504590008043,0,21.301202280132724,3,3,0,0,0.10937394281047691,normal
30.68178833296108,61.5219696780038,0,42.74764517733224,13,1,0,0,0.17220058956117013,normal
39.0269664723298,50.99412106016352,0,23.176044989161667,5,1,0,0,0.15082094375121852,normal
40.89605146635928,74.72997596816433,0,28.45235993317181,17,1,0,0,0.15391806780894313,normal
24.70071907523129,46.40713524633397,0,13.406166373017475,6,1,0,0,0.1577618673536757,normal
26.74827390889568,43.67334703418554,0,24.24549432555016,20,2,0,0,0.14328008841543183,normal
15.32370477286209,56.45543962259747,0,29.837188666918745,3,2,0,0,0.11771136700063844,normal
31.55910994301477,73.53498341250591,0,45.92977831850611,17,1,0,0,0.1630457514377162,normal
19.049820019358137,49.21328450526321,0,24.97439799839333,19,1,0,0,0.14074114170076885,normal
38.05228195361235,88.24626832467627,1,46.89849981271089,18,1,0,0,0.12752257114508675,normal
45.043861293932345,107.46115737246892,0,48.40662023016717,16,1,0,0,0.12903413789364587,normal
32.64810309807692,56.641299819636565,0,27.45265988777516,23,4,0,0,0.04750317737362686,normal
34.83978717622836,51.02310173904255,0,14.384373605459306,5,1,0,0,0.15237184093654893,normal
18.42837688694317,48.15032601400759,0,16.197824427910035,7,1,0,0,0.15360644222551206,normal
37.97273334715716,69.9486413927295,0,58.48804815143843,11,1,0,0,0.141360013110281,normal
20.21731860265012,37.2332781974842,0,18.95882653829252,3,2,0,0,0.13587944922888096,normal
33.9493076047159,99.40983819937502,1,53.11579767746522,10,1,0,0,0.11836198320355718,normal
20.61247258712226,47.555655337912384,0,26.262117519365887,6,2,0,0,0.14442506801039484,normal
24.46527976292327,41.253157530135525,2,15.456552919909289,7,1,0,0,0.08968791983576935,normal
30.743190908742125,86.63453234203011,0,57.478665176145086,12,1,0,0,0.1372394013177069,normal
46.73116902876552,95.60040079794032,18,48.34948761199428,4,1,1,1,-0.0294253367082854,brute_force_login
33.79389261352932,73.17262193627388,0,31.06931613768245,0,1,0,0,0.09406699278405745,normal
25.751347015887443,63.602512195593896,1,25.949969950855312,20,1,0,0,0.13403711761072434,normal
51.38373216863867,83.04914331586194,0,53.96036547945207,9,1,0,0,0.105528282168669,normal
27.33025437538101,33.06555102300252,2,32.44762859244844,21,1,0,0,0.05171314338289151,normal
24.50370985662104,54.1730689403147,0,25.30744379227459,6,2,0,0,0.1498430953594856,normal
22.67842332040032,29.955021661768324,0,26.403838466805283,4,2,0,0,0.13757921908303422,normal
42.26327125038713,72.45635524942972,1,46.98047643877845,15,1,0,0,0.13311428683880627,normal
31.877471951741448,86.25620747012967,19,41.36582287701787,3,1,1,1,-0.0035882518739437375,brute_force_login
24.228043321887665,74.77871505301067,0,16.469279911555866,6,1,0,0,0.15540205882975416,normal
28.01670656137117,38.287925726315095,0,22.639307438486448,7,1,0,0,0.17043958494237782,normal
34.506966250942355,51.48330823782776,1,26.12166817492082,23,1,0,0,0.08339157452003737,normal
47.437504038649365,69.43459513668678,1,51.93423296467203,11,3,0,0,0.05719624113790739,normal
47.1710644690685,80.61197327335718,1,46.6125807496975,14,1,0,0,0.12309414135243113,normal
25.755408330369757,68.27997816183381,0,23.33275074251639,3,1,0,0,0.16234475526507247,normal
29.545046260283836,67.37707994709992,1,24.00390704565103,7,1,0,0,0.1503417581222382,normal
50.7908805228287,93.40313308833665,0,39.0033488656246,14,1,0,0,0.1234267470371237,normal
46.76672816266988,54.86239753172228,1,37.01466074557401,9,1,0,0,0.11508692734013865,normal
41.45729207890165,86.4047552579315,0,23.602346877037142,18,1,0,0,0.13869147252656394,normal
37.7882838052858,85.28017386636296,0,49.00880684381716,12,3,0,0,0.12782000678430228,normal
23.16633631507718,63.30428911209758,1,14.577749634220504,7,1,0,0,0.1400384282247753,normal
49.8602689348272,82.86385597632659,0,55.034398820357225,18,1,0,0,0.102867619422917,normal
26.232734122217817,53.95799031354418,1,18.81796990291654,5,1,0,0,0.14371275468154743,normal
37.628298711902914,100.07374446143112,0,39.96539485671854,10,1,0,0,0.15309809794919577,normal
13.948613362252855,43.02615478452919,0,23.61457726026236,22,1,0,0,0.11032049598255456,normal
27.728445472846808,52.85316439014263,0,26.51295313627188,22,1,0,0,0.14491994894247195,normal
21.31276729785343,33.322239400039564,0,11.361955588386024,20,1,0,0,0.12803322528089411,normal
58.67746120626305,99.68311990402296,1,49.09212540283082,11,2,0,0,0.027634383294585785,normal
36.31406113542224,102.81276848095668,0,37.02630502732661,16,1,0,0,0.15587173930989756,normal
49.85603771953578,62.487487641789286,0,45.717708681936834,11,2,0,0,0.10929414468657417,normal
29.769538683253355,76.27113610623367,0,15.29412371111938,5,2,0,0,0.14013458210328406,normal
32.81225222595603,77.8583757024396,0,61.28027043062998,12,1,0,0,0.12456562418000644,normal
25.74851259798361,36.80489279878045,0,23.93321259758226,19,5,0,0,0.04320815838875791,normal
28.005503974515143,49.73723955656377,0,19.0436183156536,21,1,0,0,0.14916131012564432,normal
29.391659684953616,90.75754961919934,0,48.00404288575844,9,1,0,0,0.14630124949208523,normal
25.12786989203165,27.633801145827896,0,12.603434768904709,5,2,0,0,0.13068810752858218,normal
42.24120210047061,58.34422445607418,0,50.65451557685516,14,2,0,0,0.13882697066005378,normal
28.622279443265175,51.17173538725198,0,24.465490692414896,21,2,0,0,0.13434810845960155,normal
27.36278378929751,33.07472993733833,1,29.310210449290015,22,1,0,0,0.10509986372284275,normal
28.119226108611468,54.93150277161587,0,14.402812935081894,8,3,0,0,0.10908224510837478,normal
44.69724240969144,60.22861946306742,0,55.80356202091282,12,4,0,0,0.05676019857302922,normal
25.49106600717723,55.0183645180682,0,15.4324088214465,3,3,0,0,0.11150443238523383,normal
29.84834678968687,70.34160071315488,0,25.353359115539416,4,1,0,0,0.16190313238695975,normal
36.61516615408362,47.88476422265462,0,19.877227235987217,23,2,0,0,0.09917795448228078,normal
46.17664333556225,86.96753247821319,0,44.25752480796904,14,1,0,0,0.1515669482860278,normal
35.441187208073345,86.9470771996256,0,43.975930656972544,10,1,0,0,0.16245379841467833,normal
25.803750283481413,66.12681123472635,0,13.502478754861196,5,3,0,0,0.1174365996964053,normal
26.49650612611025,40.8938421293645,0,24.539654751618585,19,1,0,0,0.1588850304118088,normal
43.50356911195578,67.43265408248327,0,58.37813132688534,14,1,0,0,0.13575358935313248,normal
48.912864215635295,64.60348834046172,0,54.062696132480994,16,1,0,0,0.11781477591686856,normal
47.33082810986021,79.75962514379572,0,53.39917480735292,12,2,0,0,0.1197791053155316,normal
28.000858198683304,32.968515364541474,0,21.50307818713561,1,1,0,0,0.14663173429776793,normal
45.53826896336057,53.330366979464735,0,60.79563688702977,18,1,0,0,0.08983176237215651,normal
30.63381681222875,16.58300663995127,1,21.99665481497909,8,1,0,0,0.11499511899745546,normal
46.31891711999742,75.82820203450498,0,36.50272969583219,13,1,0,0,0.15391675138533834,normal
36.68384227729902,65.14360456940877,0,43.05754821224325,13,1,0,0,0.176995699671481,normal
30.93975272808849,102.65429976909718,0,30.90652831447106,16,1,0,0,0.14525065853214686,normal
30.63184013607367,53.5368059629705,0,22.58675706183364,22,2,0,0,0.13055485466523736,normal
38.614801756931385,76.68816275311919,0,51.318326920562825,17,3,0,0,0.11471189173513929,normal
17.925761253041184,67.74350734081285,0,17.897080819598308,4,5,0,0,0.03574257982841911,normal
9.866332495072298,52.13932089003324,0,18.372954803750208,2,1,0,0,0.10201928024808671,normal
20.713891491841792,65.83541373324725,0,24.00359173186441,2,1,0,0,0.14124553019888536,normal
22.696751552015304,72.23666043131955,0,17.062403205303564,23,1,0,0,0.12056169537646383,normal
34.59627559211279,77.8952565792926,0,44.71423418145186,11,2,0,0,0.15618510831344218,normal
46.89259420223262,53.16481414247838,0,38.81097657726552,17,2,0,0,0.1265702184010848,normal
95.94888195136,70.58418370169862,1,15.129966031053304,23,1,1,1,-0.07277995307136476,crypto_mining
20.35022305561609,53.68292258084252,0,26.904574782370023,1,1,0,0,0.13409446699165833,normal
23.895478797904484,46.093541202573306,0,10.675956397288124,3,1,0,0,0.14896412230127887,normal
26.24283662067141,55.309728990065096,0,9.19541404872334,1,1,0,0,0.1333005760262332,normal
26.187500004052453,58.09585519607461,0,15.10207100115266,1,2,0,0,0.13030267623947916,normal
32.93550096850427,78.95800922581138,0,49.61630717198786,14,3,0,0,0.12836432569040812,normal
25.55576552769354,58.69371871977207,0,18.345211011124743,19,2,0,0,0.14526594385776714,normal
35.199744247458284,50.35919573673892,36,19.46074043481004,1,1,1,1,-0.0572225528403707,brute_force_login
21.723749207099672,38.4684975715896,0,3.625284196686149,0,1,0,0,0.08545256998247969,normal
41.30459723907834,94.49187988295466,0,47.03700561501029,18,2,0,0,0.1258044787562539,normal
31.45604283159159,75.93951299067135,0,14.850745887247731,5,3,0,0,0.11247764655782111,normal
35.22569401887633,89.644897321,1,54.72304830152288,12,3,0,0,0.07758389762718154,normal
22.746999759546576,48.01361622584995,2,33.22254791616698,3,1,0,0,0.07627384083825262,normal
20.113583074040857,39.34576944273383,0,15.644083194645232,8,1,0,0,0.1479905743416794,normal
14.97298136503561,44.67979460103863,0,17.874715622940364,20,1,0,0,0.11595868829985312,normal
44.86479187355026,94.33907090267466,0,38.91048218046559,15,1,0,0,0.14920938564388492,normal
10.873102463820388,59.81962989236756,0,27.58529482791333,22,1,0,0,0.08339614545626373,normal
46.359618304279735,859.7481084838115,0,46.81608425968574,15,1,1,1,-0.01951991320637858,data_exfiltration
34.41777152163696,59.54813057113501,38,6.4530013028352045,1,1,1,1,-0.06957280048210746,brute_force_login
39.163322345914,105.1463512676611,0,61.05573198486326,10,1,0,0,0.09094958195530822,normal
29.0219091087515,65.53013616657415,0,36.792088743052695,11,2,0,0,0.1576272064223438,normal
15.571480009970198,53.638939057301904,0,18.15303750937689,21,1,0,0,0.12063962383881072,normal
42.18484177632797,75.25094835645389,0,56.35043201819469,12,1,0,0,0.14535226025821857,normal
43.86757259449106,98.24792348824306,2,36.03119765574437,18,2,0,0,0.04704148994342722,normal
45.159001368804745,89.78251827673529,1,51.89170850991851,15,2,0,0,0.09178627651177257,normal
39.21963823867828,76.60737068478859,0,54.97972839479001,17,1,0,0,0.14987189627462572,normal
17.881981437340873,40.03598202562127,0,15.295158815970538,8,1,0,0,0.14188747869684665,normal
20.654184794754,45.40427953756464,0,13.482906274249537,23,1,0,0,0.10720968902079075,normal
41.753012969243954,79.59650221265923,0,38.05198665730515,13,3,0,0,0.13431939894433342,normal
20.75398320628732,46.06649645925716,1,21.727272592115654,4,1,0,0,0.13500549554637115,normal
27.823059084271343,32.07974797975172,0,27.991946725470708,5,1,0,0,0.16294880821950147,normal
36.82650172537207,73.38464269214587,1,42.60313041298088,14,3,0,0,0.10375673160160531,normal
45.48084239210444,85.23518402942119,0,53.158148263979214,17,1,0,0,0.14388864871412738,normal
42.38582501065768,67.04647460435162,0,55.43245263053652,10,3,0,0,0.09811448323689048,normal
18.81384834911616,72.95071162342444,0,24.95024988506528,5,1,0,0,0.15100504547698368,normal
32.98344942423424,86.61385948184802,1,25.67471664911236,5,1,0,0,0.13488181558603246,normal
41.8158127914342,64.72619147873408,0,53.33797077679529,18,1,0,0,0.14153110782205452,normal
20.284063236952303,40.32656212033493,0,196.6429758127623,21,19,1,1,-0.17830853967754423,credential_stuffing
22.072531551125785,49.59178801433215,0,23.61823686047636,23,1,0,0,0.12553724847157954,normal
19.43588119485656,63.09599099498149,0,10.467431474059936,5,1,0,0,0.14615854124807243,normal
22.68075030461344,57.85527112068747,2,14.441780997945171,1,1,0,0,0.07282245184824182,normal
36.03807316315932,87.07804921815014,1,60.26373541309447,14,1,0,0,0.11302116456309558,normal
28.93140177108256,68.49377880016225,0,11.627304183439184,19,1,0,0,0.14358142294731663,normal
22.759789449981493,66.25088215375028,0,24.09956936105143,19,1,0,0,0.15678109476651925,normal
24.43657858772172,87.79561468468061,0,20.144012724723087,22,2,0,0,0.09828471014363221,normal
46.29731629191601,79.16155300079606,0,47.68548905725801,16,2,0,0,0.13026489723165408,normal
17.380008415636745,39.58252384627923,0,27.08601189592482,7,5,0,0,0.04259187087578925,normal
23.388816112565006,59.68397118439319,0,19.336686764144865,6,3,0,0,0.12633331628193956,normal
37.822968637362045,85.5812221800108,0,49.2516038010363,13,2,0,0,0.15167036356962615,normal
52.85362215167118,93.83721755349664,1,29.071453576622417,17,1,0,0,0.0577947382340358,normal
45.10133045268096,103.43531764059844,0,28.12994580430407,17,1,0,0,0.12874096826408937,normal
18.41433410634564,58.15709980832177,0,13.305566075323306,7,2,0,0,0.13485039826679834,normal
37.45665974606588,65.93879317345531,0,34.87705434360056,12,1,0,0,0.1746650126211004,normal
26.659604593067083,38.15971451146134,0,8.871432900855055,0,1,0,0,0.09869642548176316,normal
33.22568937269662,81.43025411499168,0,53.21952786954121,11,2,0,0,0.1438481748993461,normal
43.85168277666221,78.53161392241796,0,37.12844382310836,10,1,0,0,0.16270517017936054,normal
50.72407848657896,94.02076618742738,0,37.34557695516986,10,1,0,0,0.1185612247509289,normal
16.45790417869646,36.280193970114055,0,8.087940080771032,19,1,0,0,0.1031282724252891,normal
18.113851661106,62.48138027560919,1,18.64783441589425,1,3,0,0,0.06300351161817924,normal
40.90844437643212,84.91728073723976,1,42.36589339256129,10,1,0,0,0.1438370423335128,normal
24.884090174368986,45.07836067459638,0,31.907769742847307,5,1,0,0,0.16326725737075892,normal
19.541917364125148,56.61623992790606,0,14.71875927100157,2,1,0,0,0.13853647222578053,normal
14.489027159489686,37.763184122471415,0,3.733094213559866,4,1,0,0,0.08898128119790033,normal
36.2381976532734,91.921377837079,0,44.68000906855712,12,2,0,0,0.1508735709344764,normal
41.09807756986889,98.10455486948374,0,61.55949491485235,14,1,0,0,0.09573254064115866,normal
31.515892697050194,39.56478883750228,0,18.249089698621702,4,1,0,0,0.15648562758890006,normal
21.700451005213928,92.7051438343646,0,33.72674320684271,20,1,0,0,0.12783652080625346,normal
38.35213750380222,109.69922552435898,1,48.99267610473276,11,2,0,0,0.08309081533178564,normal
39.92017218772819,63.468731528359015,1,38.155460001679536,15,1,0,0,0.14624505752746397,normal
34.11300681316191,91.53822915843574,0,36.31525371265646,14,2,0,0,0.1548841794563729,normal
23.62270806783792,60.8148373014638,0,25.128551379120204,0,1,0,0,0.11491794492954854,normal
34.54738197515216,53.08334622366648,0,41.22296984317804,17,1,0,0,0.16592000934412038,normal
33.485049226688886,95.40605450966208,0,36.75634774579372,13,1,0,0,0.1680927981702266,normal
24.61136644121274,75.76370307566478,0,24.31415214569192,20,2,0,0,0.13278980366932963,normal
21.96551977442838,46.80710175865449,0,4.8712539387821305,21,1,0,0,0.1208464314203681,normal
27.37252591232823,820.8450156169023,0,14.764434585715083,2,3,1,1,-0.05406702332377755,data_exfiltration
23.13437490189344,44.09911343066396,0,32.56542709202314,5,1,0,0,0.15809931110913028,normal
25.062115719060284,47.69748956645324,0,18.42202390215534,21,1,0,0,0.15032871093832667,normal
15.774491221304949,35.74736806895308,0,29.345474412331143,19,1,0,0,0.12016797508983823,normal
90.04324776520069,67.1308188852837,0,38.69727965945005,21,1,1,1,-0.006724802680157738,crypto_mining
47.42592254507199,93.52647031910426,1,46.44907197437731,15,2,0,0,0.08345678674852797,normal
19.53612947690506,52.999732997955306,0,19.14414396911009,1,1,0,0,0.138722489681255,normal
27.41964737822303,40.86765256364953,0,19.622689325511324,2,1,0,0,0.1504614880429111,normal
30.4815077573995,56.33942925788849,1,39.34501857538527,1,1,0,0,0.10473043736024046,normal
24.319116124707158,27.63158252914306,0,20.65274944056598,20,1,0,0,0.14057150220867276,normal
25.557613916097868,59.59044265229945,1,0.0,20,1,0,0,0.10919762056985871,normal
26.2850136467905,55.55753016242137,0,21.659378904333032,4,1,0,0,0.16768851432772686,normal
28.73626734340161,45.96438362167876,0,168.64415547340562,21,19,1,1,-0.15984837103329752,credential_stuffing
14.764245430655588,51.96668294267651,0,17.817329341198942,20,1,0,0,0.11553623825794856,normal
41.18930396632492,103.30392215674742,0,41.2915895926685,18,1,0,0,0.1444660113295826,normal
27.585174514090223,33.94616839978376,0,12.515408198404767,19,1,0,0,0.1377756697808944,normal
20.062864590889404,79.94228479632389,1,25.993203390864338,6,1,0,0,0.12847712834426778,normal
34.94021013229028,93.59421680264032,0,40.43346391008112,10,5,0,0,0.051977306597912165,normal
39.53307138318116,84.18384645751165,0,46.55419163840792,10,1,0,0,0.15806202047888773,normal
23.195953837337903,41.14961046363768,0,26.60204135793284,3,3,0,0,0.11426585599755856,normal
25.134103329798197,39.19755644480272,0,15.826732160949652,4,1,0,0,0.15707998652867788,normal
19.74511105212224,47.18601768084741,0,2.068196444692873,7,1,0,0,0.13298921850909695,normal
39.11676832788642,122.36250514104094,31,67.95782900325044,4,1,1,1,-0.10737723837785962,brute_force_login
37.844247455277646,67.32945501945525,0,56.36864474450374,14,1,0,0,0.14790581042241963,normal
20.271714260601957,42.22346552183744,0,16.354938878297524,2,2,0,0,0.12139898023964218,normal
91.48706505374386,53.14529095361732,0,19.84351864848644,0,4,1,1,-0.10817527665849691,crypto_mining
34.44745224364247,73.7410195201641,0,50.61697082190619,18,1,0,0,0.15456366760773999,normal
38.40008602459351,73.6111310102365,0,27.444344671568125,12,3,0,0,0.12537325547860856,normal
22.325228117039096,64.43887974268704,0,17.239165198704917,22,1,0,0,0.13980771570246558,normal
25.834362391920507,40.54332213810231,1,22.063751587006337,8,1,0,0,0.1450151739352441,normal
32.64540602198595,78.29262841538785,0,46.17838454772678,17,1,0,0,0.1656043815158021,normal
17.122188820316364,59.31496348809103,0,30.09975188209026,6,1,0,0,0.15217266907243582,normal
31.599575660901944,78.88621838760376,1,40.64892085275069,10,1,0,0,0.1511542244147599,normal
27.517194663442165,51.612875006461984,0,23.61273236196503,0,1,0,0,0.12707757836489586,normal
37.40404291962045,80.78933195025891,0,51.33896659301877,14,3,0,0,0.12461498440217733,normal
25.59895789059861,63.66893424556736,3,12.580380208601357,5,1,0,0,0.08213593376004813,normal
49.181171193180106,88.48607756680927,0,52.76204092262925,10,1,0,0,0.1210852273173671,normal
46.71336758758402,548.2829597023691,0,39.28072864806565,10,1,1,1,-0.009005886812482267,data_exfiltration
23.48459109164104,61.45502224578493,0,20.576632320738817,4,1,0,0,0.16471243383471795,normal
32.07319562222163,46.74927482920359,0,13.385591198518942,2,3,0,0,0.09721561214505553,normal
46.34680604525151,113.59947788347172,0,48.251483185223385,17,1,0,0,0.11600119422906968,normal
34.538053948430296,112.47338883652186,0,43.06703998436279,17,1,0,0,0.14011455336298645,normal
36.98767465388433,63.94519177022244,1,31.148450786157373,15,1,0,0,0.1404572909724281,normal
38.039822720881816,68.84450124642225,0,54.41115807538941,15,1,0,0,0.1545458433605823,normal
32.88269305943085,55.89361038521587,1,13.469179712672638,5,3,0,0,0.08918277217026088,normal
39.6155334151077,100.73650011358149,0,46.39178354824129,16,1,0,0,0.14450847199828903,normal
27.050523524281235,27.416429884704748,0,22.678701398270995,6,2,0,0,0.14611893496085376,normal
37.85532746313744,84.54443461248097,1,39.54961169075014,12,1,0,0,0.15514185540434927,normal
50.10356614874721,72.40866063212167,0,47.15393459998942,17,1,0,0,0.12054364087154579,normal
36.35587340072673,66.32326568497038,0,40.67342252626735,9,1,0,0,0.17327864939720333,normal
24.706616899155367,52.90505027522253,1,39.10650011896324,23,1,0,0,0.09217293230833784,normal
39.273873813942615,94.39363838577702,1,44.86057883201288,14,1,0,0,0.1322276946167208,normal
28.865863000649203,46.202772499355824,1,32.296691891475284,1,1,0,0,0.1145698378528533,normal
39.24552221502537,80.20483495756186,0,49.608234068589205,15,1,0,0,0.1590777161473112,normal
15.21716053770916,53.47292720326279,3,20.006671133649817,1,1,0,0,0.0340324298110366,normal
30.50543215585816,70.12737088794344,0,46.63282580444044,13,1,0,0,0.16382849677141803,normal
41.158201983882975,34.767388417800184,0,19.28498763047474,22,1,0,0,0.10854371278702762,normal
17.286405315683368,58.79679695500416,0,15.831431987320514,8,5,0,0,0.035058246033616514,normal
22.891514585717605,99.26177301931828,0,18.065297400342292,21,1,0,0,0.11063037838535444,normal
30.94714667756,39.7179072096737,1,23.424327027838057,23,1,0,0,0.0921400965628309,normal
24.59661815682321,30.30091569121628,0,12.895591053815831,1,1,0,0,0.1259706188660354,normal
45.311537925195765,91.6284609325663,0,56.72088494658459,15,1,0,0,0.12671756381223703,normal
29.676094023431997,41.20572425671772,0,15.781274595764476,5,2,0,0,0.1421265362022341,normal
25.76094811080977,36.82399283991048,2,19.591863650269904,4,1,0,0,0.09136198647861438,normal
24.15834648669743,45.21891650633781,1,15.841245246816442,20,2,0,0,0.10368687110186597,normal
29.171217400503995,47.545494937137626,1,13.888875262654068,5,2,0,0,0.12023447603940857,normal
26.39105255280909,16.610968730628834,0,20.935246990622066,20,1,0,0,0.13385090810348016,normal
27.20589575794853,52.39089796664333,0,21.064651576712443,21,3,0,0,0.09926051978334788,normal
33.472161271259495,54.69857373501068,1,23.195374474276864,23,1,0,0,0.09159392987707388,normal
41.68715210746165,122.33000374757596,1,47.15100009787815,15,1,0,0,0.08983982088802422,normal
39.089713398536624,92.05979743835752,0,61.514550498255545,13,1,0,0,0.11372109146022241,normal
47.77124243601786,86.70899837376604,1,45.75109722406232,14,1,0,0,0.12225236253662963,normal
22.592677168684983,59.68696462405568,1,19.016016984586276,6,1,0,0,0.13970220703557018,normal
36.948222510501424,68.11138623734972,0,11.909493409056136,3,1,0,0,0.12401967732952579,normal
21.37055941643095,43.28955576258176,0,17.670768147969454,8,1,0,0,0.1558495945139437,normal
21.480812382616385,76.06857142752875,0,28.193171756703904,2,1,0,0,0.12428120814499743,normal
35.40961945502085,36.53087021539655,1,24.78007487418689,2,1,0,0,0.11114292125997216,normal
31.804265732796797,877.407931437368,0,45.45094371492854,15,1,1,1,-0.011206781101320007,data_exfiltration
43.593978050105584,75.98240851147533,1,37.93462493166587,10,3,0,0,0.091558993036011,normal
19.288489239866585,68.55307840277337,0,26.8581202401245,1,1,0,0,0.12345963571582247,normal
42.56777575931581,78.29604608547878,1,56.87804222203776,10,1,0,0,0.11212546069595875,normal
15.583662427751898,660.1640425340333,0,10.198812413574135,1,1,1,1,-0.05371451152618356,data_exfiltration
31.367537551072708,51.195411010740685,0,18.793409673374384,22,1,0,0,0.13753923480703534,normal
36.1787411547614,74.81444141559386,1,47.49579247376214,13,2,0,0,0.12133898682764971,normal
38.72746198047744,76.52936063764942,0,60.92131779373253,11,1,0,0,0.12596959564248256,normal
45.84173349656708,68.48978771092753,0,44.05103429206497,14,2,0,0,0.13455971040347525,normal
47.617679575599055,78.02449619210135,0,45.108245267600346,18,1,0,0,0.1356458971512668,normal
18.56354184556116,52.0091282442802,0,12.789824658693869,8,1,0,0,0.14068466177616334,normal
21.16483879749905,58.28012465473668,0,26.835593417975343,20,1,0,0,0.14993648157808903,normal
45.25704359015845,82.93460792468474,1,43.656688927716,18,1,0,0,0.1257209096448435,normal
23.96156905429678,67.77744547159011,1,17.289447699287297,19,1,0,0,0.1284949891686034,normal
36.153010423618895,95.79604576392369,0,46.85141031867752,18,1,0,0,0.145314141428234,normal
25.367097050341425,85.20086024362925,0,47.47950944816867,10,1,0,0,0.14671944355068678,normal
24.404113973247807,54.44875755726204,0,29.692753821275787,1,3,0,0,0.09923723433356041,normal
38.96292595111534,98.46956395353028,0,42.503958629011365,17,2,0,0,0.13755423756231366,normal
36.51163800325725,56.1842089721525,0,26.49896511257139,4,2,0,0,0.1352124842240398,normal
40.2280208690092,83.25079463184325,27,40.481109172973404,2,3,1,1,-0.08362571307256561,brute_force_login
35.9075512118573,54.55126189936109,0,38.054598043245896,18,2,0,0,0.15048159623382368,normal
16.74693466258754,52.28023666756669,34,32.1010632134752,1,1,1,1,-0.09395630362274165,brute_force_login
21.44378306225736,75.66212816171475,0,19.59124019143188,19,1,0,0,0.14529110247252042,normal
34.07280453916137,110.2714509925323,1,48.34269142811141,12,1,0,0,0.11605722656965334,normal
24.310294411048943,55.771258006502045,1,30.322035065974905,6,1,0,0,0.13881200676401273,normal
12.84515276133174,52.54104612368104,0,9.543575491518142,5,1,0,0,0.11585231381279953,normal
43.07851252058376,90.809588470359,0,56.8544704655607,9,1,0,0,0.1236049507885082,normal
26.92598538211614,66.84620599010958,0,23.083323622165057,20,1,0,0,0.1619736401212032,normal
31.802620581202387,9.38651459491838,0,10.089528252392922,8,1,0,0,0.11818449644655943,normal
21.290949747398987,60.09080731790211,0,17.54323287728873,23,1,0,0,0.12153559421895693,normal
33.53367552525039,76.05726400759441,0,37.828092382245615,16,1,0,0,0.17227209103457686,normal
32.11687284425379,33.61820135416406,0,25.18593931117957,21,1,0,0,0.137374959551409,normal
28.76126238117413,44.29297195823998,0,22.93819274345819,4,1,0,0,0.16898927072971143,normal
20.375087183627866,61.73699032812011,1,33.32974724965449,5,1,0,0,0.1287164213183966,normal
43.306102361357794,62.32808156974919,0,38.52714992443202,18,1,0,0,0.15900446692181197,normal
24.765882883734736,59.38214000456077,0,13.00087243376316,5,2,0,0,0.1440985278563064,normal
39.13383752845635,62.3214082284474,0,57.6423640645487,10,2,0,0,0.11676052761275113,normal
36.89048416683279,74.62408275457965,0,34.97629677376182,9,1,0,0,0.16743355240841123,normal
41.61265473489185,67.29095083670558,0,52.33116627861954,17,1,0,0,0.15364402569133823,normal
30.912398268700297,51.80524873065757,0,9.766382477926976,5,1,0,0,0.15401140546963232,normal
21.59976935166968,46.73047422558906,1,20.26053480601431,1,1,0,0,0.11925687864597406,normal
37.24141230501714,96.56262734815512,1,42.996872927371264,10,1,0,0,0.13194142330752262,normal
20.591134614794854,64.22508918993782,0,24.567806330764125,6,3,0,0,0.12073479218150285,normal
27.158085086117925,74.8176992129755,0,17.948578211440537,23,1,0,0,0.12195688931829546,normal
26.929559268035437,75.17083400678894,0,4.867883826208622,3,1,0,0,0.13090019362068495,normal
40.35815128347842,82.50564656253717,0,36.24022071685398,9,1,0,0,0.16678409199109218,normal
46.973557585034,76.7071012632929,0,48.90203043728283,17,1,0,0,0.14505654710757743,normal
26.566331633079336,54.5762810706013,0,35.93192529297569,1,2,0,0,0.1208629647027657,normal
40.188375193196656,89.96828621591274,0,30.88107165445311,12,2,0,0,0.14121039188002987,normal
14.54231481708001,50.64847534467336,0,26.337908065032742,22,1,0,0,0.1082172551377385,normal
39.77461894380285,80.6630926232068,0,44.44902221897286,15,1,0,0,0.16630969249870226,normal
23.506158068315948,25.742724283399347,0,22.11731453975285,3,2,0,0,0.13513114403850024,normal
22.99708306146394,31.35692620905298,0,226.30099612627123,7,13,1,1,-0.14941257819192322,credential_stuffing
16.343711283983723,46.928221135913965,0,19.118028579527053,22,1,0,0,0.12355192602699361,normal
36.8585440695605,91.50575327739064,0,36.56750646077551,18,1,0,0,0.15601528470103015,normal
33.927373748438995,84.65809456871307,0,40.99107053283328,10,4,0,0,0.09079932966505372,normal
19.857054661502303,53.35992453351573,16,14.829415227250264,2,1,1,1,-0.012387726667603238,brute_force_login
39.86632612489772,78.48203559023702,1,49.71481792018571,14,1,0,0,0.1403667388075519,normal
28.45337155498219,72.72764590165333,1,24.35675242873885,8,3,0,0,0.098344714290305,normal
42.395905610314784,94.08979835348684,0,38.23367647336918,14,3,0,0,0.11081410144223824,normal
15.196462245644277,59.49599821245841,0,17.315649231893968,4,1,0,0,0.13711280774203205,normal
19.832294792030417,39.73636729227135,0,27.83016527711769,8,2,0,0,0.1379201484257,normal
50.3870177906038,79.95581883001107,0,43.81454119788185,14,1,0,0,0.13754730582463393,normal
23.719342774418752,57.61417734414872,0,18.335437605076685,22,3,0,0,0.08895608206484973,normal
40.94856925520086,76.1489929477992,1,34.29650936159447,16,1,0,0,0.13702539677932762,normal
22.0963993302926,47.97304989386447,1,19.84065735378581,4,1,0,0,0.13959634524660897,normal
27.0472950549522,55.68685449603856,0,3.908812410879939,4,1,0,0,0.13753824495046046,normal
37.25290968290506,90.475986819941,0,59.11433654982014,14,2,0,0,0.1121739769223214,normal
20.05291503083396,66.35708253585491,1,30.412328267120454,1,2,0,0,0.08567802770639538,normal
36.75008472532356,37.51415832545836,0,20.812551877053146,8,1,0,0,0.1539212732023466,normal
25.11606442487053,56.230694337589846,2,17.51382927645382,6,3,0,0,0.053186957488354114,normal
40.5767246616459,84.35131849453148,0,28.976207288521596,13,2,0,0,0.14811358335848657,normal
22.396759222124864,62.95741016233651,0,16.605699092155895,23,1,0,0,0.1286967804135593,normal
23.419310703506504,53.02294408673753,0,24.71010695085871,20,1,0,0,0.15196737150574935,normal
97.99989603944248,78.76229721632909,1,45.19715937755282,15,1,1,1,-0.03316044040684596,crypto_mining
44.20703645386539,77.2564764886411,0,34.0965343636075,18,1,0,0,0.15470648906010614,normal
27.85100647897229,72.7137139997133,0,25.935534262107986,7,1,0,0,0.167707299084154,normal
35.64553712107921,78.90545852178083,0,55.95141453937322,12,1,0,0,0.1528214346080149,normal
24.70702098439778,53.37225105037212,1,29.334542079403228,6,2,0,0,0.12162970604468504,normal
41.522423780649,101.83247438118414,1,42.82232562249666,13,1,0,0,0.12255814594518993,normal
28.055771941852047,48.770862764122526,0,10.566194049806036,23,1,0,0,0.11336923291989065,normal
29.24136128479254,64.37169601283948,0,52.65883154231545,15,1,0,0,0.15211932983895604,normal
28.425674167623235,52.08752692598932,0,2.1926460665914758,8,1,0,0,0.13647735620989349,normal
36.23969665246021,42.14813956231295,0,37.73805376613237,9,2,0,0,0.1454272225138583,normal
23.52767130398278,34.53340920058605,0,21.069488026644805,2,4,0,0,0.05642813405197633,normal
16.63302958684443,39.41293917326526,0,25.34659261079721,2,1,0,0,0.13060480588012185,normal
12.061327737969805,30.417313436255423,0,15.439374917810564,4,3,0,0,0.06305361467998005,normal
36.21724927488714,98.42491565816692,1,38.84242764242772,12,1,0,0,0.1416067665880315,normal
50.03720921139118,70.00032210563033,0,42.57815862297921,17,1,0,0,0.13084908854050004,normal
22.178779967288133,27.81366067853717,0,24.739216091741586,1,1,0,0,0.13776042429811008,normal
24.854826361654503,45.699174577699054,0,33.27370601429514,4,1,0,0,0.15549635287311664,normal
42.384382140755406,57.12341538478459,1,55.77658913552071,13,1,0,0,0.10640264958828272,normal
95.14702493476422,25.16540959744876,0,17.747142284366376,5,1,1,1,-0.0473653946729542,crypto_mining
46.17762616851816,80.96153847425337,0,30.35756584644859,14,1,0,0,0.1447056283438567,normal
25.1920248943946,59.07699523638424,0,18.7277662028614,23,1,0,0,0.13137008000366862,normal
46.1814981638174,61.2050036424741,0,40.99861682932477,12,2,0,0,0.1329446861048577,normal
27.712407029558022,75.68461592550383,1,31.786117646530137,0,1,0,0,0.08112445432369025,normal
31.76284329111362,101.57293377813122,1,32.170313188629045,12,1,0,0,0.12567127748594292,normal
29.98115087117566,50.42848644166379,0,31.615668627960712,5,1,0,0,0.16791676625562174,normal
16.603947004907376,22.128124793996125,0,14.488604431686634,0,3,0,0,0.030156115841749598,normal
13.25596846519606,58.60651641716877,0,8.609791696549832,20,1,0,0,0.09783131039676862,normal
25.011861068534863,36.37303493715834,1,23.38221806960953,4,2,0,0,0.12402207682798327,normal
21.00746621122324,38.395402325928046,0,23.999358201435705,7,1,0,0,0.1628816388457966,normal
19.83562501962797,42.57634706764547,1,23.759511198526983,2,1,0,0,0.12405864052478233,normal
42.851551628303866,82.90482974947238,0,31.314257464173814,11,1,0,0,0.15897473436704646,normal
32.231911145674566,75.53075952780165,0,41.35464156038896,17,2,0,0,0.1493550425177373,normal
36.55802795871858,101.06474422992429,19,37.38661904008431,3,1,1,1,-0.0018488316019009687,brute_force_login
41.9442186562392,88.04731590681993,0,48.81054762223361,16,1,0,0,0.1552170582701788,normal
30.23672448681766,86.34659195920331,1,21.27910524153227,6,1,0,0,0.1325784687327919,normal
46.19106723681181,73.10387907405442,0,256.39562749950915,13,8,1,1,-0.11697735596012915,credential_stuffing
25.52784128277501,45.06753760119141,0,29.334418941607588,5,1,0,0,0.1708594559078399,normal
26.50340527479542,97.24215591242796,1,54.56753912377964,17,2,0,0,0.0728003393586078,normal
23.842111793435866,76.11287115521652,1,22.63263491668885,21,3,0,0,0.06890035433665348,normal
26.936311362028537,44.5815471062844,0,16.083183547710995,5,1,0,0,0.1645580987803154,normal
36.66117328673318,34.16233043849239,0,12.276076531736908,2,1,0,0,0.11113653937752127,normal
36.08229906500752,75.39752383417108,0,50.02161413148647,15,1,0,0,0.1618871423271917,normal
26.399296787581008,40.74904835065398,0,13.516123247363108,6,1,0,0,0.15711493483719352,normal
35.60620270157747,75.13287263755363,0,42.880325251751856,13,1,0,0,0.1765314602822471,normal
23.71931708972892,46.76917566709885,0,12.768882051391763,5,2,0,0,0.13941579306728902,normal
31.64824971428961,97.86049426332508,0,41.16417657305363,12,1,0,0,0.15577621259092067,normal
33.7349339328806,53.634367787034776,0,20.490989421435597,19,3,0,0,0.1080904264633315,normal
46.6331555977479,86.20058043695593,0,36.57901475459455,18,2,0,0,0.1252033866583967,normal
91.50560592280324,38.03266817835831,0,26.34467879594041,6,1,1,1,-0.030658524643585983,crypto_mining
18.64472974976259,810.9907642446026,0,16.83380360166556,4,1,1,1,-0.029316017086913004,data_exfiltration
18.923886619789045,60.7060282949204,0,35.28961013252952,22,1,0,0,0.12203871400764388,normal
33.916624286244776,78.6866968031984,0,42.52071130045662,18,3,0,0,0.12461679848443752,normal
39.00951660998172,94.48360338189777,0,47.30268278717915,9,1,0,0,0.14286489208535164,normal
19.65284664750828,60.5594701519135,0,15.566685834009592,6,1,0,0,0.15889347663163517,normal
25.496637422712556,28.989952176701784,1,23.468595699625684,19,1,0,0,0.11781153131372174,normal
26.118725888616567,47.22684865632102,0,9.223367489845478,3,3,0,0,0.09883594698562137,normal
43.33495616545076,81.893838090709,0,45.55336475636565,15,1,0,0,0.1630396726275533,normal
35.44902799179958,78.85718583063473,0,43.48892994007176,15,1,0,0,0.17403798396988923,normal
19.835459189789084,61.77333031241278,0,9.425362299081725,5,2,0,0,0.12965580056127834,normal
23.989690465162884,44.195227416827606,1,23.20412665044284,21,1,0,0,0.11712618552120518,normal
34.02510763125863,87.99987545921522,0,48.730125738487295,18,1,0,0,0.15290221836565837,normal
37.61470782072533,94.9543622228393,1,49.96213215236296,17,2,0,0,0.10017880468027357,normal
14.23664501279266,37.60262936434648,0,6.2520645190905935,8,1,0,0,0.10028090035374426,normal
26.77374693248257,37.35346543005696,0,39.0129332574041,23,1,0,0,0.11206928539899008,normal
22.3411506071696,95.24431914134954,0,40.69700812583887,18,2,0,0,0.11065135838054524,normal
47.00669236995884,60.53407436478151,1,38.14243996069006,9,1,0,0,0.11994438978844468,normal
21.85331118242409,68.31748625006131,0,15.81669195597389,5,1,0,0,0.15883077679399316,normal
46.955978820185486,93.07586636276204,0,42.42024220679572,11,1,0,0,0.14988219258008456,normal
33.0555052587074,94.3200022404408,0,51.57633456731631,15,1,0,0,0.15264528360497998,normal
37.19944712829136,87.2171883614778,1,52.96631496011367,15,1,0,0,0.1310823861252321,normal
26.264010791218663,52.17148236676461,1,21.18227634729484,22,2,0,0,0.10360452045055757,normal
46.81714824785526,91.9677773821745,0,41.757802862448,14,2,0,0,0.12654998380286864,normal
21.15907325899233,47.21394854872252,0,20.78380173651273,6,1,0,0,0.1621427598247403,normal
24.30611030567056,46.11167280493861,0,20.994149902250623,0,1,0,0,0.12681487697492827,normal
41.12765065859654,80.48038015052326,0,45.37470877170144,18,2,0,0,0.14286415225457877,normal
33.6185771173532,48.08004537179907,0,3.613556878531988,1,1,0,0,0.11157724352752835,normal
23.660370469400146,62.43835378455668,0,9.52395044613357,5,1,0,0,0.15386992274017153,normal
47.20728353298367,114.4995368657971,0,42.412827480891536,9,2,0,0,0.09627489304495063,normal
22.26676284385677,804.1759081849009,1,9.370906108905402,0,1,1,1,-0.05117158900709917,data_exfiltration
35.06620488445864,30.297083024690085,1,19.1783829607608,20,3,0,0,0.04243153408977812,normal
30.87053267216821,53.67915398326412,0,20.04305262281172,5,1,0,0,0.17202570054301797,normal
41.31033392526504,89.60084121549376,1,41.12309077113962,13,1,0,0,0.13941222375135326,normal
22.88100224313587,75.17860946523136,0,25.59312946189521,3,1,0,0,0.14555775470049448,normal
20.197987563008176,54.17578542981324,0,27.320298186566184,5,3,0,0,0.11895361289981343,normal
26.544238638504098,66.71351520113906,0,13.351552888464123,19,1,0,0,0.15249329019096974,normal
24.500969368392283,32.27838107634035,0,24.251212385934103,7,1,0,0,0.16501572781918872,normal
32.343692518876026,51.48236067524648,1,25.4158828397752,20,1,0,0,0.12459582258401619,normal
24.14572308987224,38.74965977651424,0,9.040354703624082,6,1,0,0,0.14948303704466337,normal
13.302629693473795,67.10019929601178,1,25.94580872112664,1,1,0,0,0.07756162623767954,normal
26.79253915929449,93.86147193261183,1,224.0705889501935,17,9,1,1,-0.14169304663158244,credential_stuffing
44.16294072315461,60.01806568053648,1,62.03140528747954,9,1,0,0,0.0663537640639888,normal
27.078689256981853,37.18063037367401,0,22.481234568170212,2,1,0,0,0.1517639861868924,normal
9.806523488681888,51.576139568124425,1,35.10299874563261,8,3,0,0,0.03420895702384019,normal
28.65343213752779,37.310554510561225,0,21.12776036891278,1,1,0,0,0.14849001184190525,normal
33.336544927205026,96.54038069111569,1,246.0267277910798,11,18,1,1,-0.17713094683838337,credential_stuffing
25.58687975855985,34.32612448066622,0,27.6423380070258,7,1,0,0,0.16309536317494205,normal
11.548504392946525,69.39722112531908,0,9.404232775214506,5,1,0,0,0.1025584366631142,normal
29.29953603855791,18.409906979253,1,18.535383158594623,22,2,0,0,0.06660919336494214,normal
19.59174592061695,47.75478578127024,0,32.931773083103124,2,2,0,0,0.11692939266085162,normal
25.819211986496423,14.172028062834713,0,24.783657482723708,23,1,0,0,0.10192694912280292,normal
21.967061467332933,17.859202304021807,0,26.351155520861447,2,2,0,0,0.10422969935185206,normal
44.94461738113424,80.8427587758848,1,43.49877647788772,16,1,0,0,0.13509550346274907,normal
33.87260309721572,90.30241243179258,1,46.01703218722106,15,1,0,0,0.14291634985417662,normal
38.236198314014906,66.74115575257483,1,31.647438446452,14,2,0,0,0.12557289771501096,normal
28.72045368916573,56.13731214711956,1,54.74115273988707,18,3,0,0,0.057020689169284766,normal
30.724010580959213,60.041575573137024,0,20.592572529170624,3,1,0,0,0.162119092828247,normal
25.614907852949244,38.56127855754429,0,25.334453719412164,1,1,0,0,0.14605394595381943,normal
25.175143023613405,35.374679225922286,0,14.290016491932072,0,2,0,0,0.09094184383414877,normal
29.409266716298905,50.27346495705676,0,19.76094955625475,23,3,0,0,0.08103384040624739,normal
24.228774931366416,58.97258225502192,0,18.33234627293344,6,3,0,0,0.1251713126000456,normal
13.98276776138022,42.14443575665712,0,6.866629208625874,21,2,0,0,0.06364200663360275,normal
34.12603736295628,31.63164589662365,0,15.07293933383022,1,1,0,0,0.12459758070588545,normal
35.09988745556518,50.08677672239981,0,17.376761101837275,4,1,0,0,0.15203184413276394,normal
31.72899527109957,73.21461160392906,0,25.482378865059893,1,1,0,0,0.12706723491400768,normal
38.3878008771558,30.278767095343657,1,27.190675889677912,7,1,0,0,0.12068749997422146,normal
30.1718256553839,73.19969824849117,1,40.155360217952,14,2,0,0,0.12892704702650215,normal
27.82026512420921,56.46109900972776,0,15.889036257312318,4,4,0,0,0.06182739491227851,normal
32.302951124952976,50.25051300901325,1,20.286501305753465,3,2,0,0,0.12809040374898956,normal
25.26161467823472,21.12106681118772,34,23.374052369022067,1,1,1,1,-0.0815306793393702,brute_force_login
25.85226687298327,27.875739804344928,0,23.654854501510453,7,2,0,0,0.14835475548891425,normal
39.503813529889605,67.94092434909254,0,47.89427669471517,14,2,0,0,0.15180072261417288,normal
27.623879122233763,58.832479273129216,0,32.825649127701865,5,1,0,0,0.1693764430905199,normal
27.999184742442228,48.13315055428367,0,19.539611239052803,21,3,0,0,0.09525446988700542,normal
31.336340854396312,37.5028771500655,0,41.76906834906235,8,1,0,0,0.15322598393056203,normal
22.251178060949684,65.83697357699857,0,33.27829673138692,8,1,0,0,0.16413505632134978,normal
30.91437997407918,49.02692838419959,1,17.842821488726194,3,2,0,0,0.12026489807619195,normal
31.971269815649144,48.25893784819275,0,17.535773117879806,5,1,0,0,0.16827304564616435,normal
42.52161117433937,85.75466577454462,0,48.49013841255549,16,2,0,0,0.14033065007636575,normal
22.15057806026485,76.43709747304419,1,18.858176854659757,4,2,0,0,0.11566123498002712,normal
22.024730967939103,46.61977799430488,0,22.70505918676577,21,3,0,0,0.09502900722710445,normal
42.798150246678006,81.20479358937818,0,35.078668344819846,12,3,0,0,0.12800617724422836,normal
29.34897624091499,64.29228165835183,0,30.37069576906937,7,1,0,0,0.17491198111745027,normal
36.29648088071846,86.261705516162,0,52.65420754961361,14,1,0,0,0.16775104324707069,normal
20.259897419108757,72.68352365998398,0,20.687036197137413,23,1,0,0,0.11595299530831665,normal
33.214567496577104,49.407251866526586,1,22.892970212993923,5,1,0,0,0.1470308692657758,normal
29.23903278128352,49.48614771343988,0,12.31382004273278,3,1,0,0,0.15135607128393358,normal
21.68093652791638,37.3460508120243,1,13.390335514674677,21,2,0,0,0.08191339355302074,normal
26.210431928776263,36.7610407078473,0,22.62123028218081,0,1,0,0,0.12378920831595774,normal
27.992139472813268,44.92719924526297,0,29.423987574500035,6,2,0,0,0.14959943956346533,normal
94.0148355019577,28.29675549858945,1,17.51976328214035,8,1,1,1,-0.06239508430865337,crypto_mining
22.12744857086987,54.6708490654464,17,30.79792569620929,1,1,1,1,-0.031099856002048676,brute_force_login
19.325523635819312,35.479805531160785,0,16.56797161633566,4,2,0,0,0.12819276449070088,normal
23.4427199344965,34.95047253536755,0,19.28629489344287,4,2,0,0,0.13967281479162508,normal
93.49672947242352,37.53068156777165,1,38.04904883209801,8,1,1,1,-0.03863146120584571,crypto_mining
31.367679393658783,81.93093021109472,0,36.41284702463685,14,1,0,0,0.17658478243149328,normal
25.23828293031781,58.05237025933514,0,29.76829065686933,3,1,0,0,0.1595050886856652,normal
38.68198328589424,87.84828516765405,0,50.49844319253672,12,1,0,0,0.16120057958648099,normal
21.452331943781765,40.32786595409775,0,17.247258175701443,1,1,0,0,0.13753603154171723,normal
20.96967526445153,33.96343563251055,0,30.0770338280083,20,1,0,0,0.1400332264697668,normal
44.350486266685046,83.10224542687106,1,42.19556571990011,11,3,0,0,0.08881724285228809,normal
43.50647788283491,81.54221364732604,1,66.19681710958332,13,1,0,0,0.06838617730902702,normal
26.66509515329134,40.7691903535623,0,19.962331265216903,1,1,0,0,0.15148198082056735,normal
22.992992584954308,42.20248781412161,0,19.651003740042665,4,1,0,0,0.16081406785111463,normal
96.26626486501364,42.87014873476717,0,22.030181493381,3,1,1,1,-0.030686444948033187,crypto_mining
35.84760880801185,84.26767973782468,0,43.01245803275334,16,1,0,0,0.17306421204909744,normal
50.513622660541735,82.66744699558151,0,51.40562535568666,11,1,0,0,0.12252662490377947,normal
41.63452837992166,98.2232604527455,1,44.03736807193587,15,1,0,0,0.12380427824336981,normal
34.4526153137314,83.99443034660935,0,34.49781723812549,10,1,0,0,0.1734900693044738,normal
33.82620814490262,64.07617135809937,0,19.00232119385341,6,2,0,0,0.1479209093754401,normal
19.21479957146053,33.24287358193081,0,25.780601121385946,1,1,0,0,0.1268882143724222,normal
22.483391484048692,43.87370224803024,0,20.97714706339961,8,1,0,0,0.16739061768856855,normal
29.89199453664168,78.0531375619296,0,38.20093628751666,9,1,0,0,0.16665527141589437,normal
25.410229395805956,61.755970951293165,0,14.54758878837179,22,1,0,0,0.13892127914092522,normal
41.2175381251078,77.75546083622311,1,43.03949834918594,14,1,0,0,0.14786680684210013,normal
50.48882241472501,79.38078839911444,0,43.07426799278489,10,1,0,0,0.13407490050279947,normal
24.535034200642077,65.48842580540828,0,18.9710901936648,20,1,0,0,0.15370138223205765,normal
20.089428004347997,45.99494357349453,0,17.83649175006875,21,3,0,0,0.07971343801151104,normal
34.455254857011816,54.98919138424962,0,10.966956870784694,8,1,0,0,0.1461623054458993,normal
47.968996323744,71.2975441681322,0,48.95248520117488,13,1,0,0,0.13318291374617613,normal
22.693675740442472,51.80559693433341,1,33.728599898174174,21,1,0,0,0.10687535955779343,normal
40.61113777157192,79.35715628509493,0,46.25188831063692,11,1,0,0,0.16627405969508308,normal
35.75468628823536,98.1689824473952,0,33.361407892437235,18,1,0,0,0.15064047405532838,normal
45.29438253873988,78.96170888087723,0,54.24398692637536,18,2,0,0,0.1155272213580969,normal
29.67796319361604,37.08067846421148,0,12.236553891544716,7,1,0,0,0.14961743545623868,normal
24.72847418821398,66.13901184051198,0,26.13363690189474,23,1,0,0,0.12526553726460893,normal
42.84179246086872,80.00477917197603,0,46.15588797499996,18,2,0,0,0.14132629897956217,normal
22.375250198059536,31.61161604840081,0,22.64025243146637,0,1,0,0,0.1161729478025243,normal
18.218777651956454,43.06056085110664,0,9.128895343689278,1,1,0,0,0.11530581183038507,normal
37.60103959428084,68.47708647491777,0,19.42477772473962,17,1,0,0,0.15841959989876186,normal
33.40900207931295,43.598202936148624,0,23.07203637134933,21,1,0,0,0.14471778409326547,normal
20.474211204357143,109.13496516210029,0,32.727874623177264,3,1,0,0,0.10699230842511526,normal
39.497692240904726,80.28828278325905,0,57.54504554944415,13,1,0,0,0.1485107930750712,normal
33.09507429333223,30.32419350633965,0,24.09655196987304,20,1,0,0,0.13696691320198168,normal
10.454558438362351,32.22572088160888,0,17.893816437796147,2,1,0,0,0.09859721241084796,normal
40.460931346361534,63.27310606004768,0,37.776743815851376,17,2,0,0,0.1506824641127688,normal
44.61303805581338,81.21715747774431,1,40.09641198733814,18,1,0,0,0.13446792295139293,normal
23.364731671829144,39.37720757960626,0,19.206627751705124,1,1,0,0,0.1444532018100509,normal
22.203780988790548,64.57016426812223,0,36.2116490487166,1,1,0,0,0.12448942907369986,normal
29.51862585192667,91.75202159313376,0,39.79033353907297,16,3,0,0,0.11062681945548158,normal
30.62749322506393,53.8391656561752,1,12.244503061067263,5,1,0,0,0.1311412538035427,normal
19.16621053159099,48.30244027564905,0,22.910149358852355,1,1,0,0,0.13850713980893808,normal
24.11716297111536,72.93651510009872,0,22.619902056998747,1,1,0,0,0.13448999729736455,normal
13.28747320286499,54.71033903729172,0,24.349254833461128,4,3,0,0,0.09149812130732027,normal
25.81257300831974,66.04537522609411,0,17.190311427394118,3,1,0,0,0.15811623405509406,normal
29.067251917185445,72.11746051355772,0,7.047705177424479,5,1,0,0,0.14906232676657244,normal
29.034336025668296,35.56251747621017,0,34.61623196644502,2,2,0,0,0.1180482359853865,normal
23.16733178534991,57.58796537174234,0,23.08299175425179,7,1,0,0,0.17223100416484483,normal
37.29224954619311,63.07766854811136,0,23.70601555708113,21,1,0,0,0.1377744751167133,normal
37.9214409639586,79.6800142755337,0,54.21062927212918,17,1,0,0,0.1572498801497096,normal
25.991440300389552,36.81295860338473,0,19.079299069804534,8,2,0,0,0.1436446087286451,normal
39.24001583591402,99.3844062032706,0,38.30617174742941,18,1,0,0,0.14768696501871287,normal
31.54110082612268,58.81752682798684,1,19.522173367173643,19,1,0,0,0.13083068078570953,normal
16.834990130193525,62.21484277111666,0,15.356570759603208,20,1,0,0,0.13126892628358022,normal
16.038941330481137,39.97350454026845,0,21.03908499731488,1,3,0,0,0.08544171178081489,normal
47.03030748829696,99.59925603942573,0,45.0472976961934,15,3,0,0,0.08168859049857707,normal
23.989481727826718,32.32480812789731,0,20.90008944634604,23,1,0,0,0.12009411256221886,normal
42.63671614274794,68.95902172189025,3,50.3662898567534,10,1,0,0,0.06534262757115272,normal
27.091570719165883,61.15266005501895,0,12.954559279711331,1,1,0,0,0.13682160788439635,normal
24.215196437638262,790.3025830034057,0,26.65535373262569,1,1,1,1,-0.014363775028351289,data_exfiltration
43.82144847401791,89.85299094964253,0,42.230603524411904,12,1,0,0,0.1645576197628172,normal
44.02762082023212,99.29075155795138,0,42.73315759929185,15,3,0,0,0.10060075194701645,normal
19.62014663610875,43.13274545614721,0,8.14536834258072,4,1,0,0,0.13309210131032284,normal
17.650000668039695,43.11493309665636,0,12.775035043016008,6,2,0,0,0.11702989659770313,normal
51.1462140612264,93.05090325361226,0,40.79285707757443,10,1,0,0,0.11920193534667534,normal
18.40792375939369,45.15985302500052,0,21.842217422461943,8,5,0,0,0.04211748501518253,normal
51.079821976286,93.7665822582725,1,36.51836341744755,15,1,0,0,0.08772949335000652,normal
20.45030758667446,37.62899030746456,0,35.90337145640476,21,2,0,0,0.10338242842549616,normal
25.58789892082537,74.88304541682994,1,18.267765385540987,8,2,0,0,0.11535282194997515,normal
36.01938305668307,83.793149862735,0,47.9091171517973,11,4,0,0,0.09387172851324249,normal
16.627308971469567,18.945896832299077,0,23.696512090406635,8,1,0,0,0.12578713206068348,normal
26.932193606831877,91.71513431910728,1,32.24533798550825,17,2,0,0,0.10868532112755597,normal
28.220265112966157,66.8127020135968,1,55.470159200852,15,2,0,0,0.0927304471717747,normal
44.158645407069166,50.473835092288674,1,22.531008145542955,2,2,0,0,0.08050597575908142,normal
27.419797625000943,37.75090719290625,1,18.57230477876716,6,1,0,0,0.13220731614378683,normal
28.555181843906567,41.54670228126949,0,19.93736902216286,6,1,0,0,0.16650704030523877,normal
37.063514593033474,85.14572796041065,1,49.32665539489297,15,2,0,0,0.11754486317934415,normal
21.536627645736573,69.85640807018402,0,22.39991682108895,21,3,0,0,0.09296110648457956,normal
37.74733737897408,62.34263109824537,0,13.843512118205703,4,1,0,0,0.1369877801470673,normal
40.3630177561341,52.136072999421984,0,7.52435793405043,19,1,0,0,0.11072525239298742,normal
25.19583302014523,60.73796944356721,0,33.024457678372315,21,1,0,0,0.14488442859036244,normal
35.626244499801025,68.51778169336872,0,38.9505007866292,18,3,0,0,0.12216612399564902,normal
34.53713821662318,65.81274746955961,0,21.708522337830416,20,4,0,0,0.06526142562919729,normal
24.09236029807893,73.16138995286067,1,32.2665312131713,8,1,0,0,0.13354330829242889,normal
17.223300014500634,19.48466198173456,1,15.096636691648888,22,1,0,0,0.06078291862012247,normal
33.94940187681313,65.46081202483452,0,48.64994774762861,9,1,0,0,0.16162568349158862,normal
29.54753109954172,92.6389059201569,1,18.12589393952756,0,1,0,0,0.07313008705075807,normal
24.804976641653862,51.450360543302295,0,21.26978866841153,20,1,0,0,0.15535312555214947,normal
21.274914410493302,62.61561915442429,0,15.695575359548377,7,4,0,0,0.0692759355222724,normal
38.73169462109219,82.41463246380734,0,33.71355411558126,13,1,0,0,0.17435225107866625,normal
46.76611776709858,75.21355948623464,0,37.63039924593279,9,1,0,0,0.1469240903685713,normal
38.071373043949976,32.76739820576205,0,16.27949257029261,4,1,0,0,0.13476432208845518,normal
26.44451907693141,22.809080523902857,1,26.185601733725925,0,1,0,0,0.0787039667991743,normal
36.28526231050041,69.63181343313325,0,37.07049014459098,11,1,0,0,0.17772540707619705,normal
42.35097224629661,93.3397686099403,0,40.32044856020624,10,1,0,0,0.15365688092074775,normal
21.83203586940632,56.373794035905256,1,18.59897561328898,22,2,0,0,0.09048748465542023,normal
34.90093378321125,84.82478989387378,1,51.23558411354325,9,1,0,0,0.1331146200141612,normal
38.91597723989017,78.33923681375379,0,11.0574275615332,21,1,0,0,0.09350616129149153,normal
12.185954716127828,70.77306640691066,0,17.753232631389505,8,1,0,0,0.11863709916899484,normal
37.45039023609125,67.80576725999573,1,25.125117239955166,3,2,0,0,0.11270048660583842,normal
32.34361806542734,50.95306932735225,36,15.355468507214242,1,2,1,1,-0.05307817529898573,brute_force_login
29.9585339451506,39.13340359845086,0,18.71454760162403,5,1,0,0,0.1630977836230625,normal
18.447018203691464,50.83095367675001,0,6.651817228873629,7,1,0,0,0.13706831239888478,normal
51.003379276146255,65.58122768823398,0,50.76301691058678,17,2,0,0,0.08320619218709385,normal
21.699308302380768,48.092659558149045,1,16.610599764164697,8,1,0,0,0.1316028962529709,normal
41.10977552405252,56.03818672506316,0,42.10082888136291,16,1,0,0,0.1622922669394652,normal
18.80485657883476,58.195984275009074,0,26.84956935529129,19,2,0,0,0.12719679585174748,normal
41.3211358852308,101.3980423160996,0,44.33475704839602,11,2,0,0,0.13001874258894625,normal
24.04882256183818,59.73721581605631,1,20.882952035137816,22,1,0,0,0.11576187139320859,normal
17.033207959123416,49.465421586024966,1,10.034654377950838,23,1,0,0,0.058431630407304536,normal
38.47013669547487,92.77893606186264,1,50.07513583288074,11,3,0,0,0.08241675732020065,normal
38.6756274582498,77.44111002814897,1,31.4432874284248,16,6,0,0,0.026244619557204807,normal
22.88041518737105,40.75849770141075,0,28.398643201172657,4,2,0,0,0.14016409301193483,normal
18.392281060961032,45.14613393078453,1,25.58320591661136,20,1,0,0,0.10704838084400214,normal
20.3254435637398,44.33015381022174,0,17.498793723518943,23,1,0,0,0.11596668112811215,normal
37.76039052435212,76.33677439736496,0,54.88043655635262,9,1,0,0,0.14738630674892073,normal
31.49060036603697,71.34897381598492,0,20.764525854830215,20,3,0,0,0.10544512276344836,normal
22.53104113262692,64.11599827177896,1,17.710697212652793,4,2,0,0,0.1218305861100884,normal
30.38593462989846,44.71674021653815,0,35.077912757849816,2,1,0,0,0.13956102862119818,normal
45.36946333616095,73.88509132151097,0,48.64225327135318,17,1,0,0,0.1495589861876847,normal
21.6928857020288,56.30464726227807,0,1.5577673061893194,1,1,0,0,0.10639220582770986,normal
39.34883294461091,83.79863633546213,1,45.74681529623612,13,1,0,0,0.14274029190590826,normal
45.95576861787658,95.0408212276597,0,36.93814977225327,17,1,0,0,0.1442209758475334,normal
33.844211095115334,90.88885417472603,1,57.92130057195112,9,1,0,0,0.10439051722707687,normal
43.86711094987175,58.02939977573649,0,44.69468564696572,9,1,0,0,0.15378607083536833,normal
37.3584447736816,91.10500133834718,0,51.65269637721248,11,1,0,0,0.1543869712355354,normal
39.27647686915918,94.91777174042716,0,41.27072755447556,11,1,0,0,0.15801648816046016,normal
41.43273495415908,79.35763431386721,0,49.35772400487614,18,2,0,0,0.13679800751148508,normal
17.923242012953317,60.88731722058196,0,19.914801983371643,22,1,0,0,0.1298227748669044,normal
33.61820820546252,69.19421178766622,0,20.89283601114317,1,1,0,0,0.13636030404159144,normal
32.076640724327724,60.75895315674823,0,0.0,6,2,0,0,0.11906325026224746,normal
44.79100802744332,76.78416602034832,1,52.24367846159301,15,1,0,0,0.12250558414914575,normal
41.126802028255135,88.75150353733947,0,42.99274364119,14,1,0,0,0.16952560864760596,normal
31.853244357313347,64.53116931750877,0,25.644342498049983,2,1,0,0,0.14488956590352042,normal
45.97760091668284,70.17008715198808,0,39.65445324840417,17,1,0,0,0.15287787750457588,normal
26.22078181520334,59.18257427927876,0,14.922871646188089,8,1,0,0,0.16698695609006375,normal
46.46875237476863,57.46363103534672,0,47.7404324270302,11,2,0,0,0.12470506706704887,normal
30.892757519915143,87.59580120849341,1,49.895377784656354,14,2,0,0,0.11008176099995393,normal
42.83558489447826,31.511518512313494,0,37.8250367439706,12,1,0,0,0.14367486763906767,normal
43.9353528267255,68.363210160311,1,54.0298721675468,18,1,0,0,0.11085632829079173,normal
30.35403383729165,50.19034655410357,0,36.306079426964985,12,2,0,0,0.1519019673067183,normal
28.178156526140384,60.36051334022956,0,21.81293949967942,22,1,0,0,0.15005616775719216,normal
32.44897053594799,69.13201596448627,1,44.89769873614774,18,4,0,0,0.05172917014206613,normal
25.58197578995631,53.78005641802893,0,15.760362186634348,5,1,0,0,0.167216588903786,normal
94.63447653391977,87.30328925450858,0,49.809145355438496,17,1,1,1,-0.0012960496950151779,crypto_mining
25.20450080955536,53.21694901201327,0,16.00826461763216,20,1,0,0,0.1553301400228898,normal
19.23532265053066,41.28534478888032,1,16.114426370274646,21,1,0,0,0.09332332783244018,normal
21.05299267688718,52.4102824718848,0,19.866810427909936,20,1,0,0,0.1485079165301723,normal
25.507161902705946,43.90464722944365,0,15.624161812066786,8,3,0,0,0.10595126906689228,normal
39.25762632235098,68.16130107670705,0,36.80372994935557,15,2,0,0,0.14990247240286114,normal
42.33054768206504,65.94432972212357,0,45.22748200496269,17,2,0,0,0.14371402346891438,normal
26.167644731423454,57.00636415990362,0,15.759855224226808,5,1,0,0,0.16929992721671422,normal
35.66957467997648,91.35584002729124,1,38.88139256797817,16,1,0,0,0.14073884564244576,normal
38.2151067947569,75.58815229435746,1,61.7830882292007,11,1,0,0,0.0959377375692988,normal
39.3278062331484,19.70110739086587,0,11.203760821889029,5,1,0,0,0.09979945482829822,normal
41.84699423508331,92.8499767980411,0,40.67913601331395,15,1,0,0,0.16049278094182318,normal
24.69074674835409,47.15750635411806,0,10.472279118055274,20,2,0,0,0.12356682477164288,normal
46.09235397205134,84.2822924403208,0,31.51253562941497,16,1,0,0,0.14547103516618415,normal
17.030883706609416,59.27834535466887,0,10.089053739409286,0,2,0,0,0.0732412893986541,normal
55.06933930950655,91.41788559052264,1,247.169722607078,11,18,1,1,-0.19486829525709548,credential_stuffing
28.00498954602527,63.493981069691095,0,32.77362472810121,3,1,0,0,0.1548518701546856,normal
22.55868853297375,27.42392188619295,0,19.30828210788791,7,1,0,0,0.15908338677559325,normal
23.300691766328605,68.14297101704403,0,21.27687139505633,5,1,0,0,0.16666047809908358,normal
20.09080669946616,58.87701786717523,0,19.8629688747414,1,2,0,0,0.12255317427936063,normal
33.546097098550675,80.78559259587495,0,47.91791051763671,18,2,0,0,0.14621848746436872,normal
41.60230159521555,81.44013901995575,1,44.68670321850725,13,1,0,0,0.1377265189941167,normal
31.7602308209655,16.634238370866967,1,26.29394459854916,7,1,0,0,0.11869612447066302,normal
34.886652142016054,78.46600474673612,1,49.57483160652715,13,2,0,0,0.1157509477718161,normal
25.679622463226583,45.28334314553556,0,21.03869491981845,3,3,0,0,0.1219151512993652,normal
32.62933701240542,71.88854967534166,1,52.39775740391851,14,1,0,0,0.13917761817700947,normal
15.576996378260938,44.14408299324286,0,4.322275666361271,19,1,0,0,0.09473748902725421,normal
27.67921904164427,61.4643887213065,0,15.345157942194398,4,1,0,0,0.16012467997727842,normal
21.91679849597984,508.0684293421885,0,18.89097433147492,7,1,1,0,0.0057371263328072075,data_exfiltration
30.34782212121853,14.1202716566579,1,15.27271877119292,20,1,0,0,0.09162549349588611,normal
26.213682445727315,64.0698440043701,0,34.87321773485036,23,1,0,0,0.12565873275165734,normal
50.703535571210615,63.97343771231257,0,41.76291426595921,16,1,0,0,0.12683491299550803,normal
19.909428194855117,50.36719504777866,0,20.645618891328414,22,3,0,0,0.08808823279211603,normal
39.215723804868986,51.75561553371895,2,22.667467566449428,2,1,0,0,0.07008807724624722,normal
43.05813538734794,95.43273730414391,0,49.46328129710801,11,2,0,0,0.12833609667144202,normal
23.987069660859937,48.23884549482696,0,27.332593987000017,5,1,0,0,0.16739479776487215,normal
19.10623579447192,68.54307467389394,0,19.692600728754535,2,1,0,0,0.13719719209284126,normal
16.884947863355666,50.25603237799589,0,18.408275468489155,3,1,0,0,0.14373237959464724,normal
26.91504706251508,74.05799100901798,0,33.17374977849282,5,1,0,0,0.1613099497072531,normal
31.98843612674303,57.02785404228254,0,25.346169747238143,2,1,0,0,0.14852263068078164,normal
41.515413075979744,65.04409508955106,0,34.65271450598948,9,1,0,0,0.1666220722471637,normal
13.7593521762723,49.73947988736353,0,265.1299763385249,2,11,1,1,-0.16422636813363778,credential_stuffing
23.754736867712936,95.5825956797314,0,46.90908636790643,15,2,0,0,0.11403152746091672,normal
19.8629809560295,43.43266815707521,2,20.58609465735914,5,2,0,0,0.07194265598916821,normal
47.15986603556276,58.602752650682525,1,50.066456529041865,16,1,0,0,0.105106957384271,normal
23.715593813632832,58.085622451291385,0,20.2006595816925,3,2,0,0,0.14749563005739336,normal
22.675828212683133,41.57509164611861,0,11.36606230205343,20,1,0,0,0.13703210192399295,normal
38.29126354290763,71.98817537580656,1,52.05019408354456,11,1,0,0,0.13789297432509717,normal
23.81155821910384,56.974424682591454,1,32.22996395151519,21,1,0,0,0.11227555364060637,normal
39.91437788230367,83.99782474967301,0,58.496364206956095,13,1,0,0,0.1429993149802622,normal
42.89520225892712,83.64832359878339,0,43.7889180900336,11,1,0,0,0.16460709827404896,normal
31.58332114963863,41.74267609598556,18,43.64128427212411,1,1,1,1,-0.03714553138252685,brute_force_login
41.68809008493746,90.95120138806396,0,44.78766491030591,17,1,0,0,0.15538098956639157,normal
25.657429480467147,50.67234697898427,0,30.89747190119801,4,1,0,0,0.1615189616220128,normal
42.35018809606284,102.51915325267592,15,56.5819977001968,2,1,1,1,-0.04147819645090767,brute_force_login
37.05073351715857,77.25024736965044,0,36.270189582324456,9,1,0,0,0.16895421200180832,normal
22.456593566004425,72.87954938111886,0,34.50532860515879,2,4,0,0,0.05327218017932561,normal
29.921394389835903,39.45750780596838,0,25.696693526585825,4,1,0,0,0.16105614684456665,normal
34.12976333430981,85.05068443130916,0,39.938572373480085,12,1,0,0,0.17974514379721696,normal
20.69161129829041,57.92404908372658,0,5.454923670486554,5,2,0,0,0.12440495525946726,normal
42.64212396326748,80.20479368112585,0,50.35139737618833,14,1,0,0,0.16207403360839667,normal
26.057138935016155,45.97951119008584,1,25.4256370975154,1,4,0,0,0.04957271788345685,normal
39.708085890577294,74.58369254919695,0,43.05475945776637,15,1,0,0,0.16630275476097622,normal
40.61009868508237,34.51200085685884,0,17.051355290078977,0,1,0,0,0.08592061824136515,normal
32.36601395483975,45.42998249366516,1,22.87600005706125,20,1,0,0,0.12783609813619223,normal
43.184098738060285,670.0369602322999,1,46.34925996137446,11,2,1,1,-0.04371950515147094,data_exfiltration
35.04753682012627,97.55288501105842,2,43.50515353601482,17,1,0,0,0.07685993244802392,normal
13.147200601876772,63.70410826352051,1,15.50769453558203,22,1,0,0,0.06680980796072122,normal
22.66991837019305,41.61775562394808,2,19.44614827221339,19,2,0,0,0.05216624366245659,normal
15.431781596399228,70.92652859753446,1,28.936830332217028,1,1,0,0,0.0813058697975666,normal
30.236129632316107,83.01600485047088,0,53.24520069513856,18,2,0,0,0.13095442081156977,normal
18.840247102694924,73.78661852069507,0,21.12046036010957,8,1,0,0,0.15009505960983777,normal
25.075259447763223,87.23059695829474,1,47.92294527655696,9,1,0,0,0.11954821867397147,normal
28.081600639418298,73.3574133454799,0,25.22329809770573,1,1,0,0,0.13480960491873878,normal
28.30891225624281,33.757392066974845,0,20.93348233458672,5,3,0,0,0.12223728945772278,normal
29.067555228035616,57.18271359826603,1,28.574277880899707,23,1,0,0,0.09861491235640557,normal
38.142721364116056,63.8456818868308,0,45.08135686694508,11,1,0,0,0.1673812603797638,normal
29.935437527202883,63.121320150644095,0,14.443567786593754,19,1,0,0,0.15113762681012355,normal
28.324346626695444,50.324981175553454,0,21.25075444976095,6,1,0,0,0.1722062486563592,normal
28.505884998611855,26.833176363746688,0,34.27438131202734,3,1,0,0,0.1326906402450601,normal
20.42719930891541,44.16882059492748,1,11.969721352005251,23,2,0,0,0.06098492763433139,normal
25.20404857736888,37.94263027635882,0,15.380542871167254,6,1,0,0,0.16060949830906546,normal
23.205585488619672,74.94059024005244,0,27.65260646980785,2,1,0,0,0.13136953073740704,normal
20.989270534880934,76.66467228229143,0,21.52575274536832,19,1,0,0,0.1460710855108212,normal
30.10674459028143,44.10734163849189,0,1.46070420980897,3,1,0,0,0.12522708012578793,normal
20.9855635680405,49.87458819092815,0,21.173098067393298,22,2,0,0,0.11972230203313022,normal
26.38964484500855,32.49623297942836,0,22.391032035766163,21,1,0,0,0.1471636232994184,normal
27.702912902870047,58.46946759429666,1,46.23806154675525,14,1,0,0,0.13542915608900757,normal
27.425277191663994,40.77029176889438,0,3.356087079056511,0,1,0,0,0.09213807932528206,normal
23.14560257957044,53.537975986243566,0,9.008576536275957,20,1,0,0,0.14068163909452702,normal
42.94847653813317,80.31206035658816,0,58.756719372159694,12,1,0,0,0.1374612778119934,normal
44.39832568879599,78.19592091011351,1,57.03612690227503,17,3,0,0,0.05445249836226185,normal
56.94532255837122,42.079931164692645,0,55.57081458131097,11,1,0,0,0.06291625558058411,normal
29.391733015059074,45.79963650617346,0,27.099840415437804,23,3,0,0,0.08213881134570683,normal
51.91228237156176,74.69273710681728,1,61.17965444015986,13,1,0,0,0.04429089597841679,normal
36.96019099727248,29.96147675796356,0,56.118475148721785,16,1,0,0,0.1157579548808132,normal
26.77559944207657,49.48530003875287,0,32.57414496599978,3,3,0,0,0.10995090096447402,normal
20.93802916924881,30.181861522158066,0,18.7145461468225,5,1,0,0,0.15006197005044125,normal
42.64035957413887,81.03311959270654,0,50.75291673305583,14,2,0,0,0.1435049592944616,normal
41.1855976281544,78.06053814446739,1,39.418307840911936,16,1,0,0,0.14527045383017023,normal
24.82140106998159,60.86003382500024,1,26.41930503978641,20,1,0,0,0.12764446066729956,normal
32.416559051262624,68.54734268276265,0,11.323632720791098,21,1,0,0,0.1213774252232131,normal
17.070665280933696,47.620384609353486,1,16.27564453843452,19,1,0,0,0.09922350426384191,normal
39.482697411955286,79.05877211646273,0,33.92363826525217,11,3,0,0,0.13232532844822437,normal
53.94803983511691,80.2198386480519,2,57.96280758003276,12,2,0,1,-0.006676369859389686,normal
35.12305845798061,67.29921008110242,0,50.20442297474247,12,1,0,0,0.16671188504344087,normal
34.984778466290166,78.2567410512292,0,44.67965482172066,10,2,0,0,0.15062186897173258,normal
17.61481410139627,30.559269607641077,0,20.247321092292268,2,1,0,0,0.12902406143891976,normal
32.68743192113788,14.866296943890532,0,20.90473566371675,7,1,0,0,0.14072117373187298,normal
45.85858826318841,69.0880279031858,0,46.591674697831856,17,1,0,0,0.1417845987413346,normal
43.178825067491694,81.03627789086407,1,41.92447330472619,9,1,0,0,0.14201378384058327,normal
39.91697352343458,90.50893095915691,1,50.66126438262573,17,2,0,0,0.09763638188461388,normal
26.143813547590145,65.53874314148051,0,11.44927749727339,19,1,0,0,0.1453254907724278,normal
28.893291555423037,49.66423015254785,0,13.400161400060531,0,1,0,0,0.12228367852776384,normal
34.03846290643578,76.63539758084531,0,30.79096634330489,12,1,0,0,0.17491221396526085,normal
36.69668840974907,96.4735370528514,0,45.3458710034597,15,2,0,0,0.1446000797710541,normal
28.467871141837342,61.44437385070957,0,22.07726573817358,6,1,0,0,0.17469679028083007,normal
25.52209888235432,73.8682293632344,0,8.890031508719794,23,1,0,0,0.1070485893971087,normal
45.33422273367936,97.50936076075668,1,39.00127893556704,9,1,0,0,0.1173298256652286,normal
31.826660684011973,46.563648449252696,0,26.53082182040741,23,2,0,0,0.11471737185590364,normal
16.902101978679156,72.8041698332425,0,5.651591388957851,3,2,0,0,0.09291759879166867,normal
50.72343978762801,73.06826054300215,1,50.26697290108059,10,2,0,0,0.06481639903711356,normal
36.32326785709368,79.248791017153,0,36.26427327771207,14,1,0,0,0.1785372401186986,normal
35.04607790318715,76.53933541272765,1,54.08253138029665,12,1,0,0,0.13666690171595614,normal
21.655461681350072,76.22203358786427,0,16.86920244986419,22,1,0,0,0.12788901011040937,normal
33.53574353809145,96.66717822806694,1,43.54622844170646,11,2,0,0,0.11640849541106058,normal
40.13133292698901,81.7789163458531,0,47.54643871438128,9,1,0,0,0.16000448121611172,normal
21.944719824405198,73.88337610473162,1,9.543184790269294,21,1,0,0,0.09809526818831676,normal
21.998813097424023,69.84459962518315,2,14.291520965908958,19,3,0,0,0.02642856726556142,normal
15.70623684967915,70.56648220867883,1,13.767482552500365,7,1,0,0,0.10911917342450139,normal
34.256840642618094,49.37588756944409,1,26.41672564110496,7,1,0,0,0.14142557723120514,normal
17.43469627398973,41.62800110513824,1,28.84518069407081,4,3,0,0,0.07644428767461015,normal
39.49730140066561,93.93151302613664,1,47.57476996712301,13,1,0,0,0.1281419047896868,normal
38.88941410347269,82.72188510413808,0,44.00206705719098,9,2,0,0,0.1447246834297075,normal
15.025048071785951,33.06403367251547,0,26.101929254732656,7,1,0,0,0.1325977248273738,normal
13.659938972902342,74.02848187384973,0,23.691704151273346,20,2,0,0,0.08976906069028878,normal
26.747216530828197,32.83617775603069,0,16.805493035759316,7,1,0,0,0.16004694920772344,normal
29.28847389933367,70.3965783999247,0,17.23664801774849,20,2,0,0,0.1319069895993733,normal
34.49072700094125,68.48739444989285,0,59.55460448323576,16,1,0,0,0.13551550533355627,normal
43.28991776532699,58.330381203973786,0,41.119235088481645,17,1,0,0,0.15999544059977272,normal
23.505568932081754,58.35076964950128,0,25.226763459621942,0,1,0,0,0.11869033174257093,normal
35.94164618764438,89.52868304905935,0,38.32099514937278,16,1,0,0,0.16509789656346913,normal
34.03682395099088,109.15376131066344,0,27.731978345785777,15,2,0,0,0.12192220475597948,normal
21.971350472630697,41.919105794803386,0,20.708495550789333,3,2,0,0,0.14267885053464763,normal
32.49076345485734,92.65685038822365,0,44.44822589846115,15,1,0,0,0.16172919001798486,normal
22.85053373255495,52.67359615857583,0,0.526543678241584,7,2,0,0,0.12197116928217688,normal
39.45354483788184,67.72287370804747,1,50.74092228538244,18,1,0,0,0.12153837099374476,normal
55.72475854617985,91.38519455873283,1,60.08023689604641,18,2,0,0,0.012852370017810921,normal
33.28198063224313,75.0938985370432,0,44.01392775328786,17,1,0,0,0.16439173545346963,normal
26.946751626115105,61.49683939774563,0,14.50927851450469,22,1,0,0,0.13909791994528753,normal
41.186053401725474,75.08588710861832,0,48.89353674292329,10,1,0,0,0.15736532107903084,normal
23.67989183404196,57.39881264289548,0,23.323181536828027,22,1,0,0,0.14670956802935176,normal
41.08522666889459,84.48793433270134,0,55.62772211953561,9,1,0,0,0.14258277986097462,normal
42.85814661613732,78.13548591682252,2,53.1633368342068,9,2,0,0,0.04572060599464273,normal
21.149071576333952,40.30463694275955,0,22.201609892305928,20,3,0,0,0.09449999682384369,normal
34.55604064376641,73.86252396179088,0,47.08556943382575,12,1,0,0,0.1714778490990062,normal
40.84589619767236,80.93647554991165,1,52.60648073122091,9,1,0,0,0.1286787583660834,normal
26.26770215367684,61.30466422450196,0,24.402550955401125,19,1,0,0,0.1625703726820379,normal
3.393489373242893,54.90006382313251,0,31.09720737978428,7,1,0,0,0.10551026392281493,normal
25.291129767668963,57.3800608115444,0,10.60474309324242,8,2,0,0,0.14066100211709504,normal
26.732161775679145,44.11928325999328,2,10.043512169814544,6,1,0,0,0.0853554495149707,normal
40.42752249946536,90.80336025358112,1,57.805129188783766,11,2,0,0,0.08636589346889362,normal
14.624902662979478,64.60006174420131,0,19.51588374347457,7,1,0,0,0.13951531738919665,normal
17.05092531440356,70.14512125604196,0,27.978748124649112,21,4,0,0,0.039988555818877225,normal
93.1954231215204,49.900941342749526,0,37.33960560489396,19,1,1,1,-0.018754090797960532,crypto_mining
25.4629389773063,64.07856600589909,0,24.286028948008813,7,1,0,0,0.17666153369205395,normal
35.21021653276928,84.22877031126575,0,55.13783966064979,14,1,0,0,0.16181061440444455,normal
21.4922936160568,51.085178259787725,0,24.539032778728764,23,1,0,0,0.1210849339129208,normal
31.54923222181864,99.08297831375148,0,48.9694381259311,11,1,0,0,0.14310588716688588,normal
25.432919420930567,61.024039613814736,0,28.80012057491667,5,2,0,0,0.15437614681827366,normal
37.40622892535602,80.02483783432926,0,51.00252458688416,9,1,0,0,0.15582588023197097,normal
31.86016918123497,47.51047388307613,0,22.86642229287388,0,2,0,0,0.10861883597813532,normal
13.520318532053214,43.01073532891924,0,21.0547865378166,0,1,0,0,0.08944564601368621,normal
21.803794962028533,52.8051158221208,0,24.719048262695477,1,1,0,0,0.13969885521884712,normal
29.458787803590987,85.40870023829453,0,40.38106471669614,15,1,0,0,0.162886578399347,normal
31.34034946768251,59.15200317631901,0,23.81380227428088,0,2,0,0,0.10171389630017946,normal
35.91171858958256,78.40801988581526,0,56.26128621151112,9,1,0,0,0.14148315194419914,normal
23.429450258673437,36.91233085091545,0,14.49598754199685,23,3,0,0,0.05837527968391004,normal
30.662293034536265,47.85760042107274,1,32.268261444432795,20,2,0,0,0.11390873814573854,normal
36.69647759799576,81.47120675419691,0,33.467649409496445,11,1,0,0,0.1736545819604896,normal
41.44526054320245,54.70144635377847,0,42.84159738366969,15,2,0,0,0.14587991769441766,normal
39.5704044888516,82.14627405541992,0,49.79023704865355,14,1,0,0,0.16307844103213953,normal
18.62617771764337,37.16775956111628,0,11.180809087588168,2,1,0,0,0.11660379536913812,normal
14.612792179330448,56.56928394469633,0,23.66273480575684,4,1,0,0,0.13073336773776162,normal
16.56659788492815,43.15256585743857,0,29.49049238601293,20,1,0,0,0.13030560298647764,normal
38.38028861904902,73.10786852071034,0,48.150703409258334,13,2,0,0,0.15387868604341093,normal
32.99530880599077,47.92148564903884,0,14.719658254811756,8,1,0,0,0.1591358682833267,normal
33.57949140204308,98.15249143047978,30,46.65681930960127,3,1,1,1,-0.05424773271777483,brute_force_login
23.67660435839612,53.33566623395835,0,11.849473476090024,0,1,0,0,0.1130246697393959,normal
14.875933917335738,31.304895595686894,0,7.285231713470278,8,2,0,0,0.08707305433092738,normal
42.2874679309726,74.91192852185175,1,43.2815200953891,13,1,0,0,0.13537040586836485,normal
24.81088892003137,684.3732971857856,1,23.568596804044017,19,1,1,1,-0.03188293564817768,data_exfiltration
41.44123506367734,108.02049387438664,3,37.03970784328519,10,2,0,0,0.04695143392101098,normal
22.518366799470133,25.834958481722488,1,27.904889542446004,2,3,0,0,0.0640098003281589,normal
32.76386577155129,49.67009715877905,1,31.836269160072103,10,1,0,0,0.14861403105364446,normal
40.30136619499408,106.70679126938607,1,40.7634556368014,13,2,0,0,0.09951593135237263,normal
37.17241755578488,62.44006204699717,1,52.01777327620944,18,1,0,0,0.12264884495585104,normal
36.4605076225004,89.30139796380301,0,51.21835740273816,12,1,0,0,0.16187165380401186,normal
45.44813597521715,84.73059344191086,1,71.33735518313338,13,1,0,0,0.06312888106291314,normal
23.623706008867195,49.53259452797784,0,32.911783168932395,5,1,0,0,0.15950707163772648,normal
26.30009871378572,53.69275916443951,0,29.331215184878367,3,3,0,0,0.11723691162287797,normal
45.87555846572178,70.47806776843638,0,44.86459711950295,14,1,0,0,0.1513759821829384,normal
41.12194125834799,65.5190576122745,0,47.77060637879465,18,1,0,0,0.15333122448092817,normal
25.65352860829624,69.51021690114992,0,32.6727117233912,14,1,0,0,0.16687278153904167,normal
30.2863533523446,57.59545206593094,0,15.581748022507943,6,1,0,0,0.16621509294726305,normal
48.01342273322054,83.11441097023862,1,44.296845135600535,12,2,0,0,0.09536272546067376,normal
40.47428681290168,74.16846874355628,0,52.979324211606674,14,1,0,0,0.1581514991310014,normal
26.351584703485297,35.11011476822628,18,19.709169029727327,3,2,1,0,0.0012825352928472755,brute_force_login
42.31426504318871,98.79595590393367,0,39.47685016980795,9,1,0,0,0.14453877406593202,normal
38.36195951186449,74.19420460649408,1,44.33152392121045,15,1,0,0,0.14490372234868532,normal
25.163880279108632,46.31271309933414,0,15.237788613650356,0,1,0,0,0.1251794977981074,normal
35.314243677050925,25.791478167815125,0,19.826413329991997,4,1,0,0,0.13877020088632286,normal
19.987917680441456,59.62818592216654,0,19.00778747827747,20,1,0,0,0.14404761149742623,normal
33.28083363321109,48.81609986338167,0,30.560475387327315,0,3,0,0,0.07182730366377832,normal
57.61394741396667,84.62192504804757,0,46.113370013553975,15,1,0,0,0.10121229438693902,normal
29.14283611672908,52.580883835493886,0,28.1414206887866,3,1,0,0,0.16114807725383534,normal
52.0612272325981,88.92696778870653,0,34.158696036446344,14,1,0,0,0.11186572732024258,normal
41.00143133392005,20.202092870337164,0,18.276352272914234,19,1,0,0,0.10173847232226613,normal
26.545302344336587,48.84701889494507,0,12.50473249866726,1,1,0,0,0.14149213336002414,normal
40.14388011409356,100.97936915839122,0,54.364127420413375,18,2,0,0,0.10534685665005034,normal
10.070035879522065,57.6514809681091,0,29.086651604559734,2,1,0,0,0.0952842594348502,normal
33.15513696498415,61.68024118588684,1,23.69888634065272,22,1,0,0,0.11642180340094888,normal
23.512274756032664,51.12277718323427,0,22.638499253487264,8,1,0,0,0.16996692161693688,normal
30.309055496806952,59.01579402611155,1,16.123020544242987,1,1,0,0,0.11859301582607135,normal
21.626991840530188,47.078155680751465,0,16.532602204414513,7,3,0,0,0.11252368095927395,normal
36.852597917397695,57.901900551871,0,59.51311824295524,13,1,0,0,0.13110375244287104,normal
23.870785367363077,53.45800500817009,0,26.70917778665553,21,2,0,0,0.12486768483403432,normal
29.722507622454717,47.46822893876076,0,11.66461555179219,2,1,0,0,0.1383778219149771,normal
91.14569310943634,68.02125547680538,0,24.729587919757225,1,1,1,1,-0.04062196505152693,crypto_mining
35.5990708019658,49.93277305434813,0,14.08639792585861,21,1,0,0,0.1244918984497902,normal
20.837173492589063,39.75885732793648,2,7.363177672619205,1,1,0,0,0.045182904265458235,normal
26.169730554473123,41.92475813733535,0,26.57481397213745,20,1,0,0,0.1593699776226526,normal
19.15190997863607,27.60215281686603,0,27.393199049294523,2,1,0,0,0.12908194901632764,normal
24.256645820588798,26.95310444680817,1,8.089096408122803,4,2,0,0,0.08630880665680052,normal
22.935411830426,37.81427967964942,22,7.584021310920367,4,3,1,1,-0.0547302729351693,brute_force_login
32.685637460000365,37.804657217467664,1,18.641872587966837,7,1,0,0,0.13278680890637934,normal
40.19664182533469,71.12534539604718,0,48.1212834244044,11,1,0,0,0.1624395396273955,normal
46.42648300241683,79.90398871095293,2,50.51409315860573,12,4,0,1,-0.003703549293195718,normal
58.912340407072506,86.03985472470741,0,57.38424891655176,18,1,0,0,0.0581790761284699,normal
16.7362270643674,57.2399753906196,0,24.734170986935105,2,1,0,0,0.13309200103077934,normal
14.531437674368192,59.16659143169037,0,6.14066117978774,22,1,0,0,0.0772376515889337,normal
36.71884635255765,83.67853771841355,1,51.07182697219415,11,1,0,0,0.14244670586403846,normal
19.75338610996049,38.528475652212,0,36.11900197397485,8,1,0,0,0.15003354820191195,normal
47.64657056012549,97.1274639160435,1,49.78913491035232,10,3,0,0,0.04342105226191634,normal
39.58219928019935,89.45161993375599,0,48.15858193074296,13,1,0,0,0.16187540681546436,normal
39.59277170980311,82.00518257356435,1,45.92639413216526,17,1,0,0,0.13753069672666174,normal
30.507171682328657,64.91568096488069,1,26.678964010914783,4,2,0,0,0.1274037121313188,normal
18.07776205821781,69.3699609359744,0,18.93417973761841,2,1,0,0,0.12940312137671678,normal
51.33567277302397,71.25605756601098,0,38.49916555246776,13,3,0,0,0.0792976824535504,normal
26.590983536479524,82.26746062138653,1,20.790827610582426,3,1,0,0,0.13565858516514218,normal
20.36404332837505,96.44883344213824,0,10.861614447960577,5,1,0,0,0.11319953541538186,normal
37.23815942455382,65.01219645557512,1,45.548240792927785,12,2,0,0,0.12468669249578518,normal
34.93244267852977,57.24273118622163,0,25.053958456689656,3,4,0,0,0.06594096361847163,normal
38.39116516454942,103.16500230456852,0,40.418214842658536,11,2,0,0,0.13463057797744632,normal
25.20231432940632,47.94252633688825,0,20.285493591340234,1,1,0,0,0.15182477177314296,normal
27.68847004607735,60.537545285950365,2,13.090569170985262,7,3,0,0,0.04642016155683809,normal
33.71846949935856,69.42007503586,0,44.90897537813574,17,2,0,0,0.1523950540728502,normal
45.27650224682442,70.3419198333747,0,51.702790191729,11,3,0,0,0.10481801066802071,normal
32.884449889147625,45.723567262574925,0,211.73876201861825,22,10,1,1,-0.1322019179153473,credential_stuffing
39.80631633370318,73.73367312618775,0,55.98024681221733,11,1,0,0,0.14698429799758922,normal
40.33434947373217,93.96331074187756,0,28.6243907476848,10,3,0,0,0.09803766985283824,normal
33.88678025759959,77.43634919787885,33,37.26952023933399,3,1,1,1,-0.03762691259680573,brute_force_login
24.195896999962493,32.55934341008358,0,17.902847354123953,0,1,0,0,0.11666453506771218,normal
31.604928390535637,22.05704620323146,0,6.59362992528742,7,2,0,0,0.10224245942293103,normal
16.46659299095876,43.71299309616643,0,29.77828827485171,8,2,0,0,0.12769249613416794,normal
14.092124647677071,43.22937153377985,0,18.86255734262024,3,1,0,0,0.12828430578212424,normal
26.60485233338837,38.02721159154551,1,28.85677120472728,2,1,0,0,0.12367563250850433,normal
19.7548043799151,61.59697795704837,0,14.983597836612212,1,1,0,0,0.13265495358570917,normal
22.691247858375576,50.23081346751903,0,32.25621001678481,20,1,0,0,0.14463440234536906,normal
33.221758872054295,82.76179097492255,0,49.617129993158656,9,1,0,0,0.15917382466195523,normal
50.31018397458325,77.58308769970998,0,59.92708660400828,17,2,0,0,0.06282678606673203,normal
36.36483507544664,76.44721926316733,0,42.67392261033437,17,2,0,0,0.15497763756482402,normal
19.92907624944305,32.319633023056184,2,20.95559509487837,2,1,0,0,0.06203316201025183,normal
27.938700072603623,82.63313365752722,0,41.88156652453012,18,2,0,0,0.14556980231083466,normal
18.3713519581509,46.50296101182423,0,27.226855418486288,21,1,0,0,0.13096565984145925,normal
20.331431285003717,50.25829374095841,0,0.0,6,1,0,0,0.13063419153694034,normal
32.089406298514874,56.55151626665746,0,18.84896828728973,8,1,0,0,0.16417561922610158,normal
36.38833334838894,83.30484937536377,0,48.50330831456187,18,2,0,0,0.14461570365621101,normal
34.59682564068274,47.663670371251854,0,13.944021994596469,19,1,0,0,0.13668075826133907,normal
34.29585583950847,82.921610084421,0,47.00573407926514,13,1,0,0,0.17186312002587567,normal
43.89225932553786,84.03207401658847,0,45.51659482100516,14,1,0,0,0.1663400170306923,normal
39.25760391940146,105.16948755453046,1,58.08086465041863,12,1,0,0,0.09113151873619496,normal
35.926117921221206,69.11989938777864,2,63.5599361700207,15,1,0,0,0.037428893761659254,normal
31.13845043480859,76.88964846958993,0,52.75582644609476,16,2,0,0,0.14062836538362722,normal
25.205630885201334,40.148444624724256,0,15.67302452963537,23,1,0,0,0.1235706340217696,normal
34.861249054723174,51.658236793281965,0,27.269937449709992,21,1,0,0,0.1370911868052152,normal
28.04961183804754,44.773007129570296,0,32.241807838605666,0,1,0,0,0.10698702393399528,normal
19.292893777672266,38.446595253347866,0,11.652649228915228,22,3,0,0,0.058459142939638886,normal
32.30775491383335,32.465286346812505,2,34.45321539027141,23,2,0,0,0.014670346665364153,normal
17.2770185884945,31.22116609289821,0,7.428403067308432,2,1,0,0,0.09612793264398506,normal
42.555061951778974,650.9771488975225,0,41.76279364078461,9,3,1,1,-0.04021415392678096,data_exfiltration
32.35460728553923,67.3047951273101,0,41.49052552940221,11,2,0,0,0.1560421343507738,normal
43.58979660442755,45.282494099747,0,22.686412658561864,0,1,0,0,0.08717548978602235,normal
37.55778212243932,95.07395441101824,0,45.02915011601401,13,1,0,0,0.16066937451477586,normal
23.18772700306081,52.34136107685279,0,16.227798152759497,20,1,0,0,0.14961456008127239,normal
45.391070227309385,90.06488978133386,0,45.86996557990825,18,1,0,0,0.14320360793811415,normal
23.579088359559947,8.893603669476029,1,11.068554136360616,3,2,0,0,0.08141324335423683,normal
28.551987177260155,78.78393888487963,0,43.81417393938671,16,1,0,0,0.16160283902654815,normal
41.43132972264244,89.06037270424329,1,47.65674857405018,10,1,0,0,0.12990247650752412,normal
34.12789631153471,44.52300593306323,0,15.938101812070158,3,1,0,0,0.1481117643063446,normal
18.450248967045383,62.71893130032923,0,19.9532351967426,22,1,0,0,0.13114528597800307,normal
29.98970071708242,32.63099450403041,0,4.994730969597811,4,1,0,0,0.12640314651653606,normal
19.934055776901573,37.87604262399613,1,18.18849419056489,1,1,0,0,0.11056621660128557,normal
34.05083775337221,82.0376262216217,1,39.22148514881542,14,1,0,0,0.15474273824728535,normal
23.3011666195374,54.91439325992622,0,25.469054218211124,3,3,0,0,0.11939512591931822,normal
43.12869639435718,94.82789156971162,0,41.13585191717439,10,2,0,0,0.13175024366478866,normal
23.584500824127257,50.46422132401745,1,18.515540448024783,7,1,0,0,0.14159412760495282,normal
33.155785596188835,61.14493116408727,0,19.91031975892037,1,1,0,0,0.14124165191431992,normal
41.54319382213557,93.59514853095727,1,35.09183702684609,15,1,0,0,0.12244853952420981,normal
43.74115479295515,79.70785302047982,1,284.4098576688942,12,15,1,1,-0.17059207325389059,credential_stuffing
24.06746540483344,78.75889301756108,0,13.47458994676562,6,1,0,0,0.15124310379585504,normal
42.2682775625673,77.03705993796248,0,38.89005676282481,17,6,0,0,0.046251450452407916,normal
45.06303705785042,62.801747544388135,0,37.92675353446458,13,2,0,0,0.14158118411818998,normal
46.74866031991488,71.37412705718944,0,48.37369170080389,10,3,0,0,0.09454620307091766,normal
39.23041911709701,100.03179592552614,1,52.29530944180629,11,1,0,0,0.11367112612674662,normal
32.38276028655985,49.77544372953569,0,6.932692710941515,22,2,0,0,0.09600485266859338,normal
19.66093137435315,44.38739622794844,1,18.40687724218304,21,4,0,0,0.0278240848174669,normal
30.40319846398955,10.743303238531835,0,18.548045589096247,0,1,0,0,0.08148779141336743,normal
35.46586668845867,35.00079459809926,1,11.79979549363918,1,1,0,0,0.08493361922542358,normal
19.266757356397445,46.31227523834025,0,29.989693750456222,8,1,0,0,0.15689868873975155,normal
20.375118216315464,580.5967296612456,0,18.49217474678037,22,1,1,1,-0.0330260250392892,data_exfiltration
41.09119753035097,67.36851965417917,0,28.785160662727375,9,3,0,0,0.11497443621881481,normal
32.36159934330585,35.78703888541832,0,18.068836985066792,1,2,0,0,0.11793909052565449,normal
29.53893012589659,39.33962011299484,1,21.819942142016806,8,1,0,0,0.14261893714306323,normal
31.977031465209915,48.11311058512506,0,16.795598301832026,2,1,0,0,0.14831641027692333,normal
28.43467183693061,62.93086385819817,0,25.550797336229977,2,4,0,0,0.06350662698851928,normal
20.15409665351941,60.76897078733997,0,12.283689688225286,6,1,0,0,0.15080146995261096,normal
19.861908890312776,44.14543776332451,0,17.57257381405929,20,1,0,0,0.14006363333260707,normal
40.81554740331008,78.9581729322347,0,48.89330993918315,12,1,0,0,0.1659322756202496,normal
43.76608250724685,88.64289125492633,0,60.741532287139805,15,1,0,0,0.11144036623871623,normal
35.19083445937275,85.79339096156873,0,47.30289412242877,16,1,0,0,0.1644542025338841,normal
24.313165769206822,64.23749105357241,2,19.06469759016725,6,1,0,0,0.09613200225894603,normal
48.360727165146585,97.64338560137791,0,63.35111778052691,16,2,0,0,0.0402421067564141,normal
26.611553673179543,42.33110813195709,0,31.862248681451355,23,2,0,0,0.11039007937335887,normal
26.69908696387561,71.45958211863697,0,56.81734328643785,10,2,0,0,0.11731171983448807,normal
28.72808043981461,63.052672621201566,0,31.215731259576703,4,3,0,0,0.11781774623349706,normal
33.800695341393855,34.6094712866714,0,16.86046586493963,8,1,0,0,0.14946917767446916,normal
34.77169327342775,27.25006180571118,0,25.482620033612804,7,1,0,0,0.1480288354826957,normal
26.22633418961786,33.72287685256501,0,192.9780346402677,2,17,1,1,-0.1607856055927016,credential_stuffing
18.06575455049851,71.95851179261484,0,33.70671643419628,6,2,0,0,0.12575020813391075,normal
41.164311661635246,65.73337929886303,1,39.98420898162051,11,1,0,0,0.14903903438376626,normal
31.01531998836551,71.86874667428182,0,55.57400736401951,17,1,0,0,0.14667540907917126,normal
15.304679275537165,69.40726536222088,0,5.892259171133739,19,1,0,0,0.10059447477109107,normal
44.27489058660283,65.67935249460616,0,45.73633748274192,18,1,0,0,0.14636201647149627,normal
22.929011767301223,41.36764680355818,1,8.468278391178034,4,1,0,0,0.12328505380831162,normal
7.872240022573653,48.09518280192529,1,18.293010542621573,22,1,0,0,0.045943485502891845,normal
12.477837888387588,53.47509026292591,0,25.350567799567933,23,1,0,0,0.08040520066857743,normal
40.04728110816837,67.98169460280675,0,54.007703559696346,15,2,0,0,0.13351466928002187,normal
29.952498093928178,41.49780023296491,1,25.858400502181645,5,1,0,0,0.1441615403602466,normal
29.931415026251344,45.344057952867296,0,32.22847755073559,1,1,0,0,0.13162143160962603,normal
28.66222159260079,35.52178884874178,0,23.459715726759534,5,2,0,0,0.15342750685554546,normal
49.77499818940567,74.4083630830287,0,45.42720518980487,10,3,0,0,0.0820792817618094,normal
49.5899308458462,75.04920897134,0,35.465023624089,11,1,0,0,0.12880182637905174,normal
55.64115497889862,97.08048420041972,1,39.22864129219707,9,3,0,0,0.01697474487517381,normal
27.91900986295721,74.05552783200396,0,16.481346445341774,22,1,0,0,0.13505644434277858,normal
33.95004315281085,52.69499058307381,1,18.34447884269288,7,1,0,0,0.13783629017430743,normal
43.53131961862432,66.37899543860053,0,52.83492488322252,12,1,0,0,0.1553952249130972,normal
95.84237411875895,44.13500837714542,0,19.96730321198445,7,2,1,1,-0.046701283707722085,crypto_mining
40.74505410846768,104.14312485557554,0,44.81616288704028,11,1,0,0,0.14316556630969202,normal
32.752362005959135,70.37535749645907,0,30.97734722271604,20,1,0,0,0.15261626552372537,normal
26.40271547074449,68.560546903454,0,30.71559014603069,20,3,0,0,0.10178506679903021,normal
35.04824823501481,68.1279853623072,0,45.20889000382112,18,3,0,0,0.11751039002901592,normal
46.54517002362219,79.55738602071393,0,25.435985449780738,16,1,0,0,0.13634378290250349,normal
30.834663987508065,50.7065704663897,0,15.137381357077516,6,1,0,0,0.1617606902757449,normal
19.439810146916138,44.866323047798126,0,18.151058748723155,22,1,0,0,0.1297960291051828,normal
27.97682581355948,69.08819112915323,0,49.53102811883299,9,1,0,0,0.1527944613919235,normal
33.77030209754271,68.65912887449187,0,4.380763876565807,1,1,0,0,0.10760287304779559,normal
38.69903769866714,103.5229953579123,0,66.28180671918678,16,1,0,0,0.07666694359487908,normal
45.21279002983329,84.9145885508213,0,38.07960651029122,13,1,0,0,0.16495583358584304,normal
25.335183639066983,34.43306790472724,0,23.103178928425912,4,1,0,0,0.16396484579280213,normal
32.76991350890174,27.878321881424075,1,16.38893241739991,2,2,0,0,0.09088974215942641,normal
31.13177666006885,47.02315340683946,1,14.459427306409296,23,1,0,0,0.09030856671420223,normal
19.94052042810285,60.88128240736649,0,0.3714403315606773,5,1,0,0,0.1316979934687943,normal
25.837922137392106,64.50325125133615,0,18.92303567603019,8,1,0,0,0.1706452389092618,normal
20.962568007943588,35.03365581339599,0,11.704344154029966,7,1,0,0,0.14174617775654358,normal
24.29407041038701,38.08874440091829,1,14.768868324899373,0,1,0,0,0.0871819750992599,normal
26.497656749258272,61.373671642321966,0,24.131074828287545,19,1,0,0,0.165361363219462,normal
25.45603234847447,41.394452835610224,0,15.682199664060724,21,1,0,0,0.1453588767050742,normal
44.73951833308512,90.50745594737243,0,37.24374593964,10,1,0,0,0.15188829069401688,normal
52.53723233016864,75.0530261443124,0,57.00194624355498,12,1,0,0,0.08657554319701366,normal
40.89618089362713,87.09430347069906,0,38.64669425532716,12,1,0,0,0.16741620750244934,normal
34.48808832109481,84.2685018571179,0,56.75451354925298,13,3,0,0,0.10445537536860444,normal
30.75562495651124,41.51975071248359,0,16.127980280794947,6,2,0,0,0.13800377923580137,normal
24.537389743515376,59.60039927576494,0,32.39375941528128,2,2,0,0,0.12414261443729513,normal
37.61392183831238,86.62863383246304,0,33.98670455962688,15,2,0,0,0.1465894352518083,normal
20.565828051860603,51.11942014725271,1,5.384919215407832,8,1,0,0,0.11191885057850498,normal
14.904047835263883,49.62754528810029,0,17.491539416892163,8,2,0,0,0.1135558244147617,normal
21.541482541990938,58.64841680763492,0,18.00358710083027,6,1,0,0,0.16341290512708295,normal
10.770043834846646,41.29467495720903,1,17.6465849114135,0,1,0,0,0.04656515102609643,normal
34.120550445946606,34.741319460697376,0,180.22151062070424,1,15,1,1,-0.15865983348088875,credential_stuffing
27.03014465161576,29.08160730010887,0,10.220122287532693,23,1,0,0,0.10041288515099323,normal
42.53030159801858,76.80055136551883,0,36.33228909592058,14,1,0,0,0.17045035805181835,normal
21.39616786048717,24.43067062734326,0,16.877610176145136,0,1,0,0,0.09823714818983581,normal
98.45383241229922,64.84398994385705,1,12.409643807359068,23,3,1,1,-0.11365335613567273,crypto_mining
28.55397728208006,50.193519433524585,0,28.696287608440738,22,1,0,0,0.14495202261195894,normal
40.62613562513928,124.1786943490265,2,42.03312591185549,13,2,0,0,0.03643773396143801,normal
46.18395884944936,88.92735985827093,1,37.31175513523223,18,2,0,0,0.0938447260307656,normal
37.226348267769744,80.65850799685083,0,42.30169211026826,13,2,0,0,0.16018139141890209,normal
24.37330468877517,49.72492900049435,0,34.0091418773775,5,1,0,0,0.15958502012560227,normal
40.5032350105656,74.43873524288529,0,38.60061710673641,14,1,0,0,0.171329943917433,normal
37.87476166894727,67.48708859189325,0,43.919656074543646,11,1,0,0,0.17066686466601805,normal
38.01214970090006,68.62304115603703,0,50.329374957932245,17,1,0,0,0.15922594269785134,normal
40.54656163753548,107.71490004413673,0,48.22246164333195,18,1,0,0,0.1247691413595351,normal
42.41360846320779,97.77476671400474,0,38.22614984406327,12,1,0,0,0.1551166721590413,normal
40.278619288936895,54.42188588335975,0,30.739040454138223,15,1,0,0,0.15368716993840925,normal
34.548984930926856,69.39216981059809,0,49.49924366321999,15,2,0,0,0.1489689245590296,normal
24.65489348196722,61.89110264458658,1,27.110228466270883,22,2,0,0,0.10167852187677173,normal
25.8579438088553,59.351257379017376,0,14.19937083290239,21,2,0,0,0.12486450951742917,normal
17.210044361986583,46.067541198122896,1,23.33026603164637,6,1,0,0,0.12192476964773657,normal
20.46429575984848,66.92818666296779,0,12.841165119862175,7,3,0,0,0.10646348137440059,normal
46.410276002164096,66.19125161245285,0,59.42574523136844,11,1,0,0,0.1146439759248985,normal
91.52671385368951,43.295336707909385,0,19.47341016228277,21,1,1,1,-0.025117765732869723,crypto_mining
40.94784587350871,77.75622027023935,0,34.313757835421505,9,1,0,0,0.16638928428779248,normal
23.15179429488555,56.12728007219705,0,16.254877715931478,7,2,0,0,0.14874218988934873,normal
28.74044282967949,28.87352764447459,1,8.274274229481277,5,1,0,0,0.1140962032898431,normal
19.565606194824287,43.96534965870916,0,14.32976078214751,8,3,0,0,0.09801487604362963,normal
29.45093376634076,53.07777336104275,1,18.39596493351987,8,1,0,0,0.14092666219881705,normal
40.6653182969705,86.33215538292895,0,49.51119457346048,18,1,0,0,0.149226676700495,normal
48.57256097222062,77.86571461332278,0,56.94857353439244,15,3,0,0,0.056470936296144136,normal
43.22577941769928,129.28585570522762,2,29.77867250348588,17,1,0,0,0.04385764172903894,normal
32.91860959479778,77.60962137865303,0,33.94822161588447,15,2,0,0,0.15681484260010448,normal
47.16755332308239,74.41156579143627,0,39.78036557132174,11,1,0,0,0.14873009590140768,normal
33.39907460216983,76.32038770718296,0,37.21898333350414,14,1,0,0,0.17949851860264832,normal
53.63460832268129,61.00191756582542,1,40.9722915519792,9,1,0,0,0.08530592680304211,normal
35.402064851311444,97.02386422398796,1,40.26355134857485,16,1,0,0,0.13579126824783172,normal
23.20290977471513,48.7633106127627,0,18.40111792905321,8,1,0,0,0.16527592452370143,normal
40.72380856536073,76.21815261841886,0,47.69056136318248,13,1,0,0,0.1665413905278037,normal
39.88443772159364,84.27552113149042,1,39.80741171809405,11,1,0,0,0.15029290908901383,normal
46.44590807629337,67.09239010242034,0,46.0631858945136,11,2,0,0,0.12768705247141077,normal
34.42644110523562,92.81476008760674,0,27.50384928726228,13,1,0,0,0.1647634146880162,normal
24.449763855129245,65.2559831595523,0,21.59541154977063,22,1,0,0,0.14454616410030552,normal
44.29804048324247,98.92248486203576,1,37.02734278182537,9,1,0,0,0.11796452810206565,normal
22.833944660484583,40.9000408887415,0,27.357070731307907,0,1,0,0,0.11595138107252156,normal
36.21970941190995,101.15468459885967,1,36.55021590740634,15,2,0,0,0.11326653362172101,normal
32.3584867084204,106.55962808694012,0,44.68922887052055,14,3,0,0,0.10393375575221969,normal
26.26360503578585,55.613251022037176,0,19.83891634807145,6,1,0,0,0.17149992031978983,normal
16.67278869726519,50.61990247815505,1,15.66936102159071,3,1,0,0,0.11255487018257165,normal
27.75033405974241,42.24904343717219,0,20.30229340957564,21,1,0,0,0.15183382135400303,normal
42.89612732325528,89.80052575693828,1,46.36798198729232,18,1,0,0,0.1230555503839994,normal
44.201859276453945,66.45060333831336,2,31.7221982402224,12,3,0,0,0.0351468186482935,normal
20.95905625453679,66.56716555756199,0,10.645420559865734,20,1,0,0,0.13460615987042007,normal
19.63842991768528,33.010890642181195,0,19.264209240664112,7,1,0,0,0.1541358772410299,normal
28.25536026151579,62.2789192751482,0,28.098798378036577,0,2,0,0,0.10011422108460111,normal
25.550564659213013,55.38376375610989,0,34.15139503209183,1,2,0,0,0.12149232439946284,normal
24.94528602013478,33.054988110341945,0,24.836099178327263,21,1,0,0,0.14328929584942302,normal
43.84505716760206,97.68894737868844,0,45.19107557488369,16,1,0,0,0.14756920466097495,normal
28.753048100986213,48.29627197653817,0,13.60080246786185,21,2,0,0,0.12431460607835343,normal
39.78504652776122,91.46237449897842,0,47.4691944946723,11,1,0,0,0.15740674131806975,normal
29.11630875999064,42.470120597281934,0,20.323584082754483,7,1,0,0,0.16951944232693372,normal
27.750320221308904,51.70636525220416,0,27.00314939066267,23,3,0,0,0.07941418766305175,normal
27.50608451343641,50.4767585730596,0,31.83962840972714,2,1,0,0,0.14458845328664582,normal
47.15504507486785,82.1932219456634,1,45.08084047362278,13,1,0,0,0.12041957879876619,normal
33.123234244992474,72.4781954100478,0,198.57527273390752,6,12,1,1,-0.1299909843405952,credential_stuffing
23.419458189282977,79.20047693548344,0,13.073793489503766,4,1,0,0,0.1447520253601653,normal
31.49614632332244,59.7437199746926,0,22.65149165995784,2,1,0,0,0.15117173842699677,normal
19.985865969879782,63.85974018680225,0,25.50414886392049,5,1,0,0,0.1619584090665846,normal
22.672210186555287,37.89083344984444,0,23.78000908787031,2,1,0,0,0.15235805104144678,normal
29.325981717433816,65.27936765050717,0,36.73402749114119,1,1,0,0,0.1295116498718598,normal
99.77192136569413,28.625432422768817,2,20.63777528752402,22,3,1,1,-0.13368275610427593,crypto_mining
27.50080944689868,47.16528133231064,1,24.90421093105176,7,2,0,0,0.1323712593940028,normal
29.583162109800536,58.32450747497919,0,15.18577306764066,3,1,0,0,0.15557442140689198,normal
37.82965698343968,77.31007958190453,2,47.86348638619261,10,1,0,0,0.09451364609643503,normal
24.31712476951745,32.31587896838932,0,21.210257004400624,23,1,0,0,0.12025125301779815,normal
33.51673408478703,49.03366700634217,0,23.989455671296326,2,2,0,0,0.13766510523807707,normal
29.220640798833365,1.244997857064412,2,16.649002562978875,5,3,0,0,0.015581445718872766,normal
43.26774744699603,92.23780265117774,0,32.93018023442145,17,1,0,0,0.15375295625733215,normal
37.22358011202197,68.26719883996851,0,46.45491072781608,10,2,0,0,0.14818800128656773,normal
22.030212694655795,33.862121572432,0,7.016920529896824,22,2,0,0,0.09462934779055682,normal
22.639372622352692,53.83339548480205,2,15.57446273598627,2,1,0,0,0.07554856914366881,normal
15.42463618855532,40.07768172077721,0,15.111630202965014,8,1,0,0,0.13457355613175315,normal
35.200356959788394,78.52953393080318,0,38.67494345035113,16,1,0,0,0.17162640486915315,normal
29.98298880391571,50.59245141803285,0,41.23605589001061,20,1,0,0,0.147280105338575,normal
24.29399618684288,70.74586097872407,0,22.065474722126023,2,1,0,0,0.14181233725272008,normal
39.72926265805569,66.38928570855019,0,49.749352676474444,9,1,0,0,0.15501341152317744,normal
19.877061474973736,44.461341625763644,0,8.481378731588315,0,1,0,0,0.10008103635087157,normal
30.47687158192928,68.19758553897444,0,44.83279147306339,12,1,0,0,0.16695828772224192,normal
25.942767513945647,48.41712591843569,1,9.402017081854767,1,1,0,0,0.11427465298500905,normal
40.4687064114161,57.24390444641551,0,42.2231047013017,13,1,0,0,0.16874098640252588,normal
36.73531598731484,87.3760946113433,0,54.87714249798307,11,1,0,0,0.15483547037520368,normal
22.205166585291025,32.27650131346381,1,13.288616763064695,21,1,0,0,0.09418138254289066,normal
23.830550317883915,55.77582751906751,0,7.401735192793511,8,1,0,0,0.1501016808846971,normal
44.95058958800581,96.1308583162462,0,44.15939381654824,10,2,0,0,0.12222157486819041,normal
27.183823785116427,54.128730313525466,0,13.16873967335051,23,1,0,0,0.115199037181212,normal
17.57829573473151,32.460271023702965,0,16.762299608559758,2,2,0,0,0.10780515464312063,normal
31.113125652269705,102.9316825356546,0,44.44128044943847,17,1,0,0,0.14288481932643488,normal
23.40447955482669,70.01723526115256,1,21.9784787751109,23,1,0,0,0.09920403787068183,normal
38.66367579534036,86.51810145881436,0,52.02171337131219,13,2,0,0,0.14413914491993507,normal
21.1014086389104,29.541980995559875,0,24.44986571993831,22,2,0,0,0.10686332920254715,normal
21.04970369235733,20.0209165016674,0,21.645121340674905,21,1,0,0,0.11636549023379372,normal
17.67493810017387,42.571773529928976,3,35.71313079164821,0,1,0,1,-0.01330582148732995,normal
34.060253244687914,57.30080796263341,1,40.42185418526722,12,2,0,0,0.12752446503696724,normal
20.160942225846505,62.31801724627735,0,18.514453719435664,19,3,0,0,0.09731295556444236,normal
40.85207146295572,46.9671449691857,0,11.722690639612178,4,2,0,0,0.09971032571088301,normal
39.95773008711667,67.15872691998634,0,43.56418643229252,16,1,0,0,0.16731284771394284,normal
49.83553910045051,80.16039967694721,0,41.555974594671845,10,1,0,0,0.13694032657842176,normal
23.9222816715662,56.53524667886754,0,16.10089096208354,4,1,0,0,0.15680133202362967,normal
23.59765565288965,49.32936864860622,0,21.80205808588891,20,1,0,0,0.15641364129948293,normal
40.51585105410338,42.94932222267697,0,28.69276952852957,23,3,0,0,0.062444513224495735,normal
34.88567940355538,93.33410008389556,0,38.411304527167154,9,1,0,0,0.1565203738528843,normal
44.1755926056451,94.04759909085512,0,57.51637774685784,12,2,0,0,0.10381115798195928,normal
22.9852843661215,68.42172940671392,0,7.378136647609656,7,1,0,0,0.1496586888474689,normal
38.09738300455621,68.51520072131933,1,32.92198524051516,15,1,0,0,0.14170448508999367,normal
26.19435817344082,51.77525098482766,0,12.820425619715053,4,1,0,0,0.15303895260265327,normal
33.334146177776574,42.196864798188784,0,20.69378324246336,5,1,0,0,0.1665045146735633,normal
24.595320648668903,68.27912261501746,1,19.896012455753155,0,1,0,0,0.09768563521328577,normal
41.52652505980728,58.06834317206878,0,33.56908287903633,9,1,0,0,0.1670406072959571,normal
28.319507319908706,59.245914357955385,0,25.51224941022611,20,1,0,0,0.16108526412026164,normal
22.44185442276674,53.26210224521337,1,17.491254896553418,2,1,0,0,0.12567853043928984,normal
95.90792636680648,42.67589412954968,0,17.184367479151923,7,1,1,1,-0.034127931029354186,crypto_mining
43.091765929746806,70.55170643640928,1,41.02776696802507,17,1,0,0,0.13276797626752318,normal
30.381035895193197,73.51687264693496,0,17.98955270336918,6,1,0,0,0.16148416327482668,normal
19.543675271231567,42.740234905991706,0,20.61890410938897,2,1,0,0,0.14881004217891702,normal
48.85527490302379,76.97338435551262,0,48.86296481004739,10,1,0,0,0.1274658522257886,normal
38.632644647404994,81.40047789397391,0,54.90837288022627,17,2,0,0,0.13742956639324272,normal
24.057851029331754,28.140895127008207,1,20.764699727343007,6,1,0,0,0.12794882351021658,normal
42.908407887813546,86.86101114187616,0,39.486056695071625,17,2,0,0,0.14129937995055514,normal
15.690926505646424,56.695613671378034,1,8.437704169257811,2,3,0,0,0.042310465945740505,normal
16.617290889322053,78.89518108581701,0,10.55357534682306,2,5,0,1,-0.0037966148041546077,normal
25.40511088846065,50.14093031863774,0,26.55729223077075,6,3,0,0,0.1284838404106855,normal
21.342926787044306,48.95222197724536,0,10.675400560389972,21,1,0,0,0.12874979665687974,normal
22.29992285202512,59.728201214494966,0,17.586429717225823,0,1,0,0,0.12032704596146321,normal
38.5358298869732,96.74646123173312,0,39.85993374496636,11,1,0,0,0.15878781524502233,normal
26.228787263691505,83.1017408692265,1,23.69188682130809,1,1,0,0,0.1141373951688403,normal
25.516665209553867,67.50793975038643,1,24.060625230148297,21,1,0,0,0.124686350900573,normal
31.323914627097256,36.2504195995468,1,6.8625331602558095,19,1,0,0,0.10434950157395756,normal
28.314939726502885,76.6594215204568,0,9.584108462444556,19,1,0,0,0.13616999569189853,normal
32.143877648718046,50.45210991972766,0,19.29363853812327,22,1,0,0,0.14027793856594145,normal
40.00124238950918,89.82617026445789,1,35.228922336565084,10,1,0,0,0.1398647524675603,normal
40.13862607600439,80.86063330710472,0,50.02507078998259,13,1,0,0,0.1634798742141645,normal
24.296967970153748,67.63181018508702,0,14.55131466947351,19,2,0,0,0.1351409000433228,normal
40.79156780063174,80.86631220000842,0,43.03827919234251,9,3,0,0,0.1235931189596029,normal
19.15526892270179,72.13181196563441,1,15.403472390347972,23,1,0,0,0.07903881149694808,normal
34.38044796253815,72.07503666334364,1,37.69638470702724,14,1,0,0,0.1537783701363945,normal
25.831871102260507,60.453959524441366,1,14.625701421466507,7,1,0,0,0.1419600482091528,normal
38.68539682714682,86.18125197307191,0,42.58683735978193,9,2,0,0,0.14879516865055947,normal
39.81277906636549,76.8374792201813,0,37.453832204629606,18,1,0,0,0.16193696378938743,normal
45.26417374345403,77.31939673154757,2,37.32004312417872,16,2,0,0,0.050206189776342613,normal
38.32622241800915,93.78891637521936,0,38.43668737680077,17,1,0,0,0.1591680658252116,normal
20.608856149504685,72.29238855527798,0,25.50857814238707,7,1,0,0,0.15515466546068613,normal
18.365771989084383,75.13454440768344,0,15.922938752896524,7,1,0,0,0.14683033725593192,normal
11.188473011586492,51.39114598669328,0,21.14361501242917,7,3,0,0,0.07225023549780935,normal
30.097612582126143,47.38599448299612,0,0.0,4,1,0,0,0.1293156328566749,normal
19.5723137500374,45.18880442781731,0,3.357953647387085,6,3,0,0,0.08110109013047362,normal
15.484926157684916,60.806853426141046,0,31.743018217847972,5,1,0,0,0.1445287192428492,normal
33.40576465280884,81.19682647148485,1,42.168268003641664,14,2,0,0,0.13023640101342998,normal
23.06948377605875,54.29417334622826,0,31.24261944816737,21,1,0,0,0.13885017726174348,normal
13.708905727014166,35.36700596578052,0,24.028700727391417,6,2,0,0,0.11078496333201127,normal
39.46158583427664,84.34008358464477,0,55.443620610541736,16,1,0,0,0.15063602448988073,normal
36.05130106554846,96.23805513024364,0,32.079893125393646,10,3,0,0,0.11029919608364197,normal
29.075438333187904,67.78692983921937,0,257.7227571088043,12,12,1,1,-0.15042973297066842,credential_stuffing
38.04385880699295,77.71971641550954,0,55.578271530683736,9,1,0,0,0.1428212242189359,normal
36.05986392623552,70.68261134832156,0,54.96154630824714,16,3,0,0,0.10698388291330518,normal
13.781101962807016,35.182128895516385,0,23.375674811052267,3,1,0,0,0.12287454899044892,normal
23.75809246540979,73.00434268599385,1,11.453838037166882,5,1,0,0,0.1286283923225398,normal
28.10821308556772,84.07373300230388,1,53.90860500962248,9,1,0,0,0.12070515940658866,normal
23.61648160885832,13.970795840741816,0,13.761963771136015,23,1,0,0,0.08569359982090047,normal
21.583891458513172,28.808171333130847,0,18.956987772434687,20,1,0,0,0.13739023534093897,normal
38.62840050795989,82.54539736956926,0,31.1330930953144,11,2,0,0,0.1498776431136027,normal
24.06234197976974,58.539525018340726,0,27.92878415509222,20,2,0,0,0.13650903441715695,normal
21.882927065075048,94.49220518613944,0,44.82722462439297,9,1,0,0,0.12753688359223525,normal
40.66677625177907,102.48437694001298,1,46.99473132032499,9,2,0,0,0.08916752457573857,normal
46.240370919415454,105.7267732726817,1,35.787919890104675,10,1,0,0,0.10377067767167225,normal
38.59588084535811,78.86151822380509,1,33.1852132835421,12,1,0,0,0.147880785634607,normal
27.884467478607903,52.47435313113537,1,23.93766341042709,2,2,0,0,0.12318382962203611,normal
29.113716245310897,43.81921595322617,0,24.315100512771025,2,2,0,0,0.14021782141737144,normal
43.13350381610667,85.21084762562833,1,60.156245952634926,9,1,0,0,0.0935957068269847,normal
36.8340668744932,54.73245212485237,0,19.976312953172425,2,1,0,0,0.1341596680401056,normal
38.16886692711549,103.79171197131969,1,55.38027079942832,12,1,0,0,0.11010236424755904,normal
30.11664205073332,77.10288326219768,0,13.114958781465273,3,1,0,0,0.14324387196819538,normal
28.81197517129724,45.679538908411686,0,6.765855356256198,2,1,0,0,0.12963456246685406,normal
29.050822338441524,52.21733135454868,0,16.271158452942032,22,1,0,0,0.14046486729629754,normal
29.150228029002918,106.9631726702898,0,47.110586616700985,9,1,0,0,0.12705443722613596,normal
31.89803211327248,48.59231575664951,0,23.665367594657614,2,1,0,0,0.15342763189762643,normal
46.34420983226935,71.75974863198005,1,40.83402358640547,13,1,0,0,0.12355457002363618,normal
47.74386676553528,64.84114095262107,1,48.61111838487183,18,2,0,0,0.07917857903090542,normal
39.48358184325464,82.60735287867273,1,41.92739888728528,14,1,0,0,0.14965896801413114,normal
35.79235011010788,29.55345379127609,0,23.85243574151269,20,1,0,0,0.1328634649915822,normal
24.872531324342543,72.99467371296628,1,15.18842598703956,19,2,0,0,0.10745061821841062,normal
39.56285386695367,84.20862448937929,0,53.68723022734222,13,1,0,0,0.15705884266395187,normal
29.557000225096733,20.43918077231645,0,27.211826074671105,4,1,0,0,0.13620716647743591,normal
22.771227873473887,33.43062538859012,0,25.0040194003706,22,1,0,0,0.13379765357681356,normal
27.203723880408045,42.49770978177906,0,27.519634852890512,4,1,0,0,0.1631849610165843,normal
23.710473818267587,47.090078111500624,0,14.513900019841252,7,2,0,0,0.14376979166413506,normal
45.98930593583038,74.55126226620754,0,23.675898495186605,16,1,0,0,0.13573464407968383,normal
19.18153768219195,52.48422687645083,0,2.7096015049551525,22,1,0,0,0.09203481576510264,normal
36.17314784284039,84.83030719482821,0,36.52923200834565,9,1,0,0,0.16975097117453353,normal
35.656058009544346,81.6895502273846,0,35.886489231213986,16,4,0,0,0.08863672655636096,normal
21.233596563492966,40.07097230123858,1,28.61916689298049,6,2,0,0,0.11303674351176507,normal
50.04018367691514,74.73989909512105,0,59.83529393472509,13,1,0,0,0.09506462063786891,normal
22.01456501014472,52.249926348616086,0,19.73158052568221,2,1,0,0,0.14784697822796022,normal
37.11611235107056,107.27418055614233,0,58.1156084163736,13,1,0,0,0.11560929250140556,normal
34.12741770530616,93.26663656072608,0,46.7446285835584,9,1,0,0,0.1508893943647056,normal
48.55742623861797,64.9100418255327,0,27.41283524313998,0,1,0,0,0.051171079107230344,normal
43.40861923077188,75.27082718821784,0,45.66812834389254,18,2,0,0,0.13741487641067046,normal
44.02288370344728,100.17675760417684,1,42.69063105080855,10,1,0,0,0.1212206038959609,normal
23.990445193074752,42.30030366491509,0,21.635984591348688,22,1,0,0,0.14499521926405073,normal
18.27253755943365,55.694150846217205,0,27.01012043314582,23,1,0,0,0.1081500549339115,normal
29.373588681471453,77.55631709935648,1,44.9991010161462,14,1,0,0,0.1443191746098475,normal
57.91155401562046,72.12710809513348,0,58.32539535078576,18,2,0,0,0.033619487775554346,normal
28.52990323890746,50.13840489493203,0,27.698883199110536,4,1,0,0,0.16523227362894916,normal
28.024279093107065,67.79623385776414,0,3.942591820821839,7,2,0,0,0.1280310528195197,normal
29.973117011227902,93.11254807844747,0,38.99135419655646,9,4,0,0,0.06803424243560319,normal
17.80477404942614,70.30564759964767,0,21.012429488681672,20,1,0,0,0.13193555846403615,normal
34.92668694187232,86.39551728460336,0,40.78662010839213,15,1,0,0,0.16877276913309297,normal
32.51168472707894,60.91235306235148,0,29.312204097014835,20,1,0,0,0.15561886041459277,normal
38.08091486047093,49.46146144842836,0,45.76896142743863,12,1,0,0,0.15922790228838796,normal
21.47357218408061,69.69086103908992,0,29.262265215423472,1,2,0,0,0.11092199516480378,normal
42.50923453532784,75.84561358659252,0,40.19063248309413,9,3,0,0,0.1193524927603391,normal
36.18754071862758,64.11712986713009,0,49.1063573159415,14,1,0,0,0.16964139944120615,normal
34.75858440765316,42.13194891499853,0,34.36239879979404,19,1,0,0,0.1500079672652062,normal
33.35705909918529,69.85490426354681,1,45.916040034261385,16,1,0,0,0.14445314504511825,normal
36.34903657761279,58.66049796178394,0,50.88552525731121,13,3,0,0,0.12148826598456763,normal
30.82135551934398,93.0226321933384,0,39.96134029116116,9,1,0,0,0.1571134247486689,normal
26.773070149542036,36.999009940095306,0,26.373148061699467,4,1,0,0,0.16161563665104323,normal
32.06525225953858,88.28186877094764,0,273.1618377624005,17,18,1,1,-0.18195985250149027,credential_stuffing
25.15126520524049,60.32654779812003,0,10.026515125461838,22,3,0,0,0.07569554665598055,normal
30.14042452882275,52.10440138550816,0,30.031599371762965,23,1,0,0,0.12435849114714731,normal
14.4402467071045,54.919555857083495,0,24.26992691745283,22,3,0,0,0.059013794964100474,normal
38.86843102511507,82.64319058457934,0,49.02923027412133,9,1,0,0,0.1546482820125759,normal
26.85247689300832,59.97475631527964,0,44.58705043757272,10,1,0,0,0.15896439179943844,normal
26.447931609500685,79.58869856670398,0,28.585114526538305,21,1,0,0,0.13903771104154755,normal
8.780606242004577,59.69480244703738,0,30.19512321767564,5,1,0,0,0.10984177583916593,normal
23.07168495008204,74.35293816337709,0,11.824443446707113,5,1,0,0,0.14710402478173845,normal
29.788586619889987,91.6263411761846,1,37.0493546281737,17,2,0,0,0.1148240027106685,normal
18.38089371260144,45.49522786151791,1,24.244681137371558,1,1,0,0,0.10881078518496917,normal
24.67063599630228,50.26748381794636,0,23.4548496060669,8,1,0,0,0.17056233188150816,normal
47.836433223229776,82.16078347289745,0,34.61338981030143,9,1,0,0,0.14006038223229866,normal
21.824007325309772,67.25205205519424,0,24.1745657996018,3,1,0,0,0.15334951892612825,normal
38.59227658025552,72.90961583414642,0,54.69787892681844,18,2,0,0,0.12751246421293616,normal
31.384542856788837,70.65904128494378,0,41.12923849184935,13,3,0,0,0.13426503459784606,normal
25.739228840706915,50.11026012379549,0,25.73111310361256,5,1,0,0,0.17246502449903273,normal
21.355166274278155,71.77063191605572,1,18.75897495562854,1,1,0,0,0.10602215455083613,normal
25.418812509940118,52.06011986847657,0,20.153718795633488,4,2,0,0,0.15089861676131622,normal
92.96292413061964,79.53135964150938,0,19.23316568907436,4,1,1,1,-0.03559229330587499,crypto_mining
28.26087627202056,57.87188863251983,1,25.53874889061424,1,1,0,0,0.12686526540346477,normal
50.415782818991495,94.12428520327236,1,47.63557603166519,16,1,0,0,0.09193053041172167,normal
46.28390623972869,65.67696377623885,0,171.23551785595174,16,18,1,1,-0.15477741986543447,credential_stuffing
24.937209225683624,45.071502256205626,0,20.37369568487883,3,1,0,0,0.16385193008629784,normal
16.805055067507368,47.11998094607871,0,5.513893430869858,7,2,0,0,0.10740941577969554,normal
37.81832672671686,102.41212845900236,0,29.65363179161193,11,1,0,0,0.14720899071366056,normal
52.8135203804642,64.53762309920828,0,52.62559294805753,16,1,0,0,0.09338424618247276,normal
39.54429385814486,85.56277839066496,0,55.18207754141526,12,1,0,0,0.15421685946581187,normal
20.858342600576773,80.75594976667264,1,22.094711738117848,6,2,0,0,0.11557467860134274,normal
42.030978444966486,63.670477354114425,0,58.17063060050006,9,1,0,0,0.1297525831662601,normal
37.32289940071132,65.47496205119661,1,58.22798329240528,16,1,0,0,0.10949612599709724,normal
23.75129885636476,51.56771054113732,0,22.793799157212835,6,1,0,0,0.16599174446473247,normal
25.108283514809347,62.398759477058725,1,21.75036876909919,2,1,0,0,0.12914741092284532,normal
23.936991309311427,36.03263224765098,0,29.303805474884776,8,1,0,0,0.16178040471576532,normal
21.08483024070013,59.88230367034197,1,30.938952426576137,22,2,0,0,0.08937738624856056,normal
39.04382660712456,96.75469141460192,0,60.72178115521324,14,1,0,0,0.10935537511514337,normal
23.508828291553304,58.02055924454297,0,20.059887493878843,3,1,0,0,0.16129394371503392,normal
13.544815246136542,62.859372561845234,0,28.15288123575682,2,1,0,0,0.10955391348697036,normal
55.43197190496981,97.3613291899074,0,34.780174342840944,17,1,0,0,0.08410754928281305,normal
37.677216101262914,84.39735837984452,1,63.57613632065341,17,2,0,0,0.06593226710193839,normal
27.647842910195475,89.37958370403368,0,26.697391896083847,6,1,0,0,0.14850862199934417,normal
20.4870615664565,66.67447211211578,0,17.32011298910915,5,1,0,0,0.16091407070650837,normal
43.01069641700527,65.7070843912055,0,45.32602668854906,15,2,0,0,0.14211779828828747,normal
34.45044510568436,68.75045708041016,2,40.382047772636,17,1,0,0,0.08685072937129995,normal
36.6473046187825,66.89357282654575,2,25.221270110134757,6,1,0,0,0.09613694090350056,normal
19.07692283709289,59.93460344971952,0,3.9874084263422738,6,3,0,0,0.09127255661903366,normal
23.029748443499187,79.81301241535051,0,17.04584231920552,1,1,0,0,0.13331676711781748,normal
33.57367792210571,71.7272640484553,0,30.735198179303936,13,1,0,0,0.17514088531853012,normal
38.36553990037788,79.66033804795438,22,33.78656195196039,1,1,1,1,-0.03302155398019235,brute_force_login
16.802809973986495,35.59080235380761,2,25.325838708096907,3,1,0,0,0.05806390536223943,normal
21.767290972915667,38.11618860837865,0,23.330711851162015,21,2,0,0,0.12462208831133392,normal
38.90082028767768,95.62599278981897,0,44.86168802098234,14,1,0,0,0.15789507213626708,normal
41.63806430496631,67.40303888976949,0,34.68647850060373,14,1,0,0,0.16911135036926134,normal
40.2254491560152,106.7695341042466,0,47.56476433111959,11,1,0,0,0.13634406322033066,normal
32.07953687357619,81.95535803985665,1,38.13439097791429,11,1,0,0,0.14815093304659188,normal
29.87717271303376,66.29720184335572,1,14.056119138247643,4,1,0,0,0.13474862269145887,normal
18.67790548512188,44.90024416472721,0,30.20327948222832,4,2,0,0,0.13017025331740506,normal
36.92071860117049,90.78991402744155,0,54.9472187371988,11,1,0,0,0.14582329601794958,normal
20.594957207329024,75.13878181414066,0,32.84867254115196,19,1,0,0,0.13963860335177397,normal
22.50283357068848,49.03534324821131,0,16.502971543847984,0,1,0,0,0.12494750889583894,normal
49.65268513440624,106.73036169052207,0,47.71052938795527,16,2,0,0,0.08751944487726043,normal
44.46191065324104,83.11894537942511,0,50.91110384083414,12,2,0,0,0.13510474017279506,normal
22.267945461128125,76.4834176644089,0,22.04764848660194,19,1,0,0,0.14831437294086391,normal
24.652216001990183,26.45965485912209,0,9.847758344406207,3,1,0,0,0.12785629226682377,normal
45.55729241344955,102.2424929957886,0,42.04269231614308,10,2,0,0,0.11518062615584457,normal
44.061964584250326,85.84797737098576,0,55.61213518265657,16,2,0,0,0.11936068706455444,normal
21.464477615229598,37.93598117825874,1,17.037635629092236,19,1,0,0,0.109019399927123,normal
41.55196688713233,80.33101551405295,0,51.05934839824256,12,1,0,0,0.16298976208072113,normal
45.66631133701234,75.03421746874463,0,50.125710364257415,18,1,0,0,0.13670989431799896,normal
31.560033418910667,77.59941989630984,0,57.23230120193767,12,1,0,0,0.14397163117842293,normal
25.35165350423076,891.4226690837894,0,16.364041533807665,20,1,1,1,-0.043402809546890464,data_exfiltration
25.14531674003655,55.50799698163082,0,20.107687719811807,3,1,0,0,0.16258326495292819,normal
28.341248334208878,33.24203501389333,0,21.00901385829692,23,1,0,0,0.11930190028573145,normal
36.98929484313081,90.767693434944,0,34.4818054459867,10,1,0,0,0.16070968592746426,normal
32.97184496948939,26.83100409641565,0,20.01280232078953,4,1,0,0,0.14956418866034216,normal
15.883923547138943,23.869190873422543,0,13.740192591222112,2,1,0,0,0.09743925563200889,normal
20.176309511635115,36.45634989428109,1,17.468619251333863,8,1,0,0,0.11806418865817059,normal
49.39314417540604,64.31457543683132,1,45.2904017245938,15,1,0,0,0.10735352022705313,normal
25.509192750166623,38.11586068742793,0,30.512617920435066,2,2,0,0,0.12773093822122805,normal
43.41860368139322,85.24422996542577,16,42.94797600587787,4,1,1,0,0.007392791957685274,brute_force_login
44.21218194200396,75.3225942068817,1,40.3795682788681,10,1,0,0,0.13298089946096714,normal
41.72817020983293,66.90421160484159,0,37.996768408139005,12,1,0,0,0.17254188783692287,normal
38.40961001866852,82.22304452941847,0,40.71731878123046,18,1,0,0,0.16569472917341926,normal
27.707356096816596,75.43273728874784,0,7.611741965495741,5,1,0,0,0.14456775436698682,normal
42.72822637850064,92.90276180327116,0,43.64085809921896,17,1,0,0,0.1589857097360336,normal
26.109823450438935,30.22397926289801,1,12.191015838042585,5,1,0,0,0.11636643854295547,normal
26.56460090489838,29.506300559043336,1,8.489884482561283,20,1,0,0,0.09949707116070339,normal
24.23555876566024,49.56647714753208,0,12.00096847548262,22,1,0,0,0.13025177574001146,normal
26.723973426418056,61.78223884744365,0,23.633189022734623,0,2,0,0,0.10633849116842992,normal
29.08138125050577,68.19475892824056,0,20.419040354377664,2,3,0,0,0.10926523344543299,normal
22.00076541753489,41.46757118665114,0,10.138959302654769,8,1,0,0,0.14463472923006654,normal
41.15717105890114,87.17450588382034,0,50.275411830222325,16,1,0,0,0.15532338752658725,normal
18.560858355597706,29.96802059827822,1,12.671174251886876,20,1,0,0,0.08157632807283105,normal
28.65481311432108,29.73803866083973,0,18.467974033109947,2,1,0,0,0.1416855316104585,normal
24.21444516924324,57.564785233468406,0,18.80512045961888,22,1,0,0,0.1428300556883767,normal
32.30204665486858,81.09829175468698,0,53.54545952622692,17,1,0,0,0.15610891208639133,normal
11.848128062320717,73.52800908063989,1,22.5826141460414,8,1,0,0,0.09573612852979585,normal
22.622467730837865,65.12998411648624,0,41.62578950322977,18,2,0,0,0.13102756660111797,normal
28.047947961475263,662.9180503021005,0,29.94804546470303,21,4,1,1,-0.08768264356970357,data_exfiltration
34.36058139334681,92.70156663512368,0,29.6373872902329,9,1,0,0,0.16327239871359928,normal
24.036213282847037,71.88328082948703,0,16.108891228079596,21,1,0,0,0.13717592581636728,normal
15.506939419923237,22.617318365229355,0,19.381302119868604,0,1,0,0,0.0734170547395333,normal
19.401363536877344,41.79172339601041,0,26.078974564936125,0,4,0,0,0.03104922815849842,normal
46.472085000587775,76.62980147555194,0,42.91097459829245,17,1,0,0,0.15129947229218227,normal
30.207910689841498,67.6420803406537,1,42.51665891467765,17,1,0,0,0.13892807513783412,normal
35.46770240588006,65.87927770791103,0,35.16904656110458,12,1,0,0,0.17932110446197508,normal
39.15082217597291,72.72305086850194,1,53.41570897212545,11,1,0,0,0.13135199165736688,normal
32.803752406335754,53.41920893093914,1,24.43653878650124,21,1,0,0,0.11146335146174446,normal
49.20060220777796,108.8333684040418,2,40.41031677207808,12,3,0,1,-0.007782428454954471,normal
46.08622039010879,58.17661752066034,0,46.72441914716436,12,2,0,0,0.12513961642717047,normal
48.6818673061224,78.49740846819866,0,35.094978888832365,13,2,0,0,0.11643060380617476,normal
25.7717047024298,53.37756398340404,0,15.762208749160015,5,3,0,0,0.12280845516961136,normal
39.75636260992882,84.3794879368686,1,45.11451057056173,13,1,0,0,0.14324959166858547,normal
38.3126814006888,55.91966125034999,1,12.400371801649896,23,1,0,0,0.06614916218828726,normal
45.3213243405838,92.24121566170908,0,42.77927410907989,13,1,0,0,0.16080930405628335,normal
47.13348022884786,73.90772875139295,0,35.178316855322606,9,1,0,0,0.142459666831104,normal
35.0939056203692,70.89761987320402,0,50.42031936286537,15,1,0,0,0.16137028378712415,normal
42.13368009271396,88.81542352801718,0,52.4647154501985,12,3,0,0,0.1121483179776453,normal
44.09403269235796,72.6316337807433,0,36.68012359693364,16,1,0,0,0.1585444142668988,normal
28.842878771204944,37.02655831357366,1,31.84371973080789,1,1,0,0,0.11257643094492681,normal
54.35265781164395,75.24157417667787,0,47.46095071717995,11,1,0,0,0.10471354045582276,normal
9.9605705767797,32.05490151184682,0,23.58375404113996,0,1,0,0,0.06231237290749708,normal
33.42021982075114,48.17394119324562,0,4.441841625197007,19,1,0,0,0.12177505652406062,normal
11.570612600050168,54.601849436921775,1,18.33093566089558,0,1,0,0,0.0472591149539619,normal
47.82977613274251,78.20818398115497,0,34.239617022950725,16,1,0,0,0.1383156612707374,normal
26.877193908945465,79.41076748058055,0,16.114565006305728,2,3,0,0,0.09085412994816883,normal
37.12168661940319,63.63869426266631,0,46.09592832324097,17,1,0,0,0.16489593426755678,normal
35.892221045439975,84.64333470150727,0,45.33987037418164,13,1,0,0,0.17361081980879361,normal
33.666473170330526,78.9598738858439,0,25.74343702466829,1,1,0,0,0.12480369945798436,normal
19.385012621256607,35.8093997262267,0,34.11185777736964,4,1,0,0,0.13827563229963546,normal
43.69561364166558,78.67143399096815,0,37.98372832131398,11,2,0,0,0.1456551326937609,normal
33.1419705236171,84.71401132701774,1,47.15118996383587,18,2,0,0,0.11550347673902639,normal
23.733218567033838,51.80912821420368,0,23.569130374171596,6,1,0,0,0.1656674361561315,normal
22.09804817537459,37.5030029947948,0,17.51399946472929,23,2,0,0,0.10162758483067263,normal
21.493268248897373,32.19304501575014,0,17.213278510281366,4,1,0,0,0.14767393283070285,normal
42.569117486863455,90.42749026427384,1,62.22058426822315,17,2,0,0,0.054202362192629805,normal
25.10951476513668,44.0495573005219,1,18.78158542788325,22,1,0,0,0.11411762942916748,normal
45.274084927342045,74.4321207310771,0,41.59184779111138,15,1,0,0,0.15463537060446253,normal
34.205304202816244,85.36205278773086,0,37.62756482923215,15,2,0,0,0.15821155468690046,normal
47.156410992498486,86.91842392248198,1,43.37726895067972,13,1,0,0,0.122763445465354,normal
22.10163368989936,37.85396798915283,0,22.341192463821866,6,1,0,0,0.16041969065779071,normal
25.63452274762888,61.860293150387605,0,28.547076319313376,1,1,0,0,0.14347708377235957,normal
35.90809451201321,73.66147371468172,0,33.488720394010734,16,1,0,0,0.1685119893233032,normal
48.586912706570445,68.1393407076715,1,40.87601863095259,13,1,0,0,0.11009468158955671,normal
48.53648881659964,87.44372849368142,0,44.36846448832878,10,3,0,0,0.07938891165792922,normal
25.731066784794724,54.797345939210985,1,23.983443166845053,5,1,0,0,0.14881801969361158,normal
42.75508047537062,78.78776640254664,0,49.37080742497095,13,1,0,0,0.1603771364322371,normal
31.11353944053939,59.02904355654863,0,7.011791089280157,8,2,0,0,0.12918949366846771,normal
32.073060664153864,73.53861771927063,0,32.95812959443256,22,1,0,0,0.1364968854594229,normal
24.796448644432548,54.63736579276196,0,31.60726661833575,2,3,0,0,0.10212388305261122,normal
27.39681623561311,54.487751912206974,0,22.40640288982338,21,2,0,0,0.13616505469483797,normal
18.296037946412596,22.21486245335186,1,34.65500388417544,21,1,0,0,0.06927052724155452,normal
43.68262513473945,74.13098427638688,0,47.10746854365555,17,1,0,0,0.15418573145842673,normal
22.799053529111877,50.115097899822594,0,19.16197895448538,3,1,0,0,0.15992007168094713,normal
27.44231372274721,83.55456615592445,0,29.10541563961809,8,1,0,0,0.16443903219389133,normal
26.31003250265297,41.38902929647943,0,24.452177622140105,21,1,0,0,0.15128603348905362,normal
26.463345649722704,51.14153624702881,1,21.13162717675793,22,1,0,0,0.119639902817401,normal
38.0937094194626,90.61687421232529,1,49.16488104641205,11,1,0,0,0.13653120046434097,normal
30.41366304271988,685.9016948600477,0,10.28892034841315,20,5,1,1,-0.10295426380169503,data_exfiltration
24.1178474594149,64.64746554159333,1,14.638714108520585,8,3,0,0,0.0867513914394617,normal
21.61482292083708,66.88519898185193,2,13.892268952094938,22,2,0,0,0.04382633322945545,normal
18.508513787721203,29.94916873780067,0,25.643434420879068,8,2,0,0,0.12972398917480527,normal
45.85490031606825,90.54827382285116,2,38.16877837356151,18,1,0,0,0.06514157640369983,normal
40.91054795349244,71.85801542424552,0,28.994640077238,12,2,0,0,0.14383521275500455,normal
24.96936020783665,61.26916557713915,0,26.21820075668098,20,1,0,0,0.1569634772051518,normal
42.08605890123002,49.684965186856346,0,44.09379339550868,13,1,0,0,0.1493909970356449,normal
34.86101057554481,84.31879431869001,1,46.56883066527201,15,2,0,0,0.12255275621871242,normal
25.948535351939107,23.045125290808983,1,27.49543592066493,4,1,0,0,0.12588172501378897,normal
29.54306092661213,61.03164929306238,0,10.547147982912206,21,1,0,0,0.12922718016327578,normal
20.55091704802528,70.24289000811174,0,45.976582349763454,16,2,0,0,0.12326867172052369,normal
30.07481723537757,37.14241439162441,1,17.032513976134474,2,1,0,0,0.12049096738760895,normal
49.28503120798037,79.81451092636453,1,32.909593027219024,14,1,0,0,0.10728211256261555,normal
28.39961289035635,31.74556134734721,1,13.762954605350863,1,2,0,0,0.09237983354777068,normal
23.71277401289222,48.10787675184023,0,10.170434411483049,7,1,0,0,0.1558492804474394,normal
21.74395720159587,53.89393470048431,0,8.393208798281956,7,3,0,0,0.1032444618552189,normal
23.1299446854086,53.23318452514928,0,26.073329622079505,22,1,0,0,0.13808614205602482,normal
42.3544958030726,76.07082490363469,1,42.35515740853212,9,2,0,0,0.1171323512262914,normal
28.38742024171716,35.07099663800575,0,24.3323222199778,11,1,0,0,0.16598869197105331,normal
28.90913194803704,53.27853333310573,1,13.032418635730991,19,2,0,0,0.10609899229520481,normal
29.503475005130596,23.45734645471292,0,22.91664409680558,0,3,0,0,0.0658104665103747,normal
46.97544200912704,63.03365382246737,0,50.49569684987795,14,2,0,0,0.12205025607408443,normal
30.41125388869752,86.79559484858089,1,56.13234920330321,12,1,0,0,0.11587513291989865,normal
15.631040665348843,44.01947326275216,0,16.427255757945012,6,2,0,0,0.12154516617465672,normal
25.49463851760702,32.954372499442144,0,25.100595370657487,5,2,0,0,0.15126095334648199,normal
25.007954132406443,20.723860864843257,0,10.74983411609049,2,2,0,0,0.09419087217101635,normal
26.51316912540572,43.53350015711461,0,25.557211601618945,0,1,0,0,0.12469745556534323,normal
37.07436265556504,84.11058260973955,1,36.751214209005965,9,1,0,0,0.14624135619194878,normal
41.83870517778004,82.33487446507611,1,261.6214207093019,10,10,1,1,-0.145412491945618,credential_stuffing
36.09149197831331,77.38334098572076,0,50.031829432152215,16,1,0,0,0.16085286630126666,normal
44.01244993355508,84.11702503454848,0,45.5882006206742,14,1,0,0,0.16439439463901345,normal
44.893006134665576,58.56010293538903,0,36.15621213277405,10,1,0,0,0.1572881721045991,normal
38.45194878281435,67.74707749677563,1,32.93362315344571,17,1,0,0,0.14040859546143114,normal
20.34973022190256,42.394576058134646,0,17.193998549090818,23,1,0,0,0.11539498131239728,normal
35.18541976081098,72.10751943409718,0,50.22651289610016,12,1,0,0,0.16680304481701308,normal
41.9247143555961,81.18804393034465,1,38.03886869833481,11,2,0,0,0.12423468553913336,normal
48.38056106439095,78.84509503792493,1,51.90913363072296,11,3,0,0,0.053704339997176276,normal
17.374289673446306,53.66897104473826,0,33.67961520681934,21,1,0,0,0.12192749228175936,normal
27.779809061405384,62.34942491532996,0,8.037259283403198,3,1,0,0,0.14159108093254513,normal
28.97231100855084,40.39654256797979,0,18.006498683300077,2,2,0,0,0.13388490137526193,normal
26.31378349513585,42.04983861830051,1,16.61774262939668,0,3,0,0,0.05488679308905581,normal
22.202868328322666,49.642343477958256,0,17.5635843407071,19,1,0,0,0.1535633904600064,normal
12.227595433511128,38.79345869499401,1,27.95937376743512,7,1,0,0,0.09286519188513703,normal
15.846569751633496,42.61017720179895,0,21.05913052455894,5,2,0,0,0.13239732958431555,normal
27.02773332487015,42.28685833455461,1,20.07230753423741,3,1,0,0,0.14687780168272807,normal
41.57536797401155,79.81585199746736,0,40.13457038355542,10,1,0,0,0.1691173701879306,normal
24.926519362918512,38.37796732796706,0,18.29263236521265,5,1,0,0,0.16796940025257212,normal
19.921841680678163,47.22101127604463,0,26.46931680218711,21,5,0,0,0.029981061596536795,normal
45.98235613872185,79.66699664847013,0,39.40962859898582,15,1,0,0,0.15427484579923023,normal
31.56662167686228,108.78921950216689,0,53.61048285866177,18,1,0,0,0.11330426666459104,normal
37.06257611781597,69.96655262406178,1,42.52861689801673,14,1,0,0,0.15059619536564317,normal
28.99526694223834,67.41833409731245,0,32.060089569333115,6,1,0,0,0.16804776029271268,normal
48.71480520682447,49.69915378215162,0,47.89394113381968,10,1,0,0,0.11287947681271648,normal
22.643642569445092,36.212620122889966,0,19.13855464724712,22,1,0,0,0.13685522039977227,normal
36.66828338439378,64.73763405667883,0,56.08638169718893,10,2,0,0,0.12485921835331054,normal
33.11042026748429,52.00327770854787,0,38.5884616493594,16,3,0,0,0.12127550564115219,normal
21.37684641257827,51.09656381571115,0,19.598907249208416,23,2,0,0,0.10587075548270586,normal
12.185200907591168,65.09936947394772,0,24.512581938131973,7,1,0,0,0.1263260750805706,normal
32.8669737796217,78.00846930771213,1,26.58592840467626,2,1,0,0,0.11294752941432146,normal
21.68643248732435,71.01165914293477,1,26.49638757003618,7,1,0,0,0.1378699632551748,normal
47.68986277002261,70.10756844742359,0,59.64204151150586,11,1,0,0,0.10064061495143894,normal
49.84857176633389,64.20190405936006,1,32.33568671730256,18,1,0,0,0.0903165459208411,normal
41.2647657942432,60.60463196705899,0,34.55839328312943,22,2,0,0,0.11480968813697878,normal
38.04259777335184,82.70481873765948,1,46.65250236213666,11,2,0,0,0.12118413308173048,normal
41.33280262980227,71.37220325534726,0,46.94550696748813,13,2,0,0,0.148764005850256,normal
36.55779997636853,55.64123236145049,1,51.769985809658095,17,1,0,0,0.1238987028737879,normal
30.79196000296676,60.931123796986384,0,29.02904462877733,7,1,0,0,0.17316538684061983,normal
28.08271570547325,27.386705830498688,0,22.108956034776455,3,4,0,0,0.05650948993059607,normal
42.89119637031095,68.29393091107059,0,36.2976074206934,17,1,0,0,0.16438464610418396,normal
18.37082324162488,38.267308190710494,0,19.25233109239654,23,1,0,0,0.10846047800965342,normal
26.94604126008921,41.82694893764732,0,20.94155672414153,1,1,0,0,0.15092618142222824,normal
40.93114410315388,73.05625430770509,1,45.39043206695268,10,4,0,0,0.05778865957338736,normal
21.299347830881757,53.39473929347718,0,167.69966908216708,4,14,1,1,-0.1333387540996065,credential_stuffing
23.87862305102809,79.75060399133861,0,24.974960579928027,1,1,0,0,0.12902058445726183,normal
40.54185879523861,91.75735108619988,0,60.55473939846071,14,1,0,0,0.12136347877527254,normal
41.26198986600936,73.75576318459309,1,15.677723143866409,8,1,0,0,0.11448202826505605,normal
35.19661589805226,70.00903459831923,0,4.110917964615851,0,1,0,0,0.07680148151893357,normal
35.24548047400023,75.08307416183806,0,57.70096796158326,9,1,0,0,0.13771573876451948,normal
50.805642597464896,64.6063643704565,0,65.41195371742629,16,1,0,0,0.05668466811744416,normal
41.56404259494344,80.00839988509543,0,58.903068145743774,17,1,0,0,0.1347698282142356,normal
26.458550365964197,52.33369203845958,0,23.84960864085725,6,1,0,0,0.17148443144885184,normal
21.398698737047237,55.87326762890141,1,26.307102438581055,4,1,0,0,0.13239415021167866,normal
59.4585578175684,94.1982704213521,0,45.49789417248303,13,1,0,0,0.08352998366953773,normal
29.03376044824241,39.35121300571903,0,14.708388353864784,2,1,0,0,0.1467193313943458,normal
27.456631183853517,56.06612231107126,0,25.18026521426361,21,1,0,0,0.1522714619253842,normal
22.65010859546925,807.6918775101148,0,28.103196549870106,8,1,1,1,-0.0037138036491807247,data_exfiltration
40.4335122894275,69.95965855624559,0,45.1302495150156,10,1,0,0,0.16207031861461602,normal
36.978098437746425,68.27963456574581,0,47.97571141367101,13,1,0,0,0.1697515086182847,normal
36.36906258636402,105.49614113297964,2,41.577098221201744,16,1,0,0,0.07084079881295008,normal
34.53707977881087,78.81316666423237,0,32.76978260480944,11,2,0,0,0.15919660401003205,normal
9.25109766175533,22.756002497990064,1,30.35928344801728,8,2,0,0,0.03840338088748896,normal
43.62274312166736,66.9110821039077,1,43.15118811188278,9,1,0,0,0.13156623522994781,normal
24.20419752170456,66.89590174583098,0,23.52947742779668,4,2,0,0,0.14550990218459342,normal
32.26311647674187,87.10011775077714,1,47.89075579813275,14,1,0,0,0.13887437098338834,normal
14.721192825454736,42.94616425600464,0,8.196062311855146,6,1,0,0,0.1138608467210282,normal
28.48196106281406,94.04230391192316,1,44.79777580898638,17,1,0,0,0.11470686644546313,normal
37.71726457500189,56.91417617644297,0,51.52614555967258,12,1,0,0,0.1569834198767503,normal
45.85494002373138,69.54452795952707,0,37.89714479838039,12,1,0,0,0.15681539261372607,normal
25.349252310676,69.37203333598045,0,11.18054327353934,3,2,0,0,0.12849519728676084,normal
14.447563081461317,31.246759611577986,0,27.290444915399803,7,1,0,0,0.12864804763846338,normal
33.106437354478835,65.0723253763687,0,18.28031648111529,20,1,0,0,0.14733476264829692,normal
94.84598316189656,69.67876810129523,0,44.828581804151305,11,2,1,1,-0.026780274446413954,crypto_mining
40.36051596769098,83.11757575046106,0,46.26894403880724,17,1,0,0,0.16324177674946577,normal
42.03212390753014,103.03446468216548,0,34.62656942791456,13,1,0,0,0.15290631590299253,normal
28.33738005640396,19.601333351008467,1,16.018433600119337,23,2,0,0,0.05163589683069558,normal
17.474263460984503,46.203697384788335,1,29.42512860767313,2,1,0,0,0.10081054180886301,normal
39.48197285051964,78.503595870286,1,45.16092526768787,17,1,0,0,0.13642294770386165,normal
20.93702973092733,47.74507439354435,1,161.38899596629307,5,11,1,1,-0.12185904682518278,credential_stuffing
34.179254437722136,61.88337766363405,0,247.2153010569304,15,10,1,1,-0.11307251132016527,credential_stuffing
28.18205741002348,69.75588016951048,0,30.432995090623983,4,2,0,0,0.14567029017247712,normal
31.072829779056264,70.75777806661058,0,46.22576891121289,11,2,0,0,0.15173661579840036,normal
28.444427325364007,85.76896700497204,0,29.8935587974834,7,1,0,0,0.16109101325480663,normal
26.00809204319517,45.223747194225446,0,27.11677531296862,3,1,0,0,0.16321783232903808,normal
39.81842165441809,69.17838875254692,0,56.23110533794622,9,1,0,0,0.1407445130345939,normal
33.97515539948759,71.58423721966598,1,40.79713955977049,13,1,0,0,0.1508716290514594,normal
17.741831542953356,38.04828150996237,0,18.38206352505167,22,1,0,0,0.12326059563658509,normal
19.48345459459718,34.21505795595207,0,26.023307731647517,2,2,0,0,0.12334103452834688,normal
52.02653982205102,79.10585231917199,0,47.07706440385805,16,1,0,0,0.1068615945305566,normal
29.028040458702797,50.28185766961912,1,17.630638706674894,5,1,0,0,0.14654024537886878,normal
36.75774196607768,83.16308537765772,0,46.038659231541146,16,2,0,0,0.157802009287635,normal
18.853674151994262,47.65386081810796,0,17.255620650847575,4,1,0,0,0.15039528662304052,normal
26.75315636995824,62.414862646027984,0,12.307290820995128,23,2,0,0,0.1019581775054173,normal
28.21905906142242,35.106969419319526,0,13.2415947297217,21,1,0,0,0.13038576310959882,normal
12.91059260496035,797.6701183509532,0,12.137584485752278,7,1,1,1,-0.052563657432321165,data_exfiltration
19.78739473256254,44.50820465936979,0,15.04362310130342,20,3,0,0,0.07780574664734807,normal
28.962759714109303,79.09537164092576,1,20.369132341728275,23,5,0,0,0.006449308287651778,normal
34.02895624060457,81.20577558145483,0,46.82206240522572,14,1,0,0,0.17142205468655947,normal
30.675328939327837,31.12704064959611,0,6.1555307558533645,20,2,0,0,0.09699357655197827,normal
19.964694860664167,46.6613760916272,1,22.66052284935714,0,1,0,0,0.08865140580029712,normal
20.3975952675982,34.25488826364808,1,28.45317064578705,23,1,0,0,0.07274424612739455,normal
46.92101709868926,88.59087978994734,0,47.32867239269963,14,1,0,0,0.14952245615787163,normal
20.007632170900862,64.91621630135357,0,32.43269978555372,8,1,0,0,0.1558521301652056,normal
26.34356124367964,60.81742733126232,1,10.72028708335574,1,2,0,0,0.0893696145897066,normal
41.70306740381642,66.84299092328864,1,47.455781893662966,10,1,0,0,0.13235590455369922,normal
22.294035897824145,35.4585133506752,0,22.325283114774532,3,1,0,0,0.1577887078132051,normal
21.903300148771397,41.312207882796045,0,29.254159099547078,4,1,0,0,0.15384041357825284,normal
23.580775699788788,43.097194266531815,0,13.315980522030276,20,3,0,0,0.08410707442663717,normal
20.77650204750673,38.57816664854224,0,19.61385275838307,1,1,0,0,0.1379718852775379,normal
42.27491871235674,89.18235210433328,1,45.554552158818325,17,1,0,0,0.12851469529208415,normal
20.36304871277457,63.44749505300249,2,16.34086615872097,3,2,0,0,0.06896589816765974,normal
27.762493899056945,47.19542730774077,0,16.006868867131793,5,1,0,0,0.16744353292084824,normal
33.99394273310311,93.01369216259408,0,36.51487883039195,10,4,0,0,0.07758447801659879,normal
39.66649197453727,96.83304999940052,1,51.687278185103416,10,2,0,0,0.08874934238566706,normal
30.81674320316042,15.751420480774406,0,21.93635115455271,6,1,0,0,0.14249518977568354,normal
49.80058919380657,95.91200107708922,1,47.21831602491065,18,4,0,1,-0.0028273444120648916,normal
41.27256011844505,91.1778032284074,0,37.39581723976335,15,1,0,0,0.16040968075848783,normal
39.3320869072132,57.33359677321215,0,39.50249959829364,14,1,0,0,0.1688237685855437,normal
41.17507153058609,56.44511278620475,0,53.08807856285864,12,1,0,0,0.15054357396064305,normal
39.536673728661725,83.89129986894739,0,57.473254421622045,9,1,0,0,0.1377843537090695,normal
30.98114228129136,76.8769211301505,0,35.10715680537665,10,2,0,0,0.15827183760915087,normal
29.208339362857,44.231263344196805,0,243.6126969341162,22,10,1,1,-0.13571141016300325,credential_stuffing
38.90109717368024,81.81773227851018,0,53.35651344925643,10,1,0,0,0.15420743478626958,normal
36.80203768344428,59.38739821442685,1,50.409454804619074,12,2,0,0,0.10860379557367245,normal
20.70373938234496,47.33020688072983,0,21.773938254511364,21,1,0,0,0.14296671144438378,normal
13.52647014748134,47.19388595115919,0,22.199645661434484,1,1,0,0,0.11357507482089252,normal
18.75880773426716,39.761899307696815,0,36.744633759169005,8,2,0,0,0.12556923554233057,normal
30.109546275359182,39.64494406327482,0,15.368601747212782,2,1,0,0,0.14445610987222357,normal
17.979321843643845,29.881104091448936,1,15.960284411668034,22,1,0,0,0.07669594969555926,normal
34.621794713048914,64.57898281303834,1,51.05362055387724,10,1,0,0,0.13619568705818097,normal
35.36178310740043,44.380657710109176,1,24.352144050928747,0,1,0,0,0.08443784198588133,normal
40.50680071833968,80.5370390005376,0,43.57399002203571,12,1,0,0,0.17361172503450045,normal
16.867314981326267,36.99539815351172,1,11.57386860578276,8,1,0,0,0.09557371748599425,normal
44.02918703037432,82.74862865688078,0,47.77616625082882,17,1,0,0,0.1567108797635116,normal
37.63996712603584,71.99684561265377,0,43.223107101204405,15,1,0,0,0.17202854674761647,normal
44.74375359497661,88.15009395498572,0,31.094464136192755,13,1,0,0,0.1534578397118152,normal
36.22797851781484,87.16721229380983,0,30.59344923732412,11,1,0,0,0.1650960449632879,normal
46.718126671320285,66.50828035610488,0,50.47884863423662,12,2,0,0,0.12292857807371632,normal
37.67740178515359,43.54816436408966,1,47.95630013378229,14,1,0,0,0.13093722077074615,normal
38.68991101923306,42.23049051175235,1,7.084332399854702,5,3,0,0,0.04789551909661727,normal
28.82912199309144,61.2077988518764,0,28.38224104071776,1,1,0,0,0.14273134912180768,normal
45.293718955595295,61.36069782582627,0,40.455446629694194,12,1,0,0,0.16151969164069624,normal
33.269493382864674,91.31281941548605,0,49.12546983297389,12,1,0,0,0.16178243830398986,normal
18.26082969474773,41.88058266292357,0,13.42739247263503,4,1,0,0,0.13403679905282068,normal
41.92814329270164,56.35536504843132,0,38.146239968730725,18,1,0,0,0.157896579399895,normal
16.33837442698141,68.04819173438428,0,26.6668482005696,6,1,0,0,0.1446843550265659,normal
30.229146316527604,48.94220670908872,31,21.921250007570816,4,1,1,1,-0.03541728845899017,brute_force_login
26.55261883146353,29.53950252741029,0,26.04708939852381,19,2,0,0,0.1352820676626727,normal
29.32767850657433,97.01959549731583,0,37.71867987131965,10,3,0,0,0.10179410707841163,normal
49.2552832682447,79.12977358409104,0,35.4727600938975,13,2,0,0,0.11425689585493198,normal
50.84578483402412,78.62915491924608,1,45.88838983584405,18,2,0,0,0.08175945899677417,normal
26.76982873425293,59.40992180410714,0,21.42525761150652,7,1,0,0,0.17649755228842567,normal
28.5378353881444,60.98714793857149,0,24.56114436133105,23,1,0,0,0.12749865199681998,normal
33.90943484903279,89.93459213552453,0,49.23207456327782,12,1,0,0,0.16314311250314367,normal
39.24080452151764,62.62997290216652,0,32.26984610347263,17,2,0,0,0.14759602724693444,normal
43.04364418664379,87.1000501333245,0,50.819894977934986,14,1,0,0,0.15531477870830773,normal
20.168969489542743,40.21103136002768,1,15.9970673250289,2,1,0,0,0.11705451991867727,normal
34.29960643010524,42.86698329896968,0,8.17724939094758,2,1,0,0,0.12151220052831763,normal
20.591973437938844,46.43279176777369,0,22.2514151337492,2,3,0,0,0.1061110457262125,normal
42.79866758104157,97.47735685841783,1,44.433499969351615,14,1,0,0,0.12896062906294375,normal
30.180623681139277,44.98920376914732,0,19.963901226648105,1,1,0,0,0.14977759164032656,normal
36.61552821557963,89.89774418156847,0,59.86209484375185,15,1,0,0,0.12997947639561414,normal
51.844472126470144,75.941948942581,1,57.32271863402194,18,2,0,0,0.02748129920562159,normal
34.48788093108343,96.32138694812885,0,49.47651682311951,18,2,0,0,0.13154198439833004,normal
37.28050954586192,98.53914803342155,0,50.41311223357192,10,1,0,0,0.14175112134908247,normal
46.6079809893373,82.61551381652455,0,47.96267905022246,9,1,0,0,0.14403566296388742,normal
30.96734941444973,64.0520851569959,0,26.095643291659552,8,1,0,0,0.17107677892429662,normal
23.05654688070447,26.404871860257494,0,14.896719632961588,22,2,0,0,0.09220261380844169,normal
12.895967211265532,40.02338943471792,0,237.2054699815264,5,8,1,1,-0.12655818013801834,credential_stuffing
25.78444346371655,57.57892014761303,0,19.937766636599413,4,2,0,0,0.15171679763865165,normal
24.150024208766546,56.69670174957166,0,16.390292453744173,7,2,0,0,0.14967304911368634,normal
97.71462182742351,54.15491496678651,0,18.78741705452583,8,3,1,1,-0.06795489809272348,crypto_mining
21.628419316852444,34.039311091316414,0,18.32933178790963,6,2,0,0,0.13634600918315154,normal
32.07578310438296,62.82355883954604,0,21.62022396538916,6,1,0,0,0.17034792545427768,normal
32.10510510143496,64.23006472965082,0,187.8038239350132,13,11,1,1,-0.12084623235268732,credential_stuffing
41.45242402172781,100.68366864502524,0,40.26691532657995,18,1,0,0,0.14553772982103846,normal
30.15778472112908,23.769304438719168,0,25.82492584048282,0,1,0,0,0.10089679737383545,normal
34.937249512343776,20.31020307720957,0,17.148870355823846,20,2,0,0,0.08764164487903947,normal
24.633545971885745,41.53545581284061,1,19.35412243564509,1,1,0,0,0.12486200721737045,normal
42.828810142815975,86.7189609915942,0,46.801277547712,10,2,0,0,0.13439861436596606,normal
29.05814228604945,39.44250112895806,0,25.04153237642144,19,2,0,0,0.14176268372201561,normal
40.4969954231086,68.7742522896345,2,40.49280734752984,10,1,0,0,0.09775606100033973,normal
25.72941004076003,70.72404720559021,1,38.40081705471997,14,1,0,0,0.14212061660488706,normal
34.25365976596781,27.33613157274509,1,24.04093111791392,8,1,0,0,0.12986577882149414,normal
37.72978784398122,39.50646082132367,0,20.19636167559471,23,1,0,0,0.11180077859955412,normal
42.9547075840489,76.8925746635894,0,65.03868869394759,14,1,0,0,0.10159045261796851,normal
31.699955338170337,85.30519063836573,0,39.1717983705914,11,1,0,0,0.1703632453705044,normal
36.6711704456616,70.4155604139921,0,23.36191387608099,3,2,0,0,0.12873410176714284,normal
29.00347088457545,56.42381596275295,1,25.483017110250323,6,1,0,0,0.14914566312643351,normal
35.437818152703215,90.32427662732348,0,54.19099366700516,14,1,0,0,0.1546943139959147,normal
48.70600862878801,86.02144489051193,0,37.69060530111214,11,1,0,0,0.13933597960079042,normal
26.614761647470644,61.809144396843706,0,11.044527958109825,8,1,0,0,0.1556568129672985,normal
26.470685706235702,33.23158491919689,0,25.21645719458808,0,2,0,0,0.10392784532188815,normal
26.610479642167373,37.38317948659412,0,22.009541618507107,20,1,0,0,0.15888406900300622,normal
22.495417708063407,64.23885952779364,0,183.8406089852089,3,16,1,1,-0.15269416788465784,credential_stuffing
28.30031259414731,62.38121896734627,0,27.19055217469424,19,1,0,0,0.1627686780311559,normal
28.583369309520307,36.46524268108186,0,16.847979975213185,20,1,0,0,0.15102969731797594,normal
40.64301949155757,94.04506071243996,0,42.2788634173095,14,1,0,0,0.16306290878124285,normal
38.853833424398985,67.68070423890711,2,45.54623522104687,11,1,0,0,0.0915132327066202,normal
30.76183100852001,52.14819624809196,0,26.698452747529693,19,1,0,0,0.15930726995813344,normal
31.42366335987512,28.603041328643823,0,26.113928719298848,3,1,0,0,0.14541951475471082,normal
37.14924832933238,76.28582695337823,0,56.35511917407361,12,1,0,0,0.14954779524800765,normal
22.25619006947926,71.10211293099448,0,16.865416109428516,19,2,0,0,0.13588775999477615,normal
40.11997291723851,66.47651757044726,0,47.23657594938645,17,1,0,0,0.1572330053972963,normal
47.414693150932926,96.68070263154809,0,45.66153304320973,13,1,0,0,0.1382178635394321,normal
25.560234245659903,28.10319992123002,0,12.319311568000606,1,1,0,0,0.12463668559753144,normal
19.772841819954216,75.05140850874633,0,21.94875588745169,5,1,0,0,0.15547865081095058,normal
24.55392802144885,43.40220105349391,0,23.19122168300298,22,1,0,0,0.14567597104170793,normal
27.48279458470899,25.07628516233012,0,24.134519616241512,20,1,0,0,0.14304877382450398,normal
21.26380288107644,38.73249170564182,0,24.213803813067067,4,1,0,0,0.15653158631598912,normal
27.761629749893824,37.84013666451991,1,14.49590016676354,19,1,0,0,0.12078199905183551,normal
23.145301214784997,35.29417622774788,0,0.0,21,1,0,0,0.10233693542411965,normal
22.486219326872597,61.37098559260952,0,15.232069884559053,1,1,0,0,0.1394467131962696,normal
13.701098751648498,59.27693588582328,0,25.61412198590112,5,1,0,0,0.1397696638814912,normal
42.29459989415521,109.7490898388114,1,41.83017341723625,14,2,0,0,0.08697705527742433,normal
15.284961660904813,40.5755226197337,1,5.088524767515274,23,1,0,0,0.039018747035260204,normal
27.162212295429168,43.40575770474491,1,32.381030715466935,1,1,0,0,0.11091800125666995,normal
34.17005959275228,563.8560527500329,0,39.56273684556784,9,3,1,1,-0.005848487770595101,data_exfiltration
34.99361928211916,59.90733473518546,0,14.730271518686592,3,1,0,0,0.1466583004233767,normal
44.2561150867319,73.70188756573464,0,54.39922500699895,12,2,0,0,0.12262432635883203,normal
45.21763552063396,67.16386130072739,0,47.03047310591793,10,1,0,0,0.14768461576578967,normal
29.95841990398315,58.17711319265811,0,29.30042730430976,20,1,0,0,0.1593666832891572,normal
17.633920213263657,61.069023893932325,0,25.5115410967957,1,1,0,0,0.12456780456853073,normal
35.270250880854064,23.06025898123965,0,34.61416000081752,22,1,0,0,0.1104252799016246,normal
49.147831578896536,80.24661392929073,0,44.240816883749325,16,2,0,0,0.11585778744360353,normal
38.04011462086833,57.65585581473496,0,42.29150297392223,10,3,0,0,0.1262916462309296,normal
20.44520403067781,44.97285291832711,1,15.81029540686744,6,1,0,0,0.1265737076684123,normal
24.757996538715737,22.891065356513987,0,4.901464867807361,5,1,0,0,0.11716002609629123,normal
29.177497095445023,111.51480784719666,0,47.99791046530024,10,4,0,0,0.04606657441271772,normal
38.14496725918816,70.08738204871129,1,58.48179295362894,13,1,0,0,0.11490249162587451,normal
41.0794862172785,71.73713794507007,0,52.05598068372067,15,1,0,0,0.15480911689924776,normal
26.47650169189845,56.78936044970182,1,21.36290672163896,5,1,0,0,0.15080223908774743,normal
44.84227849964012,76.79484244117677,0,47.80750309534162,12,1,0,0,0.15736368347860435,normal
16.3703321300958,69.88250329581885,0,32.84961074702814,3,1,0,0,0.1245916639294315,normal
29.19213288110226,47.26637263732192,0,24.852437864225816,22,1,0,0,0.14833021415005193,normal
29.609243299790425,30.040263754690606,0,14.39400186647764,0,1,0,0,0.10494962140967729,normal
24.33996700779369,59.8520874276422,0,13.62911150291875,20,1,0,0,0.14884575803591332,normal
39.515700519348506,89.24869028460907,0,36.35861721862273,18,1,0,0,0.1519363328871371,normal
41.09258947489517,80.75640146209165,0,57.707917606176856,15,1,0,0,0.1447005062230492,normal
33.03595953688,37.32442232425586,0,11.494163147648292,19,1,0,0,0.13038089327098235,normal
20.488184009567085,41.72487292929983,0,17.09387670283428,5,3,0,0,0.11064176017087679,normal
44.64134623724088,72.56774478351038,0,44.348023741833934,18,2,0,0,0.132120977002741,normal
31.984360915515623,35.052073750721604,0,17.63333757261495,20,1,0,0,0.14353819630646214,normal
21.06025557520177,66.7628082316191,1,13.02104965149294,1,2,0,0,0.08826637872672499,normal
20.965086423961985,71.75510388138593,0,17.954685077496862,0,1,0,0,0.105309700244471,normal
12.485245366569975,70.86563712583919,0,9.282170745809175,23,1,0,0,0.06543446209502812,normal
42.23705349193495,95.64298114339412,0,58.64787657104927,11,1,0,0,0.12054693760801094,normal
14.344106518228644,39.78917586323443,1,25.22007324293217,22,1,0,0,0.06406995953450706,normal
27.28811700748171,34.580088901738414,0,13.409804437936351,3,1,0,0,0.14669419618009916,normal
49.56665435049519,93.55837100954002,0,45.41310177861487,10,1,0,0,0.12056930734695309,normal
40.45404124368032,91.38134288984058,0,49.35683951902931,9,1,0,0,0.14978958379079227,normal
30.16861915379683,67.5601818305975,0,23.318037683836792,5,1,0,0,0.17211887146979293,normal
9.67870242366461,59.725591665646846,2,18.87055892717917,21,1,0,0,0.008743005757627764,normal
35.47434489988385,63.7105524388744,0,51.02938938646814,18,1,0,0,0.15167778223621298,normal
38.674214957022016,89.37226734580813,0,46.59240479716362,16,1,0,0,0.15487121997998926,normal
25.615873171237983,21.889167459031697,0,20.97157073716078,22,1,0,0,0.12431431787453445,normal
32.46060798432739,94.68553738201275,0,48.946112718656,12,1,0,0,0.1546122854211528,normal
22.89490341954115,64.55950508917165,0,10.634939513481225,1,2,0,0,0.11420919857819944,normal
34.13015230106501,104.20038393619224,0,37.69510946253129,14,2,0,0,0.14181639352734854,normal
47.255383883343626,94.13345026351752,0,39.63912752143924,13,1,0,0,0.14761091685351213,normal
22.94470479485341,77.94139529570424,1,17.796403893237283,2,1,0,0,0.11997283546885157,normal
46.30392637604567,94.5569395536,0,49.4043200760985,18,1,0,0,0.12785910649208682,normal
41.85936867628381,77.87623371058493,0,49.26877571675677,14,2,0,0,0.14707782006537617,normal
44.44075398463146,77.62715930266701,0,47.50521156333105,13,1,0,0,0.1564227266547541,normal
23.61358313525392,42.74774137394276,0,29.19308524319439,3,1,0,0,0.15733469429093594,normal
33.46275487122102,49.33149650861777,1,17.719833126201724,19,1,0,0,0.11856149496479645,normal
27.08438491860857,571.8417406960018,0,14.42128839289148,5,3,1,1,-0.036163022338000506,data_exfiltration
54.475692529677495,94.18245956989092,0,46.50759074887467,11,2,0,0,0.07705183321560954,normal
28.831961011858613,36.37769077088495,0,36.90135630456961,6,1,0,0,0.15282501058786158,normal
47.170279773549055,80.53057125632958,0,46.051328913763854,15,1,0,0,0.14817316082294274,normal
14.532802668363676,55.82252050150913,1,25.2351704246376,6,1,0,0,0.10532470612861394,normal
27.6216290184781,42.79756575210433,0,26.299793676262617,22,1,0,0,0.14454535517237327,normal
43.03282095499976,78.81870670633039,0,50.04210553711484,9,1,0,0,0.1500544379428061,normal
48.29295394622516,74.9589995524139,0,42.72230371155474,14,1,0,0,0.13735048187326976,normal
19.28002835044773,33.83384097604485,1,26.468424630291015,2,2,0,0,0.09322979727223174,normal
36.33089318204832,51.581282742915455,0,38.47078563439339,12,1,0,0,0.17046900820476618,normal
37.74619800540679,107.863863149745,1,48.87758901819304,9,1,0,0,0.10278227105131121,normal
15.62179416057248,58.27154807263318,1,25.081854232630327,22,2,0,0,0.06685779415535775,normal
35.987062813395326,54.49694257359395,0,13.340146197081667,21,1,0,0,0.11880317996883938,normal
41.09193929573679,90.63544662977456,0,48.54321637963643,10,3,0,0,0.10512508235361862,normal
28.621874433764432,33.5598192819342,1,29.00707821831961,23,2,0,0,0.0781138349984723,normal
20.639548570707884,50.28888963546819,0,34.21794464290884,5,1,0,0,0.15360207037950763,normal
21.21158466660065,50.73075019090711,0,17.36208868178624,7,1,0,0,0.16023845212802373,normal
22.60073056798977,47.792425282273456,0,13.28527456276634,7,1,0,0,0.15804926836328026,normal
33.52110963269169,35.249349155769806,1,25.989446906196548,3,2,0,0,0.11299441133461396,normal
31.48908451779845,37.81123228617099,0,31.473131475354315,2,2,0,0,0.12384943495544043,normal
32.37388301493437,33.04219315950559,0,19.178447442860666,23,1,0,0,0.11095261022068559,normal
44.46511426189021,79.62896868796399,0,33.30851077589597,12,1,0,0,0.1608010859377776,normal
29.53234735495454,64.49209491291573,0,13.259701064222323,8,1,0,0,0.15916946239234636,normal
25.875018821292304,51.54447863696916,0,11.257948058404375,1,4,0,0,0.0506139617223087,normal
28.831259903605595,32.44227604806637,0,38.747964600614026,22,1,0,0,0.12175815703691906,normal
7.471897099032354,32.57373049735384,0,25.19787156554016,2,1,0,0,0.08435174445149102,normal
33.246477315808185,103.20966474631518,0,34.5337785268766,17,1,0,0,0.15399202242253374,normal
45.616337007616096,77.6628637672714,0,39.60775366445618,15,2,0,0,0.13504133353217163,normal
42.88605539042028,99.22075097185451,1,44.42853609005079,10,1,0,0,0.12081402746935155,normal
31.308451512198737,84.00704444692596,0,48.32633384724334,18,1,0,0,0.15798431648651995,normal
40.040799067359984,85.76240266951217,0,49.18525550218803,12,2,0,0,0.14678672392090042,normal
17.836449961605666,39.65516742648584,0,23.16837318826197,7,2,0,0,0.1373770705278633,normal
44.98201489926547,85.98069202685517,0,59.10669591984289,9,3,0,0,0.07628263926318218,normal
15.729661555561387,61.49755650508368,1,27.344630168915486,5,1,0,0,0.11774299639671687,normal
54.18323496771616,64.30071337859746,0,50.93306062495462,17,1,0,0,0.09220658166564316,normal
24.726926528192543,40.22071768964921,0,39.96463382283876,0,1,0,0,0.08915627267057097,normal
40.617151467594006,92.65743161728436,0,46.02903543713545,17,2,0,0,0.1414299264733631,normal
29.392485708598134,44.73570886792868,0,18.6649519166018,20,3,0,0,0.09862458739538021,normal
40.64790352435137,59.18370378497845,0,41.12767601546996,9,2,0,0,0.14642744226442583,normal
16.848555908455154,29.25473286883289,0,14.83756478747065,23,2,0,0,0.07554107209072408,normal
37.61682810312407,76.18438374460158,0,45.99574705669245,18,2,0,0,0.1488234628457319,normal
18.29243435177956,70.45318919959419,0,21.8105858668535,1,2,0,0,0.11040268085194976,normal
41.12060058686247,77.27399693576142,0,48.04790992107146,12,1,0,0,0.16748282029584682,normal
16.827739774871453,55.78935104387949,0,25.99867312233052,22,2,0,0,0.10812825103757068,normal
19.141599708017218,41.61161303067183,0,12.03601662304757,23,1,0,0,0.09365390720298161,normal
37.02009368723052,93.16043313809712,1,45.8411677797224,18,1,0,0,0.12544310922550417,normal
22.32433771683304,83.93853212502978,0,15.84006245071984,19,2,0,0,0.12549403253104707,normal
49.11053218391308,80.50402561030334,0,36.16023784875149,16,1,0,0,0.13663168537096232,normal
21.71555486339876,32.61810400363093,0,27.726941148504352,6,2,0,0,0.13685498707993288,normal
25.386846488860723,56.89455977112224,0,11.591262665145049,22,1,0,0,0.13219278099091858,normal
40.60474643586884,68.50280340637146,0,52.05812960328565,12,2,0,0,0.1422201538587819,normal
20.76809965650491,55.67530954029092,0,21.03106508770892,22,1,0,0,0.13804163356047017,normal
14.01620261886126,46.0732891648594,0,9.11211897516186,5,1,0,0,0.11752111694924905,normal
26.99388407187755,50.05373902749175,0,25.63225442486449,6,3,0,0,0.1266576853609842,normal
26.783465640280745,35.84022476978168,0,11.348236491913712,19,1,0,0,0.13680583951995606,normal
24.22872224048826,79.16026475000663,0,18.8303799275822,19,1,0,0,0.14574079590259126,normal
25.09371000369762,23.07306205070197,1,7.810050543141678,20,2,0,0,0.07755723389405034,normal
13.532098650024976,29.24799031316021,0,8.779311814678628,8,1,0,0,0.09799607173715286,normal
23.568366809712234,41.16942749664845,0,31.853973972534543,20,2,0,0,0.12511025764562222,normal
41.98623341690328,67.79960095326663,1,48.93012834064119,12,1,0,0,0.1335998562517426,normal
36.194284913863584,53.22592200691843,0,40.54394216239789,12,3,0,0,0.1346572156782192,normal
47.12218183336228,80.81917674365106,0,52.14550022903196,18,1,0,0,0.13384180179008792,normal
38.24388724614834,88.16918756276056,0,46.44213177178101,18,2,0,0,0.14054414785991087,normal
22.82012794966873,61.76255260586714,1,24.755870399677818,5,1,0,0,0.14106634958799125,normal
27.05053585466296,31.55757263437868,0,24.38036872039757,6,1,0,0,0.1637547839415675,normal
24.774576130123112,68.24248665173381,0,31.43841966340301,4,1,0,0,0.15398772928318055,normal
9.45374624713054,71.33634432928733,3,0.0,22,3,0,1,-0.058656795588911126,normal
32.54652079870463,59.773587308285286,0,44.46368702497239,17,1,0,0,0.1610538792972091,normal
31.55968340464265,105.14032188139896,0,60.420731146085615,16,1,0,0,0.10290059099886145,normal
17.914165098013687,38.59711517388652,0,32.55763624687019,4,1,0,0,0.13567801211450986,normal
26.16069144995077,47.76029867192487,0,18.300057803102188,22,2,0,0,0.12730189929417518,normal
24.53533923564404,46.626196535967175,0,25.84149996505359,8,3,0,0,0.1197669538933337,normal
33.476524366823185,82.90698070650637,0,51.80020558522224,13,2,0,0,0.14922253425623666,normal
45.447773881762295,72.07323503149414,0,264.9400202836562,13,13,1,1,-0.1549015891056741,credential_stuffing
25.411377848836164,34.45506204742756,0,11.753547110423202,2,1,0,0,0.13149979795816535,normal
36.78858873063659,78.8211380604677,0,32.903344223107936,16,1,0,0,0.16452418597601898,normal
23.8573228844247,50.45425454829446,0,10.981439543873384,23,1,0,0,0.11452256997245464,normal
30.731615423243237,63.11360253849863,0,11.295380412720805,6,1,0,0,0.15517533216764723,normal
44.665576370753634,83.83549307072214,0,38.67709520475383,14,1,0,0,0.1645279342824454,normal
45.74796364888012,64.93489606550615,1,49.75776801052855,12,2,0,0,0.09418806139511982,normal
31.110515370691797,71.5257271001717,0,34.293338757848645,11,1,0,0,0.17458765575716545,normal
35.650833497199685,90.60588287601806,0,41.11950241209419,9,1,0,0,0.16352298492361605,normal
26.92129946769297,35.49117893028401,0,15.732517251044133,5,1,0,0,0.1574200322297986,normal
42.87704528800965,71.93890431644279,0,47.91145386273186,13,1,0,0,0.16043651657400165,normal
18.578850622634008,69.81816689116364,1,25.43732903525782,4,1,0,0,0.12567462092680604,normal
21.801457587905,77.01567794809,2,8.923076790166004,20,1,0,0,0.05531217179962261,normal
41.782960142849326,98.7473164558052,0,43.42214556014797,16,1,0,0,0.15281261613242675,normal
26.867852040657308,35.519056848006166,0,11.593334600435533,19,1,0,0,0.13855425638350433,normal
30.591134119479698,84.34716793349929,1,49.23749341051611,14,1,0,0,0.13910956112836909,normal
20.591540719163746,32.489045298985815,29,0.28412531114542,4,1,1,1,-0.0759450681717403,brute_force_login
40.5195387248374,69.66006397879892,0,45.01867397993716,9,1,0,0,0.16201928168249718,normal
25.75345872082925,70.19155135793721,0,13.763743892656386,19,1,0,0,0.14858677977507467,normal
15.304921174199007,61.2663581450545,0,24.380869509023466,8,1,0,0,0.14706422417221243,normal
39.95799710459674,63.88856265091577,0,38.96055180528111,21,1,0,0,0.1339776192036538,normal
29.34755067233873,68.12659983704133,1,19.81611709421407,6,1,0,0,0.144813549353207,normal
31.998223274015512,53.01236434511711,0,24.15361281492144,8,1,0,0,0.17089624614374815,normal
26.26725639534674,22.56358379118175,1,25.480665491603556,23,1,0,0,0.07552543421077595,normal
34.78427807806814,63.57961933958943,1,40.73758690175469,13,1,0,0,0.14863221543336164,normal
39.97717519797521,86.02200287722319,0,51.41048346709685,10,2,0,0,0.1384039290509827,normal
17.622842492695682,36.71044876288807,0,25.20729462652072,7,1,0,0,0.149601189457776,normal
23.59517825830492,38.43436764288193,1,30.42308936118045,0,1,0,0,0.08389825258293293,normal
37.34497281827019,87.85059997099337,0,18.78647316377865,2,2,0,0,0.0903212038527792,normal
42.35473611082312,82.40216247373061,0,37.577055883592735,14,1,0,0,0.17198563311645793,normal
30.162840930158477,17.30317007914632,0,12.178507556842131,23,2,0,0,0.06682237797121449,normal
41.84681061335235,77.10267162725631,0,41.067823381328495,12,5,0,0,0.07180739376520018,normal
38.96423620035508,79.93605593534186,0,55.30797009197755,17,1,0,0,0.15042074137328032,normal
49.96882099436811,76.0573925080641,0,43.27923879919359,11,2,0,0,0.1124890479877223,normal
27.53728087735676,72.04129466529186,0,39.84866961272366,9,1,0,0,0.164568054794001,normal
42.580249883146415,79.50397997957349,0,43.576672324386216,18,3,0,0,0.11835970134072288,normal
20.766772316329234,40.066428820015645,0,7.733129352812259,21,3,0,0,0.0637950924746275,normal
24.960872108623253,73.35779948565137,0,13.039829460026295,19,3,0,0,0.0925269643043245,normal
90.57680001765968,107.2518985499356,0,46.72736236549034,12,1,1,1,-0.005973636887809497,crypto_mining
23.146239912412558,40.18331399673039,0,16.658445280329087,22,1,0,0,0.13809330420853583,normal
37.37514951545887,46.855400098712565,0,17.519614739452315,3,1,0,0,0.1435900441548832,normal
21.638913758818184,35.33953823774434,1,31.88840644663471,5,4,0,0,0.04934594673319809,normal
25.902362718857248,47.96998649115336,1,35.32172507697624,6,1,0,0,0.13929963520819472,normal
18.19587888439025,38.985199965299394,0,21.02333890019588,8,2,0,0,0.13394090643726092,normal
27.47668556161899,57.51635013963158,0,25.108395541089184,2,1,0,0,0.15020403257096465,normal
28.85136473715183,74.15114184784474,0,22.07511578717907,7,1,0,0,0.17036909513350873,normal
24.370193754618256,67.60851397361313,0,19.26184861864384,22,1,0,0,0.14255761206464196,normal
28.7506476157148,70.7993655729022,0,35.348862692394164,15,1,0,0,0.16782460767479557,normal
37.29886441089153,90.89053998844,1,45.672038299851614,10,1,0,0,0.13749031372332077,normal
43.59670411793022,62.43248498298145,0,50.74394705477143,9,2,0,0,0.1268455738064445,normal
42.26380295826911,85.38272109018378,0,59.97352997792189,9,3,0,0,0.08462712128417249,normal
42.54333689466392,69.11573815155069,1,45.86280420158064,15,1,0,0,0.13586617953980862,normal
37.8069643780884,77.73051440345439,0,29.51294099770307,16,1,0,0,0.16357242345556205,normal
33.003314473003435,72.90962336291896,0,22.403173135295305,22,1,0,0,0.1362183093713728,normal
12.275799084189604,18.003211734228337,0,18.061202700117654,0,1,0,0,0.051485889275842356,normal
32.44561053131084,78.32124972201193,1,44.42964002909525,12,3,0,0,0.09747210555969393,normal
23.697213550322783,44.77358074562609,0,10.048671418799705,21,2,0,0,0.11247607291891565,normal
32.83488009152894,76.59858805024783,0,42.33480802368167,11,1,0,0,0.17300433088816203,normal
32.29367778356492,51.39167000466796,0,46.37690773556444,10,1,0,0,0.1557829533039231,normal
20.57572057901225,79.63557651845112,1,21.957765298967303,2,2,0,0,0.09974528050522452,normal
36.69330255975623,59.06164648304571,0,51.37025367774144,18,1,0,0,0.14757300326007355,normal
32.86115144848538,56.74568911244763,0,19.4963248214946,4,1,0,0,0.16085954253642015,normal
22.106118574382183,74.14015063414816,0,12.16275345398908,19,1,0,0,0.1299000995120967,normal
21.244503893892382,56.775503014639085,0,26.9135862026882,1,1,0,0,0.1348622200280158,normal
24.17041419297289,45.41750805419521,2,14.151327163939738,0,1,0,0,0.049322548486361195,normal
99.80890078128816,41.14667050541548,0,18.167647701528693,23,1,1,1,-0.05585096060316008,crypto_mining
36.90868963715055,91.98869686275869,0,49.02614325403452,10,1,0,0,0.1507439753919046,normal
33.595396402237,80.74492033562326,0,54.61760656757632,12,3,0,0,0.11618028094263905,normal
20.22406653994748,44.087628552108896,0,23.858298119141388,3,1,0,0,0.15725184104393725,normal
35.58948283330463,51.87145794316078,0,23.151545720629336,4,2,0,0,0.13976805152224414,normal
45.26695618743476,875.5563378439692,0,40.08715348966589,16,1,1,1,-0.021031920827052075,data_exfiltration
28.03579332073519,70.70184934378099,0,28.12752872277934,8,3,0,0,0.12310101221560765,normal
32.33950854507815,86.62129639839426,0,54.18097696147625,13,3,0,0,0.11150844133453836,normal
27.51430440852076,54.807596188979566,1,15.611862302306251,23,1,0,0,0.094486319906189,normal
35.61020956654883,69.98923918459808,0,45.685336679408536,18,2,0,0,0.1493490864835066,normal
41.43642700321226,75.37778555820294,0,43.0473491034777,16,1,0,0,0.16457802977219804,normal
25.471462178314894,42.17066651786155,0,29.15347149605252,7,1,0,0,0.16894956491357632,normal
13.272441973100346,60.429012503783554,0,24.645354356623223,1,4,0,0,0.03997537441659038,normal
42.5103893253321,74.83047744487766,2,36.352748781622125,14,3,0,0,0.042159511984678766,normal
21.529241626742014,44.767220042132,0,9.94539958669765,20,1,0,0,0.13710941657738496,normal
28.75191000412902,30.86193500147114,0,21.384095710624734,20,1,0,0,0.14923323054639365,normal
46.38364592536514,93.634062453329,0,55.05801463248905,9,1,0,0,0.11246578820949038,normal
42.56362055483998,40.65229527037904,0,24.10672011144909,1,1,0,0,0.106755456013302,normal
42.32607927419708,87.0612986232168,0,49.02465385453637,18,1,0,0,0.14630280141645402,normal
42.277837890315794,63.979634361632336,1,45.90590284714414,16,1,0,0,0.1326607829226108,normal
28.857132963777687,28.944990409242088,0,13.210410997850715,4,1,0,0,0.14206770254892165,normal
41.34330414567479,51.65444774567682,0,40.42918418562581,10,1,0,0,0.16124931364556666,normal
37.64145879579123,72.68196367889307,3,44.278349778211215,16,1,0,0,0.0749289624202128,normal
26.52243796896744,61.87617911013084,0,13.068536140128687,8,1,0,0,0.16112037327165357,normal
30.740219118313952,36.33244909962733,1,18.72537805734152,19,1,0,0,0.11511851437585474,normal
20.4794927779229,45.79575930384229,0,11.856789896443855,23,4,0,0,0.02057953508504129,normal
14.188117374519882,58.07754734958565,0,15.646997348434446,22,2,0,0,0.08087341674899257,normal
19.87960315576533,83.28115036296273,0,27.167769443774368,7,1,0,0,0.15172677326217576,normal
44.69895932666206,93.17320997232493,0,37.38056609382746,11,1,0,0,0.1531567862062349,normal
94.28506094690604,42.00948368667534,0,25.064179171962465,4,2,1,1,-0.0457610896078251,crypto_mining
17.97445063715528,501.5255878426545,0,24.75968748476411,3,2,1,1,-0.00995617593958964,data_exfiltration
33.34583414800841,57.67333292783008,1,34.34119255904733,23,2,0,0,0.09279394144643416,normal
26.788950795943155,51.45346814051472,0,8.147611243887997,6,1,0,0,0.1525921128828805,normal
30.40363142683413,62.87876311659171,0,51.61367198694517,11,1,0,0,0.15649679443358328,normal
45.544162115241406,87.81823686783088,0,57.233402698664406,11,3,0,0,0.07746129313406208,normal
38.92024433210356,37.15247064320866,0,17.447746943682244,7,2,0,0,0.11792564280915163,normal
40.23668228944444,89.43628113521001,0,54.20928039295161,13,1,0,0,0.1504045604195664,normal
43.86201251813495,92.70666811159104,1,30.63823553220189,16,2,0,0,0.09581291466317371,normal
43.06899745217117,84.19732393916416,1,46.5431725539738,10,2,0,0,0.10953878594427446,normal
37.33724277964193,0.1832816661629195,0,22.87419937108006,23,1,0,0,0.08090627490145558,normal
15.03087962638624,42.10276467807616,0,29.558146033037367,8,1,0,0,0.13642475849026348,normal
39.995748432540125,63.68782747831448,0,44.85757039406598,12,1,0,0,0.16715361012621976,normal
39.4482593043744,25.47199658689847,1,51.06369842069094,14,2,0,0,0.08194624872000555,normal
28.561340333685173,53.93962981807536,0,16.587339177494574,8,3,0,0,0.112512839288463,normal
27.454845536655963,24.70204910464495,1,34.14089754983423,1,1,0,0,0.09257499768845173,normal
22.42611569576548,47.118429790554856,0,24.17619278477557,19,1,0,0,0.1545732442729877,normal
28.32033389844656,55.2805791943718,0,15.639366611110876,2,1,0,0,0.14707099041850424,normal
22.041994392047,29.120250698043854,1,34.54162059139449,4,1,0,0,0.11450316538662336,normal
43.08168678538658,79.47024710607657,1,32.374876430710906,15,1,0,0,0.1277310952748334,normal
49.66175788289723,109.67976931322757,0,39.422063347849615,9,1,0,0,0.0999980876174274,normal
21.53864878286111,78.02790782109636,1,4.151804988028115,8,1,0,0,0.1139972603109779,normal
32.195797437529514,50.49523815402289,0,14.599866079205764,7,3,0,0,0.11552083548342729,normal
42.55532323715821,70.12289607108116,0,41.10678990971837,12,2,0,0,0.15061230276235893,normal
38.32143898902499,91.18784777147866,0,46.019140940433616,17,1,0,0,0.1587677308781571,normal
19.3601930250996,48.31604349213054,0,14.63929105304188,21,2,0,0,0.10765850879304134,normal
44.34481935588698,66.34701940658134,1,49.46428743273686,15,1,0,0,0.12482614723488167,normal
34.344651965248744,68.00385667834202,0,28.613500412738052,17,1,0,0,0.16626106628003984,normal
26.68133231528889,93.57678774754083,0,40.296126934690925,15,3,0,0,0.10082876588384881,normal
46.98647044321162,91.89442408168212,0,46.977430534280295,14,1,0,0,0.14639811556109228,normal
47.733180551237815,105.32235579354186,0,48.61098416883468,13,1,0,0,0.11699786376702115,normal
32.565097119995855,58.313817140397816,0,14.038377095616609,5,1,0,0,0.16288409764553935,normal
11.352273812762803,65.13487215397473,0,26.807985576485287,0,2,0,0,0.0562741559168734,normal
38.45574077545993,70.95054726832768,0,48.66410512915845,17,1,0,0,0.16118861436702747,normal
40.05273065579243,82.1899387146896,0,40.79566963750836,17,2,0,0,0.1501349454119731,normal
39.683469351995406,57.532119878308,1,43.98002851687304,9,1,0,0,0.13682297921498388,normal
23.552454072288747,61.24547032167303,0,33.30213956158282,4,2,0,0,0.1386681187947455,normal
34.17837204455057,67.94987037064287,0,28.911243817189444,18,1,0,0,0.16505977343962686,normal
34.09248289208925,51.500729416666175,0,20.8140592982923,23,1,0,0,0.11960283722593829,normal
35.18574267825605,65.47642856749437,0,9.134671378797286,22,1,0,0,0.10712658808446612,normal
32.63135453163194,34.70046921848467,1,21.04463192898418,20,1,0,0,0.11353062726181085,normal
24.813646402774587,30.901808391299035,0,22.25532364865421,23,1,0,0,0.1173787499620837,normal
32.46739096213153,39.08801440649492,1,17.115174798543862,2,2,0,0,0.1028303088809599,normal
17.172463337197165,78.52648563052317,0,28.709217422046606,7,1,0,0,0.1382143770292305,normal
38.129286560463854,65.59374619386156,0,50.01116039754903,15,1,0,0,0.16047493188062734,normal
31.350546921097525,66.59692656218107,0,23.21739110569028,7,1,0,0,0.17214012785814897,normal
38.29506941242722,61.66455789493619,0,29.534651255205176,12,1,0,0,0.17031551684576696,normal
28.124536722152268,60.02372185912029,0,5.558051658332808,7,1,0,0,0.1509531079940784,normal
27.319517379431154,51.30041857228301,0,32.73509254506233,1,1,0,0,0.13525423852848656,normal
32.968341333921806,46.69685705548884,1,22.662801422263264,20,1,0,0,0.12839861085596793,normal
31.12909235669118,67.59046365777601,0,23.29203171551529,4,1,0,0,0.16357959974497038,normal
25.74128617573349,35.87699119598385,20,24.073715705839785,3,3,1,1,-0.021894831962262384,brute_force_login
16.205956855947427,54.34504718207211,0,26.906140705001544,23,1,0,0,0.10098474900379112,normal
22.8209466476031,38.995880808700406,1,30.428041129971945,20,1,0,0,0.11560017684951035,normal
36.76725817253973,91.97757356923503,0,64.14446245945894,18,1,0,0,0.09162968024891494,normal
48.53421917019104,70.81173646468908,0,55.241903139655534,14,1,0,0,0.11689460613236563,normal
37.61030179874471,87.49121911908604,0,40.43792153201833,10,2,0,0,0.14878397141434946,normal
34.377332611049184,47.58071849508283,0,13.886146263167149,23,1,0,0,0.10515678901893905,normal
18.296881229757982,38.78322343451027,0,19.75668956590461,3,1,0,0,0.14792008995980144,normal
17.585781867703545,60.30710459004468,0,15.125705598346755,8,2,0,0,0.12669363250853188,normal
30.21492755498138,39.20791423493094,0,16.902911547974895,0,1,0,0,0.11880789067893155,normal
33.55786804649348,89.15659998975273,2,31.01359452411932,13,1,0,0,0.09762007243675758,normal
43.26160092756659,71.42107180702351,0,48.065062475782014,17,2,0,0,0.14057925304926217,normal
17.73903433951505,75.88997003141506,1,12.774812211885957,6,2,0,0,0.08567247880811668,normal
30.51537360745122,47.50271623577681,0,22.238984251814887,3,1,0,0,0.16459259664181491,normal
42.08025986562952,72.12996829151953,1,48.92652001717846,11,1,0,0,0.1301141031412953,normal
41.91791095551386,89.44337549098753,0,39.19855294114721,13,2,0,0,0.14798113182784994,normal
37.89091909575215,104.4397777616242,0,39.96998720607736,9,1,0,0,0.14590057777271426,normal
25.42031297867909,48.37075017592486,0,19.46193328511276,5,2,0,0,0.15284958259096515,normal
33.60299703195907,33.82453754307702,1,32.29448513873183,2,1,0,0,0.10423830205971318,normal
29.185521822035195,37.94295229854372,0,30.74380510461805,0,1,0,0,0.1092874881729094,normal
30.82942570572613,49.80075366561471,0,5.705923065098414,7,2,0,0,0.12567704872816654,normal
33.52892355181242,72.93515284603995,0,36.026872832312755,14,2,0,0,0.16374923993728546,normal
37.126975263949575,83.11779857206469,0,53.08437140854495,15,1,0,0,0.15986852459923678,normal
38.35762448699944,86.7732123685926,0,45.10071680937793,13,1,0,0,0.16820036341847416,normal
10.810867763250926,5.359512889857129,1,19.749133111022047,20,1,0,0,0.03475851262487173,normal
23.67247825848537,48.77188734213741,0,19.37518658965452,23,1,0,0,0.12842854150564886,normal
27.619358824946005,84.99524627379031,0,12.727323957010356,2,1,0,0,0.12891470809234973,normal
23.1992272790308,43.32289231052987,0,7.862448522788611,4,1,0,0,0.13978706985021283,normal
38.081042332667465,108.44906102860892,0,54.47038638710302,9,1,0,0,0.11299519237207512,normal
23.825288374188517,48.17769341839384,1,25.876801495744065,23,1,0,0,0.09471267810644857,normal
34.65073906087297,70.6918868683151,0,56.21145484200936,10,1,0,0,0.14506109946546436,normal
19.530296187076583,53.33581721202046,0,17.857448183182278,3,1,0,0,0.1534478910579219,normal
38.94487357340757,46.88678651492968,0,39.74465102975401,11,1,0,0,0.16050474903490236,normal
16.126530587355226,39.7883665051223,1,31.52594155582964,22,1,0,0,0.07840170085432052,normal
95.49332616270256,45.24974768054885,2,16.149552222592582,23,2,1,1,-0.13676069986392836,crypto_mining
22.7630010874494,55.04484453981921,1,30.251792422522428,0,1,0,0,0.08320444690261497,normal
28.101679094490223,68.36958096822762,0,18.263183143093165,19,1,0,0,0.15771258776800456,normal
19.71547546238362,52.204884264328335,0,14.04520843640406,20,1,0,0,0.1354115196279378,normal
48.031552829773645,68.93560602093719,0,35.539819149687666,17,1,0,0,0.13745049225350225,normal
45.86723363326683,86.77493709926291,0,40.41839362258801,12,2,0,0,0.13243063543562822,normal
25.584604661783818,31.68574143501694,0,17.044593588593223,3,1,0,0,0.15289184680708312,normal
27.311275913556123,61.44979177149722,0,20.363267743855975,19,1,0,0,0.1632855099618239,normal
26.250951823453484,55.45376410769285,0,19.700490190664134,22,1,0,0,0.14783548841745436,normal
19.36919736555349,39.80049957601962,2,293.199012468419,5,8,1,1,-0.14706123434883234,credential_stuffing
28.119412837172515,75.5145727912475,0,30.82313701167307,22,1,0,0,0.14203206958365727,normal
38.81237362609191,59.29470596880222,0,31.40789085373845,10,1,0,0,0.16831420278744996,normal
44.96341664594454,89.09637092586745,0,27.39086636666454,14,1,0,0,0.14135150643807248,normal
42.69896328235906,66.0201331207469,0,34.71781392483246,18,1,0,0,0.1572957678853099,normal
31.354110192850488,82.5605822413176,1,38.08383446918245,9,1,0,0,0.1470855304634307,normal
47.01753995456664,56.888632875269565,0,39.635972199980536,16,1,0,0,0.1497824608993072,normal
26.7569730615201,33.450608857630606,1,18.73197051572715,1,1,0,0,0.11814152551723262,normal
24.556314606349645,23.88949090429497,1,7.840654356010388,21,1,0,0,0.08374977397390354,normal
34.88726563470204,57.3733687910388,1,26.08165114036424,0,1,0,0,0.08608440054186706,normal
41.67279887431276,82.54740008875531,0,41.099236967129215,16,1,0,0,0.16613386713231537,normal
50.80306708906512,63.08613573186855,0,41.70518220592768,9,1,0,0,0.12868971029795778,normal
27.102221298318028,43.39511472985714,2,7.80486669089251,1,1,0,0,0.06040853134756796,normal
38.725289783721664,76.77406945908706,0,24.73165547031245,18,1,0,0,0.15428977910237457,normal
40.16131503396719,92.0741386045602,22,28.407703250981047,4,3,1,1,-0.0542971215749809,brute_force_login
39.84886789882312,82.17029195787555,1,47.01799916969474,15,1,0,0,0.1414448199705557,normal
40.73205888787217,86.50178662549222,0,41.92237993219915,12,2,0,0,0.1497582787113717,normal
30.05190217271276,61.88206098718205,1,31.12360966866118,4,1,0,0,0.14364987812525248,normal
26.763696327658973,45.94561523563257,0,22.2643632833972,3,1,0,0,0.16799927845924179,normal
21.088668504811714,70.14121404975148,0,12.901605764237315,22,1,0,0,0.1203994274521703,normal
31.430082243343534,53.45271209343829,0,21.11158881347417,6,1,0,0,0.16893067085605928,normal
38.14910326926508,76.00179043578879,0,50.10892418110596,18,1,0,0,0.1536826565855935,normal
22.074199474270223,61.19416390415614,0,22.26747907129717,22,1,0,0,0.14253421255006177,normal
24.42399602959685,50.50474937803297,0,26.82496422932814,23,1,0,0,0.12467284298218234,normal
22.00077379296981,51.277938949561815,0,171.321337157679,7,13,1,1,-0.13946364153306168,credential_stuffing
35.284083804190104,84.76043949883042,0,52.97823141335029,17,4,0,0,0.08219876846047952,normal
31.03846624015933,58.99161522959388,0,7.376212025928977,20,1,0,0,0.137377977455854,normal
37.39605722670426,80.81503489198089,1,36.2214700762516,10,2,0,0,0.1352578175459963,normal
24.520549284024703,36.6829792949352,1,25.38009063238489,0,2,0,0,0.07165410869083644,normal
20.57782383308382,47.90728957500394,0,21.04937307962188,0,1,0,0,0.1207093503818138,normal
27.93512278088598,59.42118045350373,1,13.1161187688955,4,1,0,0,0.1359313816821926,normal
46.43786828659607,102.17770817860314,0,42.95140890114796,17,3,0,0,0.07980689682909176,normal
36.7102762210564,77.06412531374176,0,45.002392529829045,15,1,0,0,0.1694726773491369,normal
20.14371507350348,42.17254187767777,1,26.142827649614468,19,1,0,0,0.1153694337064275,normal
27.38756229968085,44.62186208656085,0,34.28732040459241,19,2,0,0,0.135136746403069,normal
25.071176075084704,50.654654553193815,0,17.833028207460725,5,4,0,0,0.08055800933795593,normal
27.77125278893288,99.33697753156169,0,38.19565753461992,9,2,0,0,0.12853403046181133,normal
20.95725936604314,29.63265189401837,0,0.8418240554099228,7,1,0,0,0.11854213157009097,normal
17.593906768720466,45.02750917550728,2,11.978783884470293,7,1,0,0,0.06127219413933127,normal
10.44164757678875,66.77252822560962,1,40.75703130174614,21,1,0,0,0.045650459637106344,normal
33.14834908503213,84.38726281913443,1,39.44083297974623,13,1,0,0,0.15170196221771742,normal
31.43757768704408,34.86195271343915,0,19.329512368910702,7,1,0,0,0.15769144899597576,normal
19.7304204830592,49.224303330379314,1,25.397346225518422,2,1,0,0,0.11855026882062936,normal
23.142940684436624,57.38725227116933,0,27.872669222031647,1,1,0,0,0.14033650206821086,normal
42.3298720325407,74.02111941629362,1,67.88237912845366,17,1,0,0,0.06645985440937835,normal
39.60300439272139,78.27774440527361,1,41.56411705312279,17,1,0,0,0.14064342189150336,normal
21.66836147192097,30.45497117277793,0,24.60826638796665,21,2,0,0,0.11084683713210447,normal
7.558070684070152,36.40672810710958,2,9.920305368911968,4,1,0,0,0.016369671948153197,normal
23.378377793952343,48.07807378370328,0,21.73262846044677,20,1,0,0,0.1554240581450081,normal
42.20488999284583,65.75006444720458,0,47.24532706760928,18,1,0,0,0.14628636289008884,normal
25.15231166783363,50.28194287978238,0,23.317704493758324,3,1,0,0,0.1649662680562225,normal
24.983283335998596,15.50816714495152,0,23.54995050950096,20,3,0,0,0.08049457348010736,normal
32.25406119340598,52.85424364883632,0,8.768909399823746,21,1,0,0,0.12469341949033635,normal
18.609318021547764,63.60176400013144,0,17.477379323069382,21,1,0,0,0.12813507588416861,normal
29.452572232055843,46.95247206522982,0,19.25150691050205,23,2,0,0,0.11051677995026277,normal
31.89355380275187,590.0079924230113,0,47.88450401388436,17,1,1,0,0.010553289908778907,data_exfiltration
29.32681217527349,51.38631721008854,0,20.11186979871467,6,6,0,0,0.0369360412885561,normal
37.18141321397718,70.58505955959956,0,47.82444927173201,13,1,0,0,0.16845160093544548,normal
24.345859480219215,32.9702557814184,1,28.35070151666965,1,1,0,0,0.10825925365251299,normal
24.63757762481855,47.27508609221293,0,15.142532680584717,21,1,0,0,0.14240974817969515,normal
25.38030035582631,69.55811218897068,1,21.61380017083908,22,1,0,0,0.11919546106062373,normal
31.302128681808817,77.61007133735974,0,50.35970902510551,15,3,0,0,0.1199275356695984,normal
49.65712399465584,63.26869994704691,0,41.41996734281944,9,2,0,0,0.10749494217021932,normal
34.9839176788486,47.45031220683604,0,18.32086669766145,0,1,0,0,0.11538953736805119,normal
26.7708458760245,36.12961654214702,0,20.854447458221166,20,2,0,0,0.13686772032913302,normal
25.26615278509364,50.40765751508696,0,11.938275528074932,23,3,0,0,0.06666229320048994,normal
14.573172304921004,23.0096497817529,0,8.539398621173047,2,3,0,0,0.028565045994928262,normal
22.01609712185398,66.64057354188928,0,19.390516812263023,1,1,0,0,0.13721590777369908,normal
90.08060370509284,48.69277411496862,0,34.48117613304076,22,2,1,1,-0.033238078742293675,crypto_mining
27.743682427691446,56.00552434193841,1,9.20666647879383,19,1,0,0,0.12275096269371477,normal
27.667616009320845,51.84093361558226,0,16.822339621218312,0,1,0,0,0.1274865769251155,normal
45.37115932016639,73.00071547736532,0,52.72201692570319,16,2,0,0,0.1260413896390627,normal
24.927855826520872,82.87655498076217,1,10.665727906904216,6,1,0,0,0.12035376809333087,normal
39.54256589607641,79.55068030810206,1,42.85496082761313,16,2,0,0,0.12308386062693549,normal
24.690944837476437,42.021863106465965,0,14.503181746874631,19,1,0,0,0.14650774157991192,normal
32.90269040403919,36.77272251521871,0,29.6600060323088,3,3,0,0,0.110281049377627,normal
21.6667193230788,44.40411998504127,1,15.233259400104696,2,1,0,0,0.12000724086947145,normal
50.77526603857313,75.0751858596416,0,33.24947834696479,14,1,0,0,0.12571991397885135,normal
46.07582445786443,75.26054072970953,0,46.17263741228077,13,2,0,0,0.13357339643657218,normal
28.026899538298103,54.58551786124666,0,16.877024214077387,22,1,0,0,0.1420224798965019,normal
30.175260907691023,57.119058845521415,1,30.123607256421543,4,1,0,0,0.14878461111770697,normal
35.06548040570679,105.06893690455452,0,51.972915276326034,10,1,0,0,0.13285513178463293,normal
19.17031576893609,37.94959350851459,0,5.250655820354506,23,1,0,0,0.08165935404282448,normal
27.369288940015466,46.4536109244398,0,17.910384207888356,19,1,0,0,0.1583180070939681,normal
26.862836525084507,46.23818589184052,1,14.676050026473254,21,1,0,0,0.1202030498077295,normal
28.349961475130332,41.701384972403005,0,16.905892139761345,21,2,0,0,0.12686437107889464,normal
25.4788089043524,30.96873488598075,0,15.579697483075863,20,1,0,0,0.14210889011851358,normal
26.74568418603691,50.71509341933444,1,34.06486647598827,6,2,0,0,0.12262355147938292,normal
22.751067660269165,69.5983110160175,0,17.849769310941774,4,1,0,0,0.15633111346759998,normal
45.77501731480061,74.71281581620028,0,61.1400366444184,14,1,0,0,0.1054165687588674,normal
33.956131413757134,51.77495328347303,0,12.011241768395156,1,1,0,0,0.12764255560416737,normal
21.10918479988517,28.27203586949449,0,27.467645989484154,3,4,0,0,0.051161130599384264,normal
19.106054366339343,25.938184812945128,1,32.26285032995332,21,1,0,0,0.07984320192373029,normal
24.86619829769168,62.68109835173083,1,21.71220020672559,19,1,0,0,0.13219949776457363,normal
92.7944567757218,48.15546580048446,0,21.706858291978232,19,1,1,1,-0.023134029889160135,crypto_mining
36.18429118247055,81.91877112135884,1,12.513122288945954,23,1,0,0,0.061476734664819954,normal
27.695312327710205,49.45329019612944,0,25.734320200012725,2,1,0,0,0.15127669700260266,normal
41.58689010970824,56.78440398138218,2,41.81835169587085,16,1,0,0,0.074902716153118,normal
26.249935051753557,56.17040416354562,0,21.3789778050456,1,1,0,0,0.15216629269184817,normal
42.29445847710431,88.87356527679647,0,47.047852614656,14,1,0,0,0.16050902511202797,normal
39.7184765267249,69.53687086287329,0,39.55168422627527,17,1,0,0,0.1667056798005938,normal
37.036557328954736,49.137455468076254,0,17.194402015713155,0,1,0,0,0.11012585805320269,normal
37.14764654671275,66.73116579785756,0,46.19958494067801,10,1,0,0,0.16569675818098878,normal
36.6534735685378,58.265901863238994,0,29.077315974888958,0,1,0,0,0.10393071597083803,normal
29.37542169586452,50.625071332090336,0,11.57602916654144,7,2,0,0,0.137609430074437,normal
35.594600068173776,61.05446969634401,1,42.28110169122727,11,1,0,0,0.14870927296602182,normal
22.26327503515487,35.353616904026026,0,31.223362474850205,22,1,0,0,0.12810760562194073,normal
21.842512860895475,55.5337580436237,0,6.325346260542494,0,1,0,0,0.09643782457991201,normal
34.890760121324085,84.63012941083424,0,51.60304804172189,18,1,0,0,0.1553300004951278,normal
50.088954744508094,74.77838982198054,39,41.97222587818767,1,1,1,1,-0.08867972030128335,brute_force_login
42.893493716083945,65.51498129229154,0,50.92343213799113,17,1,0,0,0.15085053694190775,normal
27.457816712103963,73.84344999293866,0,6.088939726288031,6,3,0,0,0.10131740410309348,normal
24.38117747303621,70.62783193196167,0,36.92204257516809,10,1,0,0,0.16198797956868666,normal
19.7986924906992,74.40677078239636,0,18.519871152483898,2,1,0,0,0.1331598777734616,normal
20.04701681924493,37.67478760542467,0,14.00856374718062,5,2,0,0,0.1291718689936447,normal
29.87968243638756,34.61084990450858,0,27.25433322146835,0,1,0,0,0.10663291594267477,normal
33.00878800020827,85.87829943413169,0,51.64512498096963,18,3,0,0,0.1110209418669994,normal
25.46488311111317,41.83567560266771,0,10.523333125915284,1,2,0,0,0.11541141522000475,normal
36.20477202496811,91.2984426620481,0,25.77320478177768,7,2,0,0,0.12828130470527466,normal
33.60259040860465,61.026667338459376,1,57.1937242527711,11,2,0,0,0.0860210235141024,normal
16.466477742413957,51.07502830820366,1,19.364632310681905,8,3,0,0,0.0775359488833165,normal
42.28118710603578,68.88255997047756,1,58.58638716847402,13,3,0,0,0.06204834361921513,normal
30.212635003544623,59.49792768007873,0,11.2131985661254,8,1,0,0,0.1518795070817065,normal
27.907548273035648,44.933764509470976,1,36.77401043179317,2,1,0,0,0.11889124105654747,normal
28.161387541994763,64.49139283034481,0,29.90540127533471,6,2,0,0,0.15292984969749818,normal
26.100159518674936,54.383981842335686,0,22.13055478812745,22,1,0,0,0.14887961730077243,normal
41.24525376933245,90.24593872262398,0,56.45459064388433,14,4,0,0,0.057423691576770186,normal
33.40650247163084,73.92423570581671,0,33.08519998804176,17,1,0,0,0.16834008366055847,normal
48.13382715282971,62.21117601219716,0,28.107208662103883,10,1,0,0,0.12213818863913672,normal
25.433673792305733,53.45812380276094,1,4.693690550510251,20,3,0,0,0.05758494493970062,normal
32.59996751919047,27.7563043823313,18,19.620572314877503,4,2,1,1,-0.011552494587761863,brute_force_login
23.5626648463774,88.41946665156658,0,23.86652201121921,6,1,0,0,0.14137072731173367,normal
23.279234585570386,48.780806779796215,0,26.07421885598489,23,2,0,0,0.11176874630355466,normal
38.79879247419778,93.69606208893288,0,56.9269590163494,17,1,0,0,0.1272985808165798,normal
46.40004813753493,79.55294327222839,0,42.295211574173926,14,1,0,0,0.15750799882913158,normal
37.985328293557465,70.00280109554778,0,48.03436766642116,15,3,0,0,0.12414311513074455,normal
30.789109798584747,751.2655248935963,0,18.859189475248584,7,1,1,1,-0.01773658258207822,data_exfiltration
29.035442207216388,38.62002197685842,1,34.20673819483452,4,1,0,0,0.13665334876705948,normal
39.722432696401945,55.80474779634547,0,43.51834668485832,17,2,0,0,0.14622246240560244,normal
24.27431110835331,67.56678597106355,0,20.639834015255403,0,1,0,0,0.11492836272087031,normal
30.81832518442128,97.25193017590448,0,39.72931036626926,15,1,0,0,0.15573363691771197,normal
43.46243276308324,85.31464072278291,1,41.90551599310291,9,3,0,0,0.0846755302925673,normal
47.65234442799409,69.9635485979343,0,39.1949791232841,13,1,0,0,0.14455389790948292,normal
23.70086081478296,80.13364128644193,0,6.692701352853199,8,3,0,0,0.09093552819721207,normal
43.65543298533852,75.1181850664249,0,42.838748670037006,11,1,0,0,0.16116155810037464,normal
23.64606171572649,20.24356685820433,0,20.419542513037644,5,1,0,0,0.1448162893803548,normal
34.98914259021986,51.01441868756287,0,61.51459352981102,12,1,0,0,0.11263579781127853,normal
37.32139831269683,64.64510380803928,0,56.14392246811176,15,1,0,0,0.14276770838353997,normal
35.92056461951901,85.49083873191186,0,38.71036816585334,16,1,0,0,0.17105452044940456,normal
34.182007386126465,62.353191797629606,1,8.575646244828704,6,1,0,0,0.12167954336866649,normal
17.633028603658047,51.025907909549936,0,14.573918791863692,20,1,0,0,0.12625238054845989,normal
18.483672507291484,36.4664269592785,0,34.92483824076096,1,1,0,0,0.11115521573995929,normal
21.133958397868096,45.395089311748976,0,22.922590214657745,21,1,0,0,0.14490799924447578,normal
39.47538802733691,36.32294082924101,0,48.1945584816067,17,1,0,0,0.13786414843757838,normal
32.12607633076938,57.60464518742212,0,33.69193941323755,4,1,0,0,0.15870725470993768,normal
27.555465802608467,58.33596978654504,0,8.079763827550112,21,1,0,0,0.13136214478216457,normal
35.39508999691055,53.80525331447146,0,47.27787230040046,7,1,0,0,0.14850049173590363,normal
54.64733033483148,84.99503194173559,0,52.16664822859851,18,3,0,0,0.031514933676906276,normal
34.115703541850614,29.506826136466607,0,22.91280060884812,20,1,0,0,0.13592982796225206,normal
31.891824096572293,56.91996069553132,0,29.3415704920898,2,1,0,0,0.14648535519736405,normal
31.8885451983846,52.719067392710826,0,24.768577153099525,6,1,0,0,0.1676419340536312,normal
21.029281211389677,27.413782991537506,21,12.735104278072958,3,3,1,1,-0.055047754851855424,brute_force_login
19.04280399348673,44.65284547055684,0,31.02338756073276,6,1,0,0,0.1507244913880072,normal
34.13943173027355,27.43777203578032,0,15.746801749454846,5,1,0,0,0.1441351014778514,normal
97.9035548454146,60.891912820255605,0,25.804894172187304,22,1,1,1,-0.025095443892110714,crypto_mining
28.99200720705325,63.69920927060426,0,13.076557355841263,20,1,0,0,0.1489899526200963,normal
17.744807732562364,72.80901352644818,0,31.37549854554178,8,1,0,0,0.1453206971614922,normal
21.24210834290196,45.78465204085919,0,32.73912233376747,22,2,0,0,0.11019972040612941,normal
36.29672652011223,88.79772736427,0,60.00500979344108,18,1,0,0,0.12101117268751022,normal
29.61418993265365,65.79965419462806,0,26.385696285602204,20,1,0,0,0.15749029103791806,normal
98.2069446865344,57.74244534389704,0,14.98620343286761,5,3,1,1,-0.07233361075993527,crypto_mining
21.85761218337147,64.217311646187,0,18.10118852802017,23,1,0,0,0.12603755444773995,normal
26.312309596848927,52.09522947927848,0,16.559313209998816,23,1,0,0,0.12727033139364524,normal
38.78172768374204,93.55281025705251,0,35.70835556383,9,2,0,0,0.13024815962367153,normal
20.17795259218161,48.58590924153551,0,33.43537704179006,20,1,0,0,0.13670664280482808,normal
22.45458199961174,48.49958211587996,0,21.97269725950033,0,2,0,0,0.11004506342817388,normal
18.34326666732268,47.02076415682304,0,23.935426099635748,20,1,0,0,0.1404888240438104,normal
34.49214337233558,83.94898231363095,1,36.78449780594144,14,2,0,0,0.1347571177132756,normal
18.59318247052484,79.2941683099926,1,220.7902186951137,4,16,1,1,-0.17774843766415283,credential_stuffing
37.916881029326426,74.5894324932564,0,36.44904395205574,16,2,0,0,0.15412212991454344,normal
26.33962501552157,33.16774157770378,0,12.656147477295724,0,1,0,0,0.10917583872649322,normal
39.138042820617294,73.30402251776727,1,63.9715164331404,9,1,0,0,0.083181035670709,normal
23.81082594172168,20.205640821943685,0,26.56984795005697,6,1,0,0,0.14478380277904473,normal
26.043683250476867,58.06048137402237,1,7.523214923710345,23,1,0,0,0.08635759803448895,normal
14.17682324462581,71.49482415064367,1,17.054582718576533,22,1,0,0,0.06519119104981819,normal
34.261381739091945,102.21854887435391,0,41.69565996815207,12,1,0,0,0.16016267505139115,normal
32.634121000640604,48.92440480572547,0,27.360837432088875,1,1,0,0,0.13962395922245074,normal
41.37954607250762,56.651945986975626,1,40.83910357097353,13,1,0,0,0.137153859234398,normal
26.136878927326485,62.96877187627656,20,15.342528972593383,2,2,1,1,-0.006419260135554272,brute_force_login
23.039960514945736,41.162314254535296,0,30.67931894967807,19,1,0,0,0.14783236562490337,normal
31.021197387352142,56.50624528941444,0,19.10677218787229,1,1,0,0,0.1418513530346131,normal
27.5464719455288,70.44904161337914,0,45.50689079704526,14,2,0,0,0.1463823594764525,normal
34.38786193488404,56.88806272399294,0,17.953351080433197,1,1,0,0,0.13890005390656224,normal
30.330595845383037,105.23994371972172,0,45.59977708601519,17,2,0,0,0.12793065883164834,normal
42.63700738372136,89.34153687841325,0,41.41426928237185,14,1,0,0,0.16422867775649158,normal
35.65294509544029,61.931490602111495,2,17.44127170550994,23,1,0,0,0.03316972129790541,normal
21.38307606529623,50.22550888312686,0,14.246897096716664,4,1,0,0,0.1479382046563414,normal
39.5135973673875,89.65601001788164,0,32.72578627417052,15,2,0,0,0.13611789538150287,normal
35.07472646554188,61.22452927219786,0,51.54367027261936,10,1,0,0,0.15566698078267738,normal
34.97556564810705,853.4349986428946,0,41.482061986716616,17,1,1,1,-0.013025493735959515,data_exfiltration
25.071282607106752,67.96241774846546,0,18.30929474290365,1,1,0,0,0.1415903608595877,normal
47.82900857991598,44.22486803043532,0,46.797749956447376,16,1,0,0,0.11380592525778055,normal
14.914777244571278,75.14284261253023,1,7.170915047456408,23,1,0,0,0.03331400676065177,normal
28.224472016922284,73.45942005289555,0,7.087230264686438,8,6,0,0,0.008594513395313697,normal
27.005962327321026,55.69750182555628,1,13.04095062917392,7,1,0,0,0.1370641036285073,normal
20.50908078066068,47.0800445746298,0,21.2957690506466,6,1,0,0,0.16236479333692716,normal
20.429437775904127,68.29914798849248,0,17.845267258594827,8,2,0,0,0.13922306833277126,normal
14.897604594315707,30.75371845435336,0,35.53883022127016,7,2,0,0,0.094013237384936,normal
30.90553531001661,59.945330627891686,0,32.52477128238023,14,2,0,0,0.16031889538430938,normal
25.75760641740441,36.83966397267659,0,11.252001248608824,23,1,0,0,0.11029956153241194,normal
18.96389571100179,52.73420335306805,1,16.847802062065796,5,1,0,0,0.12623749585952349,normal
30.237970474799507,62.79825352060176,0,44.06754484154938,15,3,0,0,0.12198725852990494,normal
12.849144480054356,67.42254572722965,1,16.018729015494458,3,3,0,0,0.04983836199634328,normal
18.27319592345247,47.17112223340525,0,21.265210030647356,0,1,0,0,0.11131233298291293,normal
23.633682310985485,65.4078734006062,0,18.246124364771568,2,3,0,0,0.10465496307888333,normal
39.76063369748973,75.19745737668912,0,52.86408253686535,13,3,0,0,0.11493883792539605,normal
38.640835165702974,70.80713007988389,1,44.99812385549683,15,1,0,0,0.14577036754293893,normal
31.152983877710582,102.2148860617624,0,40.90161517916893,18,2,0,0,0.1300822605076044,normal
26.107803151193824,37.62251150381693,0,20.76840349717702,2,1,0,0,0.15348774528162917,normal
35.0308223622086,79.22122461835909,0,39.811265742690594,14,1,0,0,0.17737375661889876,normal
30.18894663094607,42.08603986131424,0,15.764480108695617,21,3,0,0,0.08520694184442862,normal
18.698880775829984,71.7393864260574,1,23.44319553895329,1,1,0,0,0.10233422195561387,normal
31.289223806051652,52.336278617469205,0,16.026304643065462,21,1,0,0,0.13714729179267648,normal
44.93902350377149,68.10298004579094,0,46.035758028911886,10,2,0,0,0.13522902214336446,normal
31.933296933794335,101.53784696128848,0,54.18462404949097,13,1,0,0,0.13636754105373033,normal
24.77264150969901,7.725435706967318,1,20.20230529139753,6,3,0,0,0.06727674277203499,normal
35.92066876158288,80.82845654721667,0,44.41371932841662,10,1,0,0,0.1680032227545759,normal
44.18933988168154,96.26716287285932,0,48.02562713571048,16,1,0,0,0.14581826274819998,normal
33.65167003481134,64.97126258905483,0,21.438077284818636,4,1,0,0,0.16442637564055768,normal
40.859837830000025,63.05277454603156,2,46.85664643110727,15,2,0,0,0.057989899466197425,normal
31.81568707566293,49.64193547535821,1,16.932172539064617,6,1,0,0,0.1369435626839196,normal
38.606358983203165,105.83941491056824,1,48.73411474352763,15,1,0,0,0.11387264192382363,normal
42.62043131040106,50.78990191007115,1,37.52636481260425,13,1,0,0,0.1278382257814762,normal
34.38048015299265,61.7495635563307,0,20.0480061390779,21,1,0,0,0.14351741059850864,normal
23.51271928552802,51.24941956320212,0,20.792905669274592,3,1,0,0,0.16217599996981025,normal
31.415349387291712,87.12113157259836,1,52.38764753173913,16,1,0,0,0.1272051305285926,normal
41.889831229332,91.76790890713458,0,37.54336753678755,16,1,0,0,0.15861241656489183,normal
42.30525532989677,71.64898231512846,0,45.017755774480456,12,1,0,0,0.1649576036620301,normal
49.58438375932974,81.7343118563215,0,39.16495658410019,12,1,0,0,0.13975779949731165,normal
21.76416991322038,32.12421299573985,1,19.585500625516087,5,1,0,0,0.13125483430135154,normal
26.097966697871563,61.90902681365765,0,34.37490541563207,1,1,0,0,0.13317166986520268,normal
42.59330014455552,81.37220008966352,0,36.84737943477435,9,1,0,0,0.16382461207439447,normal
33.83602405450589,30.12750416446048,0,10.67307995932084,0,1,0,0,0.08750717381386536,normal
41.02519262876765,89.58435221319118,1,49.96166842501913,12,1,0,0,0.13337097512480167,normal
34.196433478015464,39.03780311586871,0,0.072644215657899,6,2,0,0,0.10015882324073444,normal
46.44179049915863,104.37995463612792,0,28.160831495191765,15,1,0,0,0.11672500481452874,normal
21.79145997493406,65.25246333519277,0,12.156572963313907,7,3,0,0,0.10555049862722743,normal
44.97489421035725,73.86626697620021,0,30.16505250424738,14,4,0,0,0.07191129794772982,normal
30.81261937408812,66.58389717934227,1,34.29035979165137,8,1,0,0,0.14521679248578628,normal
23.306556448460626,48.54875892004468,0,26.38980921701516,5,1,0,0,0.16731702392576814,normal
31.62526478684509,65.1626822301052,0,39.35692786280904,16,1,0,0,0.1697596491144991,normal
33.4167658656166,60.4881865800798,0,22.181551191058237,2,2,0,0,0.1371608242902036,normal
22.205621478578458,62.77114905143981,0,34.32720704893123,0,2,0,0,0.08408366361617808,normal
23.033161240740863,66.41250253422697,0,20.017905561476287,7,1,0,0,0.1681079689491483,normal
20.300480245982577,32.09936347185027,1,21.615274349714785,2,1,0,0,0.1142889295785201,normal
26.232918565360123,63.57124704888236,0,24.42983483852053,19,1,0,0,0.16329053486513173,normal
27.7153768853755,72.3846203242492,0,30.582225046302,16,1,0,0,0.1633223424066516,normal
48.34386157569975,86.05832142110928,0,45.67125217032801,15,1,0,0,0.13266720463880838,normal
39.72648390186701,68.66808797910677,0,45.89677647344975,15,1,0,0,0.1627927525717352,normal
27.84083139421137,59.14863683981966,0,22.01268061038534,4,1,0,0,0.169907171084497,normal
31.183483513744346,55.731757558887765,0,29.02586555498729,20,1,0,0,0.1583224463054556,normal
22.1355357628432,61.13432761367456,0,18.301611140435327,21,1,0,0,0.14251726940155307,normal
44.22095288935015,731.4880052019147,0,25.545500938673023,10,1,1,1,-0.03678362971733451,data_exfiltration
23.886046140017097,53.57748388509581,0,18.43765273744533,1,2,0,0,0.1293292509141748,normal
45.8707468339993,78.49110341932689,0,40.70554131122368,9,1,0,0,0.15316674347274295,normal
40.839892577928126,71.83064915992554,0,41.6160043905968,16,1,0,0,0.1657165017521956,normal
22.851823721518084,49.62953535372512,0,22.146846596983256,4,2,0,0,0.1496522584715254,normal
41.63010150700018,98.06001695128477,0,44.56335614692335,13,1,0,0,0.15424771024825207,normal
34.369067180361114,61.35956335662121,2,21.471741753281883,23,1,0,0,0.04459959281839576,normal
29.162236675217112,26.41586330413132,0,14.756983450615753,23,2,0,0,0.0835056464154898,normal
38.37211013159022,76.62620690666972,2,38.47156752874032,12,1,0,0,0.10386942132992161,normal
91.98636197914811,37.87919856364944,1,10.432342877073976,3,1,1,1,-0.058570794929528214,crypto_mining
23.76033232182372,70.07779262871908,0,19.72756000509226,2,2,0,0,0.13073142748796868,normal
25.01069824662765,35.13953735695652,0,30.051901501065693,4,2,0,0,0.13909712788431278,normal
35.979308797274605,110.77264196128372,1,34.31002741445036,15,1,0,0,0.11346733716616508,normal
36.68666173431417,94.92303040681908,0,49.09020593264608,14,1,0,0,0.15746241417050166,normal
24.59633521051879,42.14471700984658,0,20.33420275431648,19,1,0,0,0.15401710258809215,normal
19.983627087399853,62.61622307909624,1,19.595102441033852,22,1,0,0,0.10473220180044934,normal
36.418167832593305,75.59461211441557,1,35.448434407732144,14,1,0,0,0.15010414598133753,normal
50.1743372668652,74.13667599241417,1,44.21630625580752,9,2,0,0,0.07734822441443795,normal
43.01646884494489,527.0139261578818,0,43.656233260402026,10,1,1,1,-0.0013659647304502531,data_exfiltration
45.17652755171612,108.91923770363124,0,41.81522732810759,13,2,0,0,0.1151473773448159,normal
30.97249114269685,41.92210319647282,1,6.102401409425594,8,1,0,0,0.11699407964383196,normal
41.71519234434943,82.6654706868536,0,33.03332490312804,14,2,0,0,0.15033565642388963,normal
29.305253534775773,49.28211608520864,0,27.091804493414006,7,1,0,0,0.1719661930350989,normal
41.721735125810255,77.82971358886485,0,36.74273319225101,11,1,0,0,0.16886850887708627,normal
27.254188110074036,46.172192427285744,0,14.514407623962114,0,1,0,0,0.12459820193736126,normal
40.63858136615138,79.88488904473245,0,46.71425704035662,11,1,0,0,0.16257346652417382,normal
21.034994585139124,26.165155962833367,0,13.64010430632333,6,2,0,0,0.11533219026867131,normal
42.10887940211321,85.01413199114782,0,55.53970848883598,12,1,0,0,0.15190747465592386,normal
37.42691244636356,88.1429558053733,1,40.44484902216411,15,1,0,0,0.14615277856129805,normal
23.645342197080787,59.06146139533351,0,19.22393896283325,0,1,0,0,0.1181354647965353,normal
30.644627127929297,34.37820572337772,1,22.689957626418096,19,1,0,0,0.12065643064643516,normal
25.88653544440077,31.82347688765953,0,18.957170926190607,6,1,0,0,0.1608103168415081,normal
43.03202288588409,76.94174796530218,0,47.51841942297107,11,4,0,0,0.08903241556752872,normal
20.588179235908285,48.19248412665013,0,52.124620700551056,5,1,0,0,0.11991904503228118,normal
33.957715736522964,37.99489051946075,1,15.583335308366642,5,2,0,0,0.10480325743177887,normal
51.54067476894972,65.94489528130839,0,42.94624664911244,18,1,0,0,0.11234053714441394,normal
29.738989644060247,50.324226251403736,0,44.02346312633672,12,1,0,0,0.1585528571030651,normal
29.389507446171564,76.8006737992108,0,33.02394314617213,11,2,0,0,0.1578784146687674,normal
18.47350794787799,28.91484788443997,0,12.706125480838184,4,1,0,0,0.12573524601159608,normal
43.0301265296426,90.98327109636492,1,35.250532569412115,12,1,0,0,0.137753349711971,normal
24.80383151143544,41.875688550362185,0,30.037671666071518,7,1,0,0,0.16386045908955182,normal
21.614260883685883,51.09202691543464,0,14.777899927941846,19,3,0,0,0.09310043783192423,normal
25.45416964003056,53.368992150623896,0,10.4214948834557,8,1,0,0,0.1572409425491555,normal
27.507407780866075,70.18152587606404,0,55.13505049714023,18,2,0,0,0.11788678911062639,normal
39.096315912220405,72.56526870680989,0,37.51459269034196,14,1,0,0,0.17247293130200253,normal
28.713317788138923,47.71250482535121,0,17.420825371764774,21,1,0,0,0.1470386254979184,normal
24.685573296535186,41.81578765506871,1,0.0,23,1,0,0,0.0718779315223868,normal
21.38672763782932,52.79139531313903,0,203.6178549349694,1,15,1,1,-0.156805295289851,credential_stuffing
17.90044892400535,43.66256156851349,0,16.51743441144232,7,2,0,0,0.13206502517585222,normal
44.38600376071289,88.35544433731704,0,35.75150899211934,11,1,0,0,0.15179556711969483,normal
23.6478910897348,54.34176609275988,0,29.164616193895576,5,1,0,0,0.1652575114574561,normal
29.407674477820155,78.51691061510776,0,49.65239625451652,13,1,0,0,0.1604068665977162,normal
36.39745860556777,78.61751283767785,0,38.93739280697648,13,1,0,0,0.1781270008964566,normal
19.691183715838594,68.80602179329603,1,2.7923044640064134,22,3,0,0,0.03660403156057501,normal
19.112044380895213,70.83200155429365,1,24.666173277251914,0,3,0,0,0.04390375429373389,normal
29.32887594254406,29.190702298537005,0,7.671177559340506,5,1,0,0,0.1346543247883199,normal
39.42272642775653,86.68465256735149,0,55.28824750493197,13,1,0,0,0.15170650907096384,normal
41.98510782769347,33.76156737285144,0,57.7769677998572,11,1,0,0,0.11655970351114547,normal
38.72653414096042,94.2732811711863,1,36.01928333549675,11,3,0,0,0.09064193560600786,normal
20.346360372385654,44.07980437009245,0,27.122593500529728,5,3,0,0,0.11790914068176184,normal
24.340815261388386,70.51476955903959,0,23.12979064386435,3,1,0,0,0.1546616888801005,normal
19.24732926287935,67.59341417947218,28,19.56652052515348,2,1,1,1,-0.06364856821287757,brute_force_login
26.927748824544327,63.49744244199436,2,33.534001803798255,1,1,0,0,0.06536744537098782,normal
19.72915719194764,63.72758226077934,0,176.35085925040056,3,12,1,1,-0.1418970345729016,credential_stuffing
19.966643955845583,72.67510121278147,0,7.258686643076631,4,2,0,0,0.11000729355536493,normal
39.3184713182737,103.62401470683588,0,54.93221653473745,17,2,0,0,0.11039438114718292,normal
25.08465013751875,47.7287589802036,1,21.698117696040203,8,1,0,0,0.1446668789268829,normal
21.46532720331324,35.84441852854886,0,11.177482186191112,3,2,0,0,0.11960769194356474,normal
25.80577898348676,46.38027644382907,0,19.40744154835184,6,1,0,0,0.1694829218145656,normal
24.21914167379389,80.90634047667048,0,22.71068108213609,5,1,0,0,0.15994087239900662,normal
42.65390120898691,110.52123737228884,0,45.76343244401168,17,1,0,0,0.1283498164340065,normal
39.76894918299576,96.12531821766363,1,51.70882393834976,17,1,0,0,0.11513025229137752,normal
23.811641420686563,55.728825050045145,1,30.07468158655512,23,1,0,0,0.09648008935931435,normal
27.42989026576573,50.0919717565284,0,16.753984985850796,4,1,0,0,0.16198688958720048,normal
25.699471072074783,35.37673543041438,0,21.14708587267981,4,2,0,0,0.1478617714342692,normal
47.13409918664531,74.20257664515815,1,35.17084728556756,14,1,0,0,0.11918618641946849,normal
14.474290883065006,58.61121923159803,1,26.56594931410661,19,1,0,0,0.0886952785390997,normal
24.356187135974626,46.36000307859316,1,14.454320397675392,7,4,0,0,0.055340374960801075,normal
22.5220130671394,75.23971391019946,0,28.78158296287492,22,1,0,0,0.13220006541301116,normal
18.62563883111872,57.64830871881792,1,14.024463281597626,3,1,0,0,0.1223270605440549,normal
95.01518974150945,58.662754319108174,0,19.820583480676284,20,1,1,1,-0.026976266303990304,crypto_mining
11.689913439693512,30.90116822289711,1,20.869732173339678,1,3,0,0,0.03364125203712698,normal
38.07791615083408,60.02130334413371,0,50.015393263462215,16,3,0,0,0.11320102147015576,normal
27.634900802202505,75.82946432198264,2,26.73960013340776,3,1,0,0,0.09312992760044525,normal
22.476128063407845,53.011078111375845,1,29.66864727234409,1,1,0,0,0.1160801953893364,normal
18.139966053496835,50.462730005802605,0,15.345436766226245,5,1,0,0,0.14953656491720874,normal
30.59314938556231,40.71516795728476,0,28.734997320524897,1,1,0,0,0.13778099025609963,normal
25.757875087521995,45.272119101148334,0,16.247360840280958,0,1,0,0,0.12654274976803093,normal
28.98187808219705,64.26532004267231,1,25.70320438075061,2,2,0,0,0.11595768912433124,normal
31.90999349828485,41.22189654644598,1,20.39316649138781,6,1,0,0,0.14015074608607325,normal
45.15070669993999,54.92041292311172,0,48.41372364369592,18,1,0,0,0.13730922102663223,normal
19.22409392848614,78.36260630058749,0,29.71867337758317,5,1,0,0,0.14671975350099914,normal
16.105619278025387,50.65460198698607,0,11.025179596373553,1,3,0,0,0.07340019232711065,normal
19.379228590243702,50.63058555495846,0,22.095480092748456,21,2,0,0,0.11834003464801385,normal
9.676473190588272,45.90271630220148,1,16.238384599053596,22,2,0,0,0.02531302524696577,normal
18.23502340628177,62.37052611179146,0,2.907410734943099,23,3,0,0,0.03399425996092387,normal
43.10931370267247,106.42252840238004,0,47.96717598011414,16,1,0,0,0.13663746880859318,normal
24.659268424682335,74.08535161731265,2,23.71017201761217,19,1,0,0,0.08175300139406605,normal
30.671870627415192,53.29805213560918,0,25.766420420002667,7,2,0,0,0.15261989848180446,normal
28.67481276408161,48.60109001687353,1,7.369095714807148,20,1,0,0,0.11664316866787228,normal
34.86942715354477,106.95524774746931,1,40.93729667224225,10,1,0,0,0.1282224092800422,normal
38.74565543554445,35.414974942757176,1,23.278440374407708,19,1,0,0,0.11019606912556945,normal
41.86665994685917,94.93932392339607,0,45.72682868303325,18,2,0,0,0.13044953186590696,normal
15.878279246556342,30.689321102969817,0,19.31662419410296,2,1,0,0,0.11996148497820858,normal
26.99656287182206,39.839566569173456,1,14.343853777547874,5,2,0,0,0.1166152833720121,normal
30.697324812647945,51.67972898931887,0,26.42452190628947,22,2,0,0,0.13090409164690536,normal
46.93604001670676,83.00141088692591,0,35.7637932186987,13,4,0,0,0.06576870717659689,normal
13.197581778477089,801.9483234444342,0,4.256335091916927,3,1,1,1,-0.06404587273144013,data_exfiltration
38.89058718134206,48.735025679858,0,49.21213333668976,11,1,0,0,0.14839440307292456,normal
44.71480095190499,44.8628249350198,0,37.19482549003058,16,2,0,0,0.13097702178900777,normal
38.28597965533958,48.10210925707025,0,17.069645794478983,21,1,0,0,0.12657654502500304,normal
30.236902499070005,49.75003800053085,2,19.45705767172626,20,2,0,0,0.057630455895019306,normal
11.833705181079852,66.54624917440051,0,20.36214114676317,19,2,0,0,0.08710919286717905,normal
31.59390014465179,24.71761410697134,0,16.848483085922226,19,1,0,0,0.13384223465949774,normal
41.346037940668495,70.92978724808884,0,33.08635634321554,11,2,0,0,0.1475269634792447,normal
25.57206519664785,65.58090589163274,0,11.628983525792352,20,1,0,0,0.14494409615524256,normal
26.546515240856504,48.82836484830816,1,21.42609433405301,1,1,0,0,0.13186008427375862,normal
36.80713665896139,52.5252315692956,1,31.306854419654144,17,1,0,0,0.129167826691036,normal
19.57410024937355,50.46210702496925,0,18.03284581607804,8,1,0,0,0.15681242165147957,normal
26.080426226175888,66.36541863787215,0,234.2349743513969,5,17,1,1,-0.15505830523515185,credential_stuffing
41.91979114687098,94.03959738898426,0,51.50978790098373,18,1,0,0,0.1350785064889954,normal
28.828306608644542,47.97514658034408,0,3.735396006279888,7,1,0,0,0.14762760827021287,normal
33.105113984194034,54.72064913586139,0,17.84624983146588,8,1,0,0,0.161194834463531,normal
31.88280466621577,107.4570271249816,1,46.081827400159625,18,1,0,0,0.10603995696100732,normal
35.24397885735534,52.09178699043796,0,13.55542992989205,5,1,0,0,0.15101062019260225,normal
38.84017464131218,67.79042306164233,0,51.59139782973238,13,1,0,0,0.1577793910052815,normal
48.66179202081288,58.48128708643476,0,38.50466309643103,17,1,0,0,0.1340740345972155,normal
29.22614096421991,80.96442317881373,0,48.384497419288216,11,1,0,0,0.15974958709319392,normal
15.786567260757366,47.89733105261984,0,25.538176479398523,20,1,0,0,0.1291846151123181,normal
26.833993411855577,10.599728660020824,1,13.269935183372192,6,2,0,0,0.08289063461354546,normal
25.690156474884503,72.57793998318559,1,12.931187013743257,5,1,0,0,0.13284848567760532,normal
24.291200807846323,102.1538303332205,0,60.687648633605946,11,1,0,0,0.0918326755314357,normal
32.56247192484983,50.04428845073038,0,34.55518683348109,9,1,0,0,0.16943485548195236,normal
25.24795379362371,47.70905082529766,0,18.657206597823645,4,1,0,0,0.16512073073339806,normal
35.59910759993032,66.73429676956694,0,42.80255816986244,18,2,0,0,0.15360703624005206,normal
44.4012868810352,103.32444091588648,16,45.44969238643792,1,1,1,1,-0.041982469969305325,brute_force_login
34.235183201049445,54.52895952504532,0,23.18731743450053,1,1,0,0,0.1384635117568248,normal
41.27976224423763,82.70744084117122,0,37.71237383102651,9,1,0,0,0.16702417908221334,normal
16.48980560240181,14.258564718904026,1,15.799739535929184,0,1,0,0,0.03975948984710043,normal
43.649602998065134,62.695109728601466,1,45.28713112029435,12,1,0,0,0.13123796637653723,normal
18.68471684877934,41.57601985434697,1,8.465356782836043,6,2,0,0,0.08415117438968323,normal
21.12656756778763,66.28507863775457,1,20.8370933873002,0,1,0,0,0.08932081549902204,normal
24.56135618794637,19.29249672254793,0,22.428587245016807,5,1,0,0,0.14652535563185803,normal
35.59502880327392,71.99681993923919,0,45.44552363391372,15,1,0,0,0.16868596763793237,normal
11.115735603999369,60.32520555557029,1,10.361771339183605,2,2,0,0,0.04146650459613849,normal
37.63833050780194,67.53676004217304,0,47.252490639475546,14,1,0,0,0.16805505610651766,normal
30.587680714697196,56.50312415708794,1,0.0,0,1,0,0,0.06414306751699322,normal
42.2584571565851,55.47064594892672,0,45.7119767062408,11,1,0,0,0.15462577129985022,normal
22.01396485942576,54.406210275109984,0,24.715745269436336,22,1,0,0,0.1381917383060729,normal
27.541047244132223,45.48171283920227,0,21.13581598083712,0,1,0,0,0.12975817886698887,normal
45.63374306940911,88.26018983937556,0,58.38966028274399,9,1,0,0,0.11517016081246523,normal
54.366171403494704,98.33291270160193,1,39.25143490561971,11,2,0,0,0.057313141135930334,normal
38.45172690633303,98.23810343298472,0,42.61982466998055,12,1,0,0,0.15974304655620464,normal
36.60963715869285,94.97456852867576,1,41.04455177702535,18,1,0,0,0.12637012427868538,normal
39.44233476031848,58.56099680493283,0,41.23272020815299,17,1,0,0,0.16339703031214858,normal
28.116079085447037,51.31036137890396,0,26.458709084221272,6,1,0,0,0.1693706326387951,normal
26.4173418775854,30.181493935044628,0,31.730758339354843,21,1,0,0,0.13515555312990346,normal
19.816702236461403,68.53225654254604,0,36.856971666519264,3,2,0,0,0.1214702103312712,normal
42.92723370922644,80.26143429437153,0,36.30372328366227,12,1,0,0,0.1693362382867608,normal
25.595882889708097,45.39065241987923,0,27.71264722586865,22,1,0,0,0.1483406022524572,normal
43.61912458649406,75.09011637391407,1,33.99504581423211,11,2,0,0,0.11502018488826515,normal
22.763946496288156,55.7903692806284,0,14.048027727193425,20,1,0,0,0.1475383251777277,normal
23.31324709067148,73.17839668827229,0,24.604485766300648,23,2,0,0,0.10862732098774375,normal
19.29961901520324,40.91516549734052,1,18.0845100780748,6,1,0,0,0.12584724447080492,normal
47.90436439380596,83.10016442808674,1,34.87737171022556,16,2,0,0,0.09194954431616209,normal
34.00800191173292,72.80960144025568,0,22.47268795179264,23,2,0,0,0.10687530780174503,normal
23.57133738212768,59.18939566005669,0,14.35086370465092,6,1,0,0,0.1625448958786726,normal
29.79140003866354,41.79068175191941,1,10.196992892975327,0,1,0,0,0.08240965686190116,normal
34.59122867257805,61.09638936045904,1,22.85379560614608,19,1,0,0,0.13240024418433188,normal
15.733396910510535,73.48181989938668,0,25.505527097227063,3,1,0,0,0.12663984889791252,normal
50.90053377745063,88.33981150535209,1,53.59416424985015,14,1,0,0,0.09624276310710811,normal
27.986729856506663,62.78022552362742,1,2.2518674214125056,8,2,0,0,0.09433988856181574,normal
22.316068626047493,38.91891912042608,0,7.879763746362707,3,3,0,0,0.08561246482264456,normal
28.876037122687308,61.7507708623136,1,20.826571441553696,0,1,0,0,0.10374252523878846,normal
40.00540298760569,79.20956343334512,0,11.351454412364747,20,1,0,0,0.10575926035317829,normal
21.46063146122265,63.791126431304704,0,21.155048671873548,20,1,0,0,0.15080384472261787,normal
17.128982605899044,37.00328345071402,0,6.676573234057274,21,1,0,0,0.10119422130159295,normal
97.30345024273868,69.30420929174629,0,13.146823758252271,0,1,1,1,-0.05937032791152541,crypto_mining
42.63147574552603,69.56531824819706,1,50.41404919514608,12,2,0,0,0.104462986255632,normal
28.13285527560361,33.170478200758765,0,13.321739699118869,5,2,0,0,0.13432404546446208,normal
23.894265989003728,63.547513879921645,0,27.31213856452729,19,2,0,0,0.14038076603443772,normal
31.14225727664189,38.462565220367736,0,23.73864658154035,21,2,0,0,0.12981691486453317,normal
42.205062463243614,65.49898205184945,0,40.6866511926404,14,1,0,0,0.16858907958527491,normal
32.1270207928269,67.99413343554966,0,41.99784556704134,14,1,0,0,0.17380004291080747,normal
23.40663692488875,37.94885810311344,1,9.41110680912503,7,1,0,0,0.12617473465026668,normal
33.24607019319649,98.96075255760746,0,31.38585679023468,18,2,0,0,0.14012715323996677,normal
49.45703516644827,77.9154090266734,0,52.585076666538974,13,2,0,0,0.10608736071118963,normal
31.06227587969958,24.55312768330294,0,33.30407039861983,22,1,0,0,0.12030181996378397,normal
51.48418812320072,59.90723114652444,0,42.1570259077584,18,2,0,0,0.09672624326675461,normal
26.40319060605548,27.048036068850024,0,8.168807493172235,20,1,0,0,0.12258946935615045,normal
36.97522795809002,99.37621776098948,0,37.50374235223053,13,1,0,0,0.16139618047071252,normal
46.28027628265458,70.97521356666314,0,50.02740339840053,18,1,0,0,0.13127140550544697,normal
19.21277323053885,42.7012149544902,0,37.41266971440028,8,1,0,0,0.1477604682368659,normal
32.86700498681574,41.16962450796089,0,36.14434133310688,20,1,0,0,0.15282074591813788,normal
15.12760751825865,85.39421388650155,0,21.82909816012469,19,1,0,0,0.11232496272212522,normal
32.893049745640624,59.09224549637704,0,21.550725485721557,20,1,0,0,0.1570600550636696,normal
47.16857717126162,52.34370561811056,0,42.30529870679881,12,2,0,0,0.12130504042438794,normal
44.25013868379612,692.7154719966395,1,55.06161567720385,15,2,1,1,-0.053834889547867415,data_exfiltration
42.961929085858905,76.92061217557229,0,43.29183483622977,16,3,0,0,0.12225313963943613,normal
17.084516832407395,71.2976673105958,0,17.523081204546813,19,1,0,0,0.13254684079628187,normal
41.27694639201981,82.92258228478396,1,36.03925643922544,17,2,0,0,0.12160742796066076,normal
